{"bins": [-1.0, -0.95, -0.9, -0.85, -0.8, -0.75, -0.7, -0.65, -0.6, -0.55, -0.5, -0.45, -0.4, -0.35, -0.3, -0.25, -0.2, -0.15, -0.1, -0.05, 0.0, 0.05, 0.1, 0.15, 0.2, 0.25, 0.3, 0.35, 0.4, 0.45, 0.5, 0.55, 0.6, 0.65, 0.7, 0.75, 0.8, 0.85, 0.9, 0.95, 1.0], "yvals": [31.105699999999974, 36.49388000000005, 41.81375999999997, 44.24290000000006, 47.72641999999996, 53.65459999999995, 55.90748000000007, 60.61603999999995, 64.5046400000001, 67.68293999999995, 69.77314000000001, 72.70038000000001, 75.24749999999993, 75.13080000000002, 75.41346000000001, 76.92742000000001, 78.91571999999998, 83.32668000000002, 82.36584, 83.77883999999999, 84.32294, 83.68387999999999, 81.47128000000002, 84.61847999999998, 79.60712000000002, 77.09444000000002, 78.31478000000001, 73.73135999999994, 73.03288000000002, 70.86830000000002, 68.66723999999994, 64.97698000000008, 60.373419999999946, 57.94986000000007, 53.483339999999956, 49.721339999999955, 47.054580000000065, 41.70463999999996, 38.92022000000005, 31.51201999999997]}