{"bins": [0.0, 0.1570796, 0.3141593, 0.4712389, 0.6283185, 0.7853982, 0.9424778, 1.099557, 1.256637, 1.413717, 1.570796, 1.727876, 1.884956, 2.042035, 2.199115, 2.356194, 2.513274, 2.670354, 2.827433, 2.984513, 3.141593, 3.298672, 3.455752, 3.612832, 3.769911, 3.926991, 4.08407, 4.24115, 4.39823, 4.555309, 4.712389, 4.869469, 5.026548, 5.183628, 5.340708, 5.497787, 5.654867, 5.811946, 5.969026, 6.126106, 6.283185], "yvals": [22.158778097219496, 21.713353157664553, 21.956664009839592, 21.068961214568922, 20.655399774764014, 20.143500492743808, 19.232323566710313, 19.14463330786859, 19.21041507512097, 19.192890201745595, 18.596492233256953, 18.59762541380187, 19.3502059473259, 19.94558186911127, 20.213478568109046, 21.633422459893033, 21.298561242678876, 21.44661603397017, 22.2414502164502, 23.423968678380493, 22.0091036994124, 22.41976063152532, 21.85300483829894, 21.64153069474596, 20.063286223580327, 20.21171512423691, 19.551521517697918, 18.892239623122016, 18.82381476836491, 18.32040361599189, 18.523160173160214, 18.630020562901418, 19.747014260249596, 19.810536032594786, 20.333647400352753, 20.39256429844658, 21.617319947287736, 22.02770562770555, 23.042691622103437, 21.60672018538449]}