{"bins": [0.0, 0.1570796, 0.3141593, 0.4712389, 0.6283185, 0.7853982, 0.9424778, 1.099557, 1.256637, 1.413717, 1.570796, 1.727876, 1.884956, 2.042035, 2.199115, 2.356194, 2.513274, 2.670354, 2.827433, 2.984513, 3.141593, 3.298672, 3.455752, 3.612832, 3.769911, 3.926991, 4.08407, 4.24115, 4.39823, 4.555309, 4.712389, 4.869469, 5.026548, 5.183628, 5.340708, 5.497787, 5.654867, 5.811946, 5.969026, 6.126106, 6.283185], "yvals": [0.015340324268714714, 0.00913800446524917, -0.010304075131334684, -0.029403894585929687, -0.02223094390936575, 0.012758665033524406, -0.03388240454496843, 0.027407537560478718, -0.01891534250063663, -0.023078298181169955, 0.07216087344028525, 0.015240380697733629, -0.05865587379598809, -0.0027158855360325932, -0.021741951502110408, -0.009610943468296404, -0.012598172905525836, -0.004483184894225199, -0.029467099567099548, -0.038836707410236905, -0.06527053266190899, 0.03730549401578811, -0.001077512095747389, -0.008708662520133182, 0.0063787178507766695, 0.034417560590530985, -0.014101534250063613, -0.010322154316271984, 0.0995859408323198, -0.08166412019353214, 0.003022230710466011, 0.010500843524595876, 0.005040995034377398, 0.017421638655462125, -0.03623173689672087, 0.00046627692895339794, -0.016145487302567547, 0.02094604660045829, 0.041085459638400906, 0.017169748979812757]}