{"bins": [[-1.0, -0.95, -0.9, -0.85, -0.8, -0.75, -0.7, -0.65, -0.6, -0.55, -0.5, -0.45, -0.4, -0.35, -0.3, -0.25, -0.2, -0.15, -0.1, -0.05, 0.0, 0.05, 0.1, 0.15, 0.2, 0.25, 0.3, 0.35, 0.4, 0.45, 0.5, 0.55, 0.6, 0.65, 0.7, 0.75, 0.8, 0.85, 0.9, 0.95, 1.0], [0.0, 0.1570796, 0.3141593, 0.4712389, 0.6283185, 0.7853982, 0.9424778, 1.099557, 1.256637, 1.413717, 1.570796, 1.727876, 1.884956, 2.042035, 2.199115, 2.356194, 2.513274, 2.670354, 2.827433, 2.984513, 3.141593, 3.298672, 3.455752, 3.612832, 3.769911, 3.926991, 4.08407, 4.24115, 4.39823, 4.555309, 4.712389, 4.869469, 5.026548, 5.183628, 5.340708, 5.497787, 5.654867, 5.811946, 5.969026, 6.126106, 6.283185]], "zvals": [0.0, 29.595447406634957, 0.0, 64.4488399512094, 0.0, 0.0, 0.0, 0.0, 0.0, 0.0, 0.0, 71.22177234530164, 85.65999274250542, 0.0, 0.0, 29.920129870129824, 0.0, 40.65980812202774, 0.0, 0.0, -16.82278344017977, -14.4286223580341, 0.0, -41.200275020849354, 0.0, 0.0, 0.0, 0.0, 0.0, -124.06265597147967, -359.0005092946274, 0.0, 0.0, 0.0, 0.0, -91.28684746625882, 0.0, 0.0, 0.0, 0.0, 31.917422758906987, 0.0, 126.2628119755845, 86.13519514946574, 0.0, 0.0, 0.0, 0.0, 0.0, 0.0, 0.0, 0.0, 0.0, 130.9928698752229, 125.48414492070889, 0.0, 0.0, 52.36902450359381, 0.0, 2.188274764451243, 0.0, 0.0, -59.20602240896362, 0.0, 0.0, 0.0, 0.0, 0.0, 0.0, -161.41303794245027, 0.0, -163.57361582388458, 0.0, 0.0, -249.76043901476436, 0.0, -78.90107525512674, 0.0, 0.0, 0.0, 0.0, 0.0, 0.0, 80.84359776826518, 115.54850181150064, 0.0, 0.0, 164.28074866310138, 176.9727527374586, 358.3073485316299, 0.0, 0.0, 156.53295475525064, 0.0, 0.0, 0.0, 90.34427043544677, 56.234964571966934, 0.0, 3.2852584670231773, -35.278757822496935, 0.0, 0.0, 0.0, -106.37631779984704, 0.0, 0.0, -326.02431881843694, -176.2235562996957, 0.0, 0.0, -178.60172270004202, 0.0, 0.0, 0.0, -114.74935064935013, 0.0, 0.0, 0.0, 0.0, 0.0, 0.0, 0.0, 90.7487541348464, 0.0, 0.0, 143.21386918191618, 0.0, 0.0, 358.5198530675648, 178.40807231983737, 0.0, 156.23908988470814, 140.53323147440804, 0.0, 0.0, 0.0, 0.0, 84.2617265087854, 0.0, -10.171406744377048, 0.0, 0.0, 0.0, 0.0, 0.0, 0.0, -163.79144385026797, -179.6549506935998, 0.0, 0.0, 0.0, 0.0, -144.43697478991567, -130.70671445578398, 0.0, -80.6222601366195, -122.74699516170078, 0.0, -25.70138592682674, 0.0, 0.0, 0.0, 0.0, 108.61647940504075, 0.0, 139.37707856928225, 318.0544945250823, 172.0357779475426, 0.0, 0.0, 165.72714540361574, 298.0511717034106, 0.0, 0.0, 0.0, 0.0, 0.0, 28.611000763941895, 0.0, 0.0, 0.0, -68.71297428062122, 0.0, 0.0, -128.06969741340373, 0.0, 0.0, 0.0, -175.40017825311966, 0.0, 0.0, 0.0, -141.06200662082952, 0.0, 0.0, 0.0, 0.0, -73.69578558696216, 0.0, 14.179944435814695, 0.0, 59.47478857852955, 0.0, 90.06156747179924, 114.11149506364916, 0.0, 0.0, 0.0, 0.0, 0.0, 0.0, 0.0, 0.0, 0.0, 0.0, 0.0, 56.134467369922106, 0.0, 18.649910873440312, 0.0, 0.0, 0.0, -143.13727487442614, -91.17248535777934, 0.0, -403.01578813343343, -310.0970206264328, 0.0, -332.9144385026743, 0.0, 0.0, 0.0, 0.0, -123.53622062783722, 0.0, -72.40392414008254, -54.41702317290528, 0.0, 0.0, 0.0, 0.0, 92.11743600060107, 145.863116534547, 94.72927437472833, 0.0, 0.0, 143.41851285968943, 151.3371530430357, 156.1635864755951, 151.7034632034635, 0.0, 131.91464167711825, 120.61186656480781, 100.38756294603368, 0.0, 0.0, 0.0, 0.0, 0.0, -17.894371621922755, 0.0, 0.0, 0.0, -187.35230455818703, -106.55771936414207, 0.0, -150.62846956964657, 0.0, -308.90743570155445, 0.0, 0.0, 0.0, -132.26928953399513, 0.0, 0.0, 0.0, 0.0, -68.03404634581129, -4.7320736699368044, 2.445936964443503, 0.0, 0.0, 0.0, 85.14920769520177, 107.34465837702659, 119.80153960549838, 0.0, 137.5686274509804, 0.0, 0.0, 0.0, 123.20899674685994, 0.0, 0.0, 0.0, 204.84377387318534, 40.04447443643005, 0.0, 0.0, 0.0, 0.0, -49.3758085052202, 0.0, -76.91679399032328, -108.15159251077506, 0.0, -125.94032340208828, 0.0, -142.03577794754284, 0.0, -145.68605606096244, 0.0, -121.86949325184565, -109.2268731020699, -76.26563534504677, -135.38066832612918, -39.95614973262014, -45.868551056786416, -15.433749896548905, 0.0, 53.525808872820704, 45.32347930603343, 0.0, 0.0, 0.0, 103.60783604703892, 0.0, 129.99236058059614, 0.0, 128.9595110771584, 0.0, 340.74637602735027, 0.0, 195.03294520591578, 134.34377387318574, 57.34452508276042, 81.95907791620789, 23.55562770562772, 0.0, -10.374172231806941, -34.3021263050675, 0.0, 0.0, -72.55183346065704, -268.9698813972599, 0.0, 0.0, 0.0, -137.41787624140613, -137.24611662847005, 0.0, 0.0, 0.0, 0.0, -82.61695951107698, -127.8256164095779, -37.08696205755021, 0.0, -10.87382017965487, 1.7589336871242336, 46.854329362737495, 0.0, 0.0, 136.15763208103894, 177.00108734679728, 105.21492342716286, 0.0, 223.71084797555383, 0.0, 0.0, 0.0, 101.40345940577677, 0.0, 0.0, 68.78179271708673, 56.11730328495026, 0.0, 43.19215686274503, 0.0, 0.0, 0.0, 0.0, 0.0, 0.0, -82.58058683847, -96.78910109498302, 0.0, 0.0, -117.14863763687309, -123.80602240896374, 0.0, 0.0, -91.05058568882059, 0.0, -61.60716832187393, 0.0, -42.8839317545198, -15.719111280876007, -20.19930098867453, 0.0, 24.07226395263043, 40.41757172796468, 49.15628764015188, 60.05425271374977, 81.28775474345493, 187.71078538724433, 0.0, 0.0, 106.79045575793063, 0.0, 0.0, 0.0, 0.0, 0.0, 54.542538833715284, 47.750178253119415, 34.424754422933695, 0.0, 14.471568627451017, 0.0, 0.0, -38.80429080723197, 0.0, -64.35370511841099, 0.0, 0.0, 0.0, 0.0, -111.77992105933309, 0.0, 0.0, 0.0, -90.57503183091389, 0.0, 0.0, -46.62181450098373, -61.81047873694912, -20.94345556404385, -3.8376600309398583, 7.142839681282612, 18.864792840831768, 27.72564992526082, 0.0, 0.0, 69.04536298793734, 71.87627642615963, 0.0, 0.0, 0.0, 92.20401069518725, 94.66431117901702, 0.0, 76.55133689839569, 0.0, 0.0, 0.0, 90.89313020836653, 31.46993888464475, 29.5412783295137, -11.230043481305591, 0.0, 0.0, -44.699406031360034, 0.0, -61.23924904029203, 0.0, 0.0, 0.0, -101.53831168831194, -94.09770817417899, 0.0, -173.9913419913424, -77.27044817927145, -76.45225650787208, -60.429093455563844, -128.21510195506764, -27.0968296409472, -62.253310415075276, -1.122611806797857, 0.0, 11.41435207732125, 0.0, 0.0, 0.0, 118.16108520775444, 144.27384402263317, 80.70979118920283, 0.0, 163.3878494260846, 0.0, 0.0, 73.00060479121976, 0.0, 0.0, 92.20409982174674, 0.0, 0.0, 11.141850012732348, 0.0, -3.727698801240138, -13.35686274509802, 0.0, -45.50955888438299, 0.0, -58.72974745191923, -75.379628214922, 0.0, -165.60520502422287, -88.53761140819975, -84.64113827349132, -78.45220557808463, -163.24993633817186, -136.4463967405138, -117.66299759993404, 0.0, -88.04660075503428, -54.53759867583373, -41.91531703590533, 0.0, 3.013983992829114, 17.27843890712805, 0.0, 0.0, 41.51535812711636, 52.3412206295407, 0.0, 0.0, 0.0, 0.0, 0.0, 0.0, 0.0, 114.0012732365673, 0.0, 81.50448179271706, 99.74611662846954, 0.0, 0.0, 2.750842882607595, -14.314313179992238, -25.293710211357258, -25.375566590272463, 0.0, -36.49255156608096, -50.98845803703885, 0.0, -210.42004074357067, -144.25238255909412, 0.0, 0.0, 0.0, -63.96851285968949, 0.0, 0.0, -81.76420932009141, -68.3978889603323, -20.315317035905203, 0.0, -3.5534170703913435, 5.170884061329416, 0.0, 0.0, 50.78892485083997, 0.0, 49.02776681376832, 0.0, 0.0, 0.0, 61.012229515084705, 66.55063661828373, 0.0, 0.0, 54.442844410491446, 89.83920193023896, 100.98421186656476, 109.41558441558436, 18.327554924592093, 28.29195314489431, 1.6421517697988326, 0.0, -11.40141711229946, -37.70855614973261, -58.47313772051009, 0.0, 0.0, 0.0, 0.0, 0.0, 0.0, -65.26130634071826, -118.25335022504571, -58.32289279348117, -47.38594346829625, -43.745274670707246, 0.0, 0.0, 0.0, 0.0, 0.0, 0.274662273140497, 17.996609364545524, 0.0, 23.845833577370968, 28.315918606923745, 0.0, 0.0, 46.636809269162185, 0.0, 51.19616244055534, 0.0, 44.000050929462674, 0.0, 81.99257703081228, 63.11683929742362, 55.53218742042269, 24.550152788388075, 16.147199816652773, 0.0, 0.3310649350649359, -11.409478033346282, 0.0, -35.74900687547745, -23.93307825998384, -89.80572956455306, 