{"bins": [-1.0, -0.95, -0.9, -0.85, -0.8, -0.75, -0.7, -0.65, -0.6, -0.55, -0.5, -0.45, -0.4, -0.35, -0.3, -0.25, -0.2, -0.15, -0.1, -0.05, 0.0, 0.05, 0.1, 0.15, 0.2, 0.25, 0.3, 0.35, 0.4, 0.45, 0.5, 0.55, 0.6, 0.65, 0.7, 0.75, 0.8, 0.85, 0.9, 0.95, 1.0], "yvals": [-74.78149999999994, -55.80616000000008, -49.29769999999996, -40.31808000000005, -21.694919999999982, -18.336613999999983, -12.692026000000018, -5.794825999999994, 0.25176820000000033, 5.443025999999995, 8.325354000000003, 18.903388000000007, 23.06511999999998, 23.831400000000006, 26.574060000000006, 35.102520000000005, 28.78261999999999, 27.354080000000007, 24.3841, 36.35388, 27.031879999999997, 30.83126, 39.32482000000001, 25.423839999999995, 28.162680000000005, 32.29922000000001, 18.247070000000004, 20.82699999999998, 19.143692000000005, 10.803628000000003, 6.884567999999994, 0.46573400000000065, -4.043495999999996, -10.354572000000013, -19.081459999999982, -29.141679999999976, -44.18872000000006, -42.14739999999996, -53.47634000000007, -54.58723999999995]}