{"bins": [[-1.0, -0.95, -0.9, -0.85, -0.8, -0.75, -0.7, -0.65, -0.6, -0.55, -0.5, -0.45, -0.4, -0.35, -0.3, -0.25, -0.2, -0.15, -0.1, -0.05, 0.0, 0.05, 0.1, 0.15, 0.2, 0.25, 0.3, 0.35, 0.4, 0.45, 0.5, 0.55, 0.6, 0.65, 0.7, 0.75, 0.8, 0.85, 0.9, 0.95, 1.0], [0.0, 0.1570796, 0.3141593, 0.4712389, 0.6283185, 0.7853982, 0.9424778, 1.099557, 1.256637, 1.413717, 1.570796, 1.727876, 1.884956, 2.042035, 2.199115, 2.356194, 2.513274, 2.670354, 2.827433, 2.984513, 3.141593, 3.298672, 3.455752, 3.612832, 3.769911, 3.926991, 4.08407, 4.24115, 4.39823, 4.555309, 4.712389, 4.869469, 5.026548, 5.183628, 5.340708, 5.497787, 5.654867, 5.811946, 5.969026, 6.126106, 6.283185]], "zvals": [0.0, 173324.3697307799, 0.0, 158035.16179058247, 0.0, 0.0, 0.0, 0.0, 0.0, 0.0, 0.0, 181506.11153552303, 177189.69435761633, 0.0, 0.0, 185265.34250063635, 0.0, 159246.87577588338, 0.0, 0.0, 160105.9339567987, 183326.58517952607, 0.0, 177180.01769810086, 0.0, 0.0, 0.0, 0.0, 0.0, 169200.40743570178, 508050.80213903816, 0.0, 0.0, 0.0, 0.0, 153171.25031830848, 0.0, 0.0, 0.0, 0.0, 250056.91381949058, 0.0, 251504.20551109145, 130834.68508959808, 0.0, 0.0, 0.0, 0.0, 0.0, 0.0, 0.0, 0.0, 0.0, 149651.89712248545, 141905.1560043038, 0.0, 0.0, 121768.75330247855, 0.0, 118998.86681945548, 0.0, 0.0, 144806.46804176224, 0.0, 0.0, 0.0, 0.0, 0.0, 0.0, 148770.05347593635, 0.0, 143882.8869549715, 0.0, 0.0, 280572.1961560756, 0.0, 137395.45069678375, 0.0, 0.0, 0.0, 0.0, 0.0, 0.0, 113374.5565942362, 105486.74335385146, 0.0, 0.0, 116216.15737203955, 116515.67354214411, 243191.64242196555, 0.0, 0.0, 118398.0799470331, 0.0, 0.0, 0.0, 114064.8841354722, 105348.00960026476, 0.0, 111166.85765215193, 223428.08395775358, 0.0, 0.0, 0.0, 108802.38095238079, 0.0, 0.0, 232739.75044563314, 119749.42544834084, 0.0, 0.0, 119210.90661386904, 0.0, 0.0, 0.0, 108641.8767506998, 0.0, 0.0, 0.0, 0.0, 0.0, 0.0, 0.0, 99043.08388867823, 0.0, 0.0, 94043.33610051511, 0.0, 0.0, 207577.8429961994, 109750.29284441071, 0.0, 104279.98650360676, 103916.65393430105, 0.0, 0.0, 0.0, 0.0, 175089.12655971493, 0.0, 184760.27985917943, 0.0, 0.0, 0.0, 0.0, 0.0, 0.0, 107284.33919022193, 109829.90724412542, 0.0, 0.0, 0.0, 0.0, 96568.51285968913, 96436.53193615994, 0.0, 89600.6850056345, 198190.85816144594, 0.0, 182151.40152407467, 0.0, 0.0, 0.0, 0.0, 87384.13684263456, 0.0, 90946.36336319512, 180843.64654952864, 95182.93862999743, 0.0, 0.0, 94358.1614463966, 168400.99567733446, 0.0, 0.0, 0.0, 0.0, 0.0, 79945.33995416337, 0.0, 0.0, 0.0, 83409.01451489673, 0.0, 0.0, 88907.50514072555, 0.0, 0.0, 0.0, 89591.41838553615, 0.0, 0.0, 0.0, 85737.31856378878, 0.0, 0.0, 0.0, 0.0, 155145.40361599205, 0.0, 66815.00334862064, 0.0, 68432.18342801987, 0.0, 72897.5163563464, 78632.89695160917, 0.0, 0.0, 0.0, 0.0, 0.0, 0.0, 0.0, 0.0, 0.0, 0.0, 0.0, 73179.5211326784, 0.0, 134297.0460911639, 0.0, 0.0, 0.0, 142977.35534348947, 72581.92004074345, 0.0, 230319.45505474816, 160692.76801629763, 0.0, 162470.33358798086, 0.0, 0.0, 0.0, 0.0, 77201.5864628628, 0.0, 75798.840074103, 69332.68398268368, 0.0, 0.0, 0.0, 0.0, 126034.08717618343, 130654.26700857417, 65431.90495016231, 0.0, 0.0, 72273.77132671255, 71849.19786096271, 72933.708516097, 70335.47237076663, 0.0, 66154.92841181844, 67505.76776165016, 65137.9242292096, 0.0, 0.0, 0.0, 0.0, 0.0, 61746.59884516717, 0.0, 0.0, 0.0, 131610.38961038968, 67260.60135345938, 0.0, 75641.43111790197, 0.0, 143565.57168321926, 0.0, 0.0, 0.0, 71431.51260504186, 0.0, 0.0, 0.0, 0.0, 123601.74433409772, 58379.51603970002, 54308.8981637335, 0.0, 0.0, 0.0, 60389.29282396127, 64310.40058670885, 62041.72162832507, 0.0, 64298.96867838043, 0.0, 0.0, 0.0, 60015.35533075717, 0.0, 0.0, 0.0, 164505.2202699259, 57504.453173243994, 0.0, 0.0, 0.0, 0.0, 54628.023936847385, 0.0, 57102.52100840327, 62761.83321768041, 0.0, 61611.48459383762, 0.0, 64919.46778711493, 0.0, 67405.0127642776, 0.0, 62948.93048128314, 62307.7177725859, 56903.09396485842, 119814.60284315562, 53820.613700025235, 109959.39648586721, 56792.35289249371, 0.0, 98259.4313587308, 50845.58402236833, 0.0, 0.0, 0.0, 55635.69205852856, 0.0, 59628.113063407305, 0.0, 58156.56990068767, 0.0, 169864.46310455297, 0.0, 112338.78494260866, 99893.36643748415, 50586.2999745353, 96901.08798757328, 47604.507257448466, 0.0, 50349.84943881749, 50625.324675324715, 0.0, 0.0, 54261.96842373317, 164381.48956894374, 0.0, 0.0, 0.0, 62010.835243188405, 62122.9182582126, 0.0, 0.0, 0.0, 0.0, 54086.312706900826, 107856.26340885845, 52549.18512859678, 0.0, 50464.72157322134, 44646.752347217545, 91673.00421378441, 0.0, 0.0, 99428.74859068346, 104201.23300543155, 53819.75462059903, 0.0, 106263.82734912145, 0.0, 0.0, 0.0, 50996.14843486402, 0.0, 0.0, 48078.202189966825, 46756.74815380691, 0.0, 89561.4336643747, 0.0, 0.0, 0.0, 0.0, 0.0, 0.0, 51520.483323678, 53706.8627450978, 0.0, 0.0, 53828.83880825065, 56166.42475171894, 0.0, 0.0, 50511.06442577009, 0.0, 47627.20906544415, 0.0, 47217.59612936062, 44959.880315762726, 91547.95994372279, 0.0, 41730.000757577225, 44722.33186231694, 45083.80464426954, 44525.587965854276, 48873.99764195988, 100028.87715241748, 0.0, 0.0, 50063.318457591355, 0.0, 0.0, 0.0, 0.0, 0.0, 43293.799337916964, 41702.02444614207, 43669.98771318892, 0.0, 82189.9923605808, 0.0, 0.0, 41998.20473644001, 0.0, 46940.32340208809, 0.0, 0.0, 0.0, 0.0, 51885.48510313229, 0.0, 0.0, 0.0, 49595.123503946874, 0.0, 0.0, 42464.365064712794, 83318.81843646521, 40922.447160682554, 43532.42635871137, 79231.79076086266, 40037.22950833241, 38938.52543551168, 0.0, 0.0, 43834.37441908434, 43488.342186616734, 0.0, 0.0, 0.0, 45988.1334351923, 47319.73516679397, 0.0, 43659.218232747626, 0.0, 0.0, 0.0, 118016.6922376639, 77197.05882352938, 155487.26763432682, 38142.56520604283, 0.0, 0.0, 41188.11553422165, 0.0, 42370.18315624636, 0.0, 0.0, 0.0, 48750.08912655983, 46830.51948051959, 0.0, 92481.21976063175, 43958.07231983688, 45181.77477574993, 42830.086580086434, 121350.46696248425, 40779.271708683336, 116275.92309651161, 38089.85287657815, 0.0, 36532.23172695133, 0.0, 0.0, 0.0, 81439.7159147336, 85538.62000825061, 44160.504201680604, 0.0, 87479.8158888201, 0.0, 0.0, 41803.85665811473, 0.0, 0.0, 75950.6620830149, 0.0, 0.0, 35071.59409218227, 0.0, 35971.39019219625, 36808.454290807174, 0.0, 39955.920269418544, 0.0, 40600.283933562176, 43838.489941430926, 0.0, 88942.59576391465, 45580.08658008664, 44552.85204991093, 43246.824846096395, 88661.01349630774, 83221.03386809233, 80196.21973656585, 0.0, 78776.5264612076, 74633.84262795995, 75509.14183855371, 0.0, 34809.676113257236, 35102.740837931335, 0.0, 0.0, 37616.8531006871, 38864.02817425052, 0.0, 0.0, 0.0, 0.0, 0.0, 0.0, 0.0, 77221.3012477718, 0.0, 73094.86885663353, 107410.93710211353, 0.0, 0.0, 34382.58212375868, 103661.30418451867, 70151.99898141071, 34996.256684491964, 0.0, 36206.684491978594, 38799.82683872459, 0.0, 125788.24802648363, 84372.22034772292, 0.0, 0.0, 0.0, 40387.05118411011, 0.0, 0.0, 73829.23351158621, 72710.80157118417, 34881.703590527, 0.0, 33722.878296908035, 32693.65340884495, 0.0, 0.0, 68646.10044843507, 0.0, 38017.170912072615, 0.0, 0.0, 0.0, 39911.2166489473, 40989.12655971484, 0.0, 0.0, 38122.230710465985, 72908.99483699289, 103348.71403106692, 135549.52890247002, 32510.596578791577, 65342.526101349606, 64600.30557677632, 0.0, 32659.19276801628, 66591.44385026734, 69388.11680746634, 0.0, 0.0, 0.0, 0.0, 0.0, 0.0, 40868.06722689085, 79359.73618370356, 39348.28113063417, 37247.93735676076, 36606.33184575926, 0.0, 0.0, 0.0, 0.0, 0.0, 31430.09022177292, 64035.88751442742, 0.0, 33638.27002360587, 34169.64763747321, 0.0, 0.0, 37653.87063916474, 0.0, 38567.38329121012, 0.0, 37126.279602750175, 0.0, 71560.98803157623, 67904.79949579515, 66395.62006620827, 32689.33027756556, 31361.77337518065, 0.0, 31508.085052202776, 92796.05803449223, 0.0, 64595.734657499335, 33395.78174039815, 103325.96129360831, 35667.78499990462, 73433.65164247493, 75240.42526101369, 0.0, 0.0, 39376.559714795105, 0.0, 0.0, 36291.100076394076, 70051.80832574714, 0.0, 0.0, 96302.24089635823, 0.0, 