{"bins": [-1.0, -0.95, -0.9, -0.85, -0.8, -0.75, -0.7, -0.65, -0.6, -0.55, -0.5, -0.45, -0.4, -0.35, -0.3, -0.25, -0.2, -0.15, -0.1, -0.05, 0.0, 0.05, 0.1, 0.15, 0.2, 0.25, 0.3, 0.35, 0.4, 0.45, 0.5, 0.55, 0.6, 0.65, 0.7, 0.75, 0.8, 0.85, 0.9, 0.95, 1.0], "yvals": [-0.030812299999999973, 0.41060840000000054, -0.3825153999999997, 0.19297670000000025, -0.6000149999999994, 0.28617379999999976, -0.5277212000000007, 0.4364061999999996, 0.5984708000000007, 0.5805647999999994, 1.4417112000000005, 2.4793460000000005, -1.7525383999999984, 1.5193116000000004, 0.8789988000000002, 1.1990518000000003, 0.2665203999999999, -0.4192456000000001, 0.716247, -0.0741857, -0.09177548, -0.5252653999999999, -1.1232028000000003, -1.4122239999999995, 0.22063180000000007, -0.7333462000000002, -0.015922920000000004, -0.37871779999999966, 1.1261924000000003, -0.03988034000000001, 0.5105243999999995, 1.2238602000000016, 0.8662465999999993, -0.15688224000000023, -0.2186619999999998, 0.4262389999999996, 0.2983988000000004, 0.10124395999999992, -0.3703338000000005, -0.12315539999999989]}