{"bins": [0.0, 0.1570796, 0.3141593, 0.4712389, 0.6283185, 0.7853982, 0.9424778, 1.099557, 1.256637, 1.413717, 1.570796, 1.727876, 1.884956, 2.042035, 2.199115, 2.356194, 2.513274, 2.670354, 2.827433, 2.984513, 3.141593, 3.298672, 3.455752, 3.612832, 3.769911, 3.926991, 4.08407, 4.24115, 4.39823, 4.555309, 4.712389, 4.869469, 5.026548, 5.183628, 5.340708, 5.497787, 5.654867, 5.811946, 5.969026, 6.126106, 6.283185], "yvals": [2.0441648692764685, 1.8260526344269823, 1.0035962658422861, 0.8382800822003622, 0.2715567956903406, -0.31849820091214903, -0.8663852375107596, -1.179710338680926, -1.3159148204736448, -2.0615028106876134, -1.230963840081488, -1.5522147950089116, -1.0930028838991863, -0.8220938375350135, -0.25012961630771785, 0.3264441049146929, 0.9355131143366432, 1.4048707974968013, 1.2872835497835489, 2.627240896358549, 1.5154781988680859, 1.8031588999236046, 1.593785332314743, 0.5329860134072665, 0.3864334097275271, -0.3900946020792097, -0.7733314234784796, -1.8495110771581398, -1.3597635584642087, -2.346072065189717, -1.9472167048637679, -1.057881702837423, -1.3430946014769574, -1.1060548764960492, -0.31826584075528974, 0.23487254901960702, 0.9202210352752465, 2.0385574229691805, 2.159545454545459, 1.597224963235065]}