{"bins": [[-1.0, -0.95, -0.9, -0.85, -0.8, -0.75, -0.7, -0.65, -0.6, -0.55, -0.5, -0.45, -0.4, -0.35, -0.3, -0.25, -0.2, -0.15, -0.1, -0.05, 0.0, 0.05, 0.1, 0.15, 0.2, 0.25, 0.3, 0.35, 0.4, 0.45, 0.5, 0.55, 0.6, 0.65, 0.7, 0.75, 0.8, 0.85, 0.9, 0.95, 1.0], [0.0, 0.1570796, 0.3141593, 0.4712389, 0.6283185, 0.7853982, 0.9424778, 1.099557, 1.256637, 1.413717, 1.570796, 1.727876, 1.884956, 2.042035, 2.199115, 2.356194, 2.513274, 2.670354, 2.827433, 2.984513, 3.141593, 3.298672, 3.455752, 3.612832, 3.769911, 3.926991, 4.08407, 4.24115, 4.39823, 4.555309, 4.712389, 4.869469, 5.026548, 5.183628, 5.340708, 5.497787, 5.654867, 5.811946, 5.969026, 6.126106, 6.283185]], "zvals": [0.0, -100.48723036776866, 0.0, -126.47977203914436, 0.0, 0.0, 0.0, 0.0, 0.0, 0.0, 0.0, 17.161408199643468, 31.39057416968534, 0.0, 0.0, 36.001107715813546, 0.0, 125.62017838157861, 0.0, 0.0, 130.19728926209098, 57.651196842373224, 0.0, 78.75639646292625, 0.0, 0.0, 0.0, 0.0, 0.0, 12.681997708174196, -41.884937611408255, 0.0, 0.0, 0.0, 0.0, -122.06036414565772, 0.0, 0.0, 0.0, 0.0, -365.52766877430344, 0.0, -343.23349435572834, -156.90961779887414, 0.0, 0.0, 0.0, 0.0, 0.0, 0.0, 0.0, 0.0, 0.0, 79.67757830404894, 103.0270246181859, 0.0, 0.0, 172.49103954061357, 0.0, 183.37878787878853, 0.0, 0.0, 147.7545199898142, 0.0, 0.0, 0.0, 0.0, 0.0, 0.0, 21.349197860962644, 0.0, -40.69974980742169, 0.0, 0.0, -229.09504134862178, 0.0, -153.24721955194588, 0.0, 0.0, 0.0, 0.0, 0.0, 0.0, -174.0171225289597, -155.1737111797385, 0.0, 0.0, -84.75218996689571, -44.24810287751463, -6.306937273601169, 0.0, 0.0, 90.4503848382025, 0.0, 0.0, 0.0, 161.34823020117113, 181.96219736565664, 0.0, 188.7449707155592, 375.9852048968987, 0.0, 0.0, 0.0, 159.4415584415582, 0.0, 0.0, 178.86414565826354, 53.97839303789793, 0.0, 0.0, -44.6978017430718, 0.0, 0.0, 0.0, -154.1842373312955, 0.0, 0.0, 0.0, 0.0, 0.0, 0.0, 0.0, -174.97778196532227, 0.0, 0.0, -123.78743971194177, 0.0, 0.0, -52.787909268584606, 31.060758848994205, 0.0, 96.50487971020979, 121.24196587726009, 0.0, 0.0, 0.0, 0.0, 384.5299210593331, 0.0, 394.455019448813, 0.0, 0.0, 0.0, 0.0, 0.0, 0.0, 91.56119174942737, 44.2085574774476, 0.0, 0.0, 0.0, 0.0, -122.81298701298675, -140.75898114961325, 0.0, -181.3465835662318, -376.49223325693833, 0.0, -402.3906441981441, 0.0, 0.0, 0.0, 0.0, -162.52946752508421, 0.0, -128.1301407188221, -174.45760122230683, -53.04383753501399, 0.0, 0.0, 68.47150496562251, 194.3080870135411, 0.0, 0.0, 0.0, 0.0, 0.0, 196.61344537815097, 0.0, 0.0, 0.0, 186.35077667430582, 0.0, 0.0, 142.3220163102646, 0.0, 0.0, 0.0, 1.845836516424754, 0.0, 0.0, 0.0, -121.1086962057545, 0.0, 0.0, 0.0, 0.0, -398.070537305832, 0.0, -202.82608308144387, 0.0, -190.53689976292253, 0.0, -172.83468201174287, -153.16476487080422, 0.0, 0.0, 0.0, 0.0, 0.0, 0.0, 0.0, 0.0, 0.0, 0.0, 0.0, 187.71535342089, 0.0, 398.93035395976625, 0.0, 0.0, 0.0, 366.38875979602597, 170.58670741023656, 0.0, 365.43149987267475, 161.73873185637913, 0.0, 50.55697733638917, 0.0, 0.0, 0.0, 0.0, -138.795892512685, 0.0, -184.61958632280613, -191.9348102877506, 0.0, 0.0, 0.0, 0.0, -389.03422213960357, -362.50767126985346, -162.19422369663314, 0.0, 0.0, -86.95968933027763, -48.75707919531459, -12.083807510870328, 21.189113827349164, 0.0, 91.98673279050695, 122.92792207792216, 149.52017774495658, 0.0, 0.0, 0.0, 0.0, 0.0, 198.72229897058196, 0.0, 0.0, 0.0, 325.76648841354745, 149.9796917474653, 0.0, 78.66611917494298, 0.0, 39.21611917494284, 0.0, 0.0, 0.0, -113.62028265851771, 0.0, 0.0, 0.0, 0.0, -394.23669467787255, -201.59652149555407, -200.57996073328408, 0.0, 0.0, 0.0, -166.13438910311115, -143.95185625631834, -112.01486893236024, 0.0, -59.184250063661814, 0.0, 0.0, 0.0, 86.72052916048618, 0.0, 0.0, 0.0, 510.8850267379671, 189.92952590734586, 0.0, 0.0, 0.0, 0.0, 187.04800101858896, 0.0, 169.3553603259483, 139.25298735031447, 0.0, 91.3089126559716, 0.0, 35.961751973516726, 0.0, -42.25785751118848, 0.0, -109.93235294117599, -134.96609986058002, -168.92551566080903, -358.1658910484541, -191.48242933536966, -395.60555131143417, -200.00000000000043, 0.0, -389.6997511454383, -187.94432886256416, 0.0, 0.0, 0.0, -123.52050430610826, 0.0, -47.12235803412283, 0.0, 17.701336898395756, 0.0, 291.8081984224507, 0.0, 270.47893098377295, 328.0420168067229, 174.57321110262296, 367.30244017341647, 191.12172141583918, 0.0, 196.27270354407685, 191.24382480264848, 0.0, 0.0, 169.64349376114092, 445.682363651413, 0.0, 0.0, 0.0, 19.4903106697225, -26.28395721925143, 0.0, 0.0, 0.0, 0.0, -156.3804430863251, -352.67349550226476, -191.96103896103855, 0.0, -198.3347232921023, -196.63648239491297, -387.0953407728686, 0.0, 0.0, -333.33142347483437, -283.14777985174373, -107.05013776489821, 0.0, -131.08912655971477, 0.0, 0.0, 0.0, 94.91221614601575, 0.0, 0.0, 157.81932773109222, 169.98446651387803, 0.0, 380.1807995925637, 0.0, 0.0, 0.0, 0.0, 0.0, 0.0, 150.43054768619643, 130.8143621084792, 0.0, 0.0, 25.56359816653938, -19.550853068500153, 0.0, 0.0, -126.6970842882602, 0.0, -168.41482047364326, 0.0, -184.43850267379597, -194.6907308377899, -392.5137032957947, 0.0, -190.57981394158517, -184.61569802826082, -178.01445891127815, -163.15755632331866, -141.96509285737935, -228.39663048958766, 0.0, 0.0, -10.54634801596648, 0.0, 0.0, 0.0, 0.0, 0.0, 163.97542653425, 168.26114081996428, 183.1413492573801, 0.0, 383.2490450725754, 0.0, 0.0, 180.8086325439266, 0.0, 164.2105933282403, 0.0, 0.0, 0.0, 0.0, 15.076330532212921, 0.0, 0.0, 0.0, -121.64176215940881, 0.0, 0.0, -173.63606847509908, -371.059587471351, -190.10567863509087, -195.85826240299534, -387.6223265147098, -191.1614295163539, -185.3797692380169, 0.0, 0.0, -139.48252987657216, -124.92936047548002, 0.0, 0.0, 0.0, 1.5065431627196346, 70.20539852304556, 0.0, 111.37762923351154, 0.0, 0.0, 0.0, 541.25541924764, 375.5721925133688, 761.434428316783, 190.1579460016935, 0.0, 0.0, 173.3758172639246, 0.0, 149.44951266560187, 0.0, 0.0, 0.0, 2.8499796282149292, -28.578227654698313, 0.0, -189.44181308887238, -107.50524573465715, -128.90558254126947, -154.03565062388543, -517.8345927845241, -186.8980137509543, -563.7979373567622, -192.93807574532622, 0.0, -190.6238680109523, 0.0, 0.0, 0.0, -277.77547179901126, -217.25740900131908, -81.30182072829119, 0.0, -61.28316324906563, 0.0, 0.0, 77.10226064591707, 0.0, 0.0, 308.60275019098503, 0.0, 0.0, 186.52457346574965, 0.0, 189.69894129705423, 188.6772345301754, 0.0, 168.1221550939335, 0.0, 138.4340363766006, 111.84648586707361, 0.0, 111.51766945295003, 32.57294372294377, -2.737107206518975, -46.677327968728946, -163.72549019607865, -216.94474153297585, -265.82292986331777, 0.0, -334.8795192228122, -362.8267125031815, -373.5119684237336, 0.0, -190.81217420976375, -186.45401028904445, 0.0, 0.0, -162.3501954740173, -136.84374037112397, 0.0, 0.0, 0.0, 0.0, 0.0, 0.0, 0.0, 202.73160173160164, 0.0, 313.1021135727017, 503.2951362363125, 0.0, 0.0, 188.37216704863812, 566.0896746223241, 374.65126050420156, 177.9014514896867, 0.0, 162.98382989559454, 143.140712635044, 0.0, 238.70460911637443, 109.73955780212478, 0.0, 0.0, 0.0, -85.03130888719146, 0.0, 0.0, -315.90183346065595, -339.5500353325408, -182.57321110262225, 0.0, -189.67665951527638, -188.90893534233604, 0.0, 0.0, -348.98637378755745, 0.0, -133.18368521437543, 0.0, 0.0, 0.0, -16.746834395431584, 25.60976572447163, 0.0, 0.0, 103.84760631525333, 268.2361104921728, 459.46307613954656, 669.4196587725996, 176.30886369279162, 363.02202699261505, 374.481665393431, 0.0, 185.141456582633, 359.9886681945504, 336.6034925101384, 0.0, 0.0, 0.0, 0.0, 0.0, 0.0, -8.548780239368496, -111.85058473761583, -82.67540106951893, -121.76297428062094, -135.60934306941138, 0.0, 0.0, 0.0, 0.0, 0.0, -188.37557518608403, -373.30259734389637, 0.0, -172.36687641170468, -151.4860290667731, 0.0, 0.0, -90.1583142347848, 0.0, -23.869084982715684, 0.0, 56.3851667939903, 0.0, 224.88540870893803, 274.2213790513055, 299.7281639928697, 160.99465240641703, 172.88141635737438, 0.0, 186.75592055003864, 558.4793638869617, 0.0, 351.2546473134707, 