{"bins": [0.0, 0.1570796, 0.3141593, 0.4712389, 0.6283185, 0.7853982, 0.9424778, 1.099557, 1.256637, 1.413717, 1.570796, 1.727876, 1.884956, 2.042035, 2.199115, 2.356194, 2.513274, 2.670354, 2.827433, 2.984513, 3.141593, 3.298672, 3.455752, 3.612832, 3.769911, 3.926991, 4.08407, 4.24115, 4.39823, 4.555309, 4.712389, 4.869469, 5.026548, 5.183628, 5.340708, 5.497787, 5.654867, 5.811946, 5.969026, 6.126106, 6.283185], "yvals": [-0.031149856505873454, -0.09009903889554159, -0.1015370550981795, -0.16338792561223736, -0.16752120102088297, -0.21287837504042537, -0.16478458000804705, -0.1270619429590017, -0.07084390119684242, -0.0371021651525665, 0.022082200152788403, 0.07926362363127064, 0.11506477632274226, 0.1613386809269161, 0.16964151796229926, 0.19439635854341722, 0.19683581614463955, 0.15075223295284543, 0.07037458619811557, 0.039332868601986336, -0.02922918404115127, -0.09659479246243946, -0.17210873440285193, -0.11577881193539558, -0.22346231219760618, -0.2737108715996418, -0.14753055767761597, -0.19308995416348398, -0.07126929761457593, -0.04102349121466777, 0.03182512095747397, 0.05528418821102743, 0.14748605805958778, 0.2274283804430855, 0.18314873407648435, 0.14117513368983908, 0.18432935019958166, 0.20627228163992797, 0.11722829131652684, 0.024498545317961102]}