{"bins": [[-1.0, -0.95, -0.9, -0.85, -0.8, -0.75, -0.7, -0.65, -0.6, -0.55, -0.5, -0.45, -0.4, -0.35, -0.3, -0.25, -0.2, -0.15, -0.1, -0.05, 0.0, 0.05, 0.1, 0.15, 0.2, 0.25, 0.3, 0.35, 0.4, 0.45, 0.5, 0.55, 0.6, 0.65, 0.7, 0.75, 0.8, 0.85, 0.9, 0.95, 1.0], [0.0, 0.1570796, 0.3141593, 0.4712389, 0.6283185, 0.7853982, 0.9424778, 1.099557, 1.256637, 1.413717, 1.570796, 1.727876, 1.884956, 2.042035, 2.199115, 2.356194, 2.513274, 2.670354, 2.827433, 2.984513, 3.141593, 3.298672, 3.455752, 3.612832, 3.769911, 3.926991, 4.08407, 4.24115, 4.39823, 4.555309, 4.712389, 4.869469, 5.026548, 5.183628, 5.340708, 5.497787, 5.654867, 5.811946, 5.969026, 6.126106, 6.283185]], "zvals": [0.0, 458.2308216784216, 0.0, 605.8181966340627, 0.0, 0.0, 0.0, 0.0, 0.0, 0.0, 0.0, -250.36465495288985, -345.6013852902045, 0.0, 0.0, 16.165087853323122, 0.0, 748.4220042144393, 0.0, 0.0, 890.9907753423431, 148.82340208810774, 0.0, 214.85787406336925, 0.0, 0.0, 0.0, 0.0, 0.0, -870.7495543672026, -2563.701298701302, 0.0, 0.0, 0.0, 0.0, 284.6713776419646, 0.0, 0.0, 0.0, 0.0, 4264.956111423768, 0.0, 3133.332399624143, 948.0019047667564, 0.0, 0.0, 0.0, 0.0, 0.0, 0.0, 0.0, 0.0, 0.0, -781.6426024955441, -494.61073727232866, 0.0, 0.0, 1734.9575691212729, 0.0, 2266.4349376114164, 0.0, 0.0, 1022.0530939648594, 0.0, 0.0, 0.0, 0.0, 0.0, 0.0, -1732.2803666921377, 0.0, -1790.9026668109652, 0.0, 0.0, -692.0591549475135, 0.0, 949.6571788717821, 0.0, 0.0, 0.0, 0.0, 0.0, 0.0, 1471.417039513723, 322.6256479990727, 0.0, 0.0, -2054.2411510058537, -2810.709192768016, -5708.470260187538, 0.0, 0.0, -1679.4899381839723, 0.0, 0.0, 0.0, 1036.3040488922827, 2107.632465192672, 0.0, 2524.354469060355, 4917.251828697658, 0.0, 0.0, 0.0, 660.5252100840326, 0.0, 0.0, -3948.945760122236, -2625.32229005786, 0.0, 0.0, -2781.9886808548463, 0.0, 0.0, 0.0, 345.1320346320331, 0.0, 0.0, 0.0, 0.0, 0.0, 0.0, 0.0, 1372.1157935212484, 0.0, 0.0, -1432.8491614421291, 0.0, 0.0, -7061.891150312901, -3185.32085561498, 0.0, -1979.3110473074116, -1067.9186401833467, 0.0, 0.0, 0.0, 0.0, 5716.64756811816, 0.0, 6299.633942156504, 0.0, 0.0, 0.0, 0.0, 0.0, 0.0, -2244.8764960529747, -3186.9938056646615, 0.0, 0.0, 0.0, 0.0, -1409.8701298701267, -566.9317986490898, 0.0, 1811.712577747511, 4545.761395467268, 0.0, 6539.003940692292, 0.0, 0.0, 0.0, 0.0, 506.6206518092402, 0.0, -1310.9717900269418, -5769.37993379169, -3553.5497835497827, 0.0, 0.0, -3145.57040998217, -5179.766868900366, 0.0, 0.0, 0.0, 0.0, 0.0, 3320.7919531448892, 0.0, 0.0, 0.0, 2280.347593582884, 0.0, 0.0, -636.1975821083672, 0.0, 0.0, 0.0, -4371.806722689082, 0.0, 0.0, 0.0, -1744.6753246753171, 0.0, 0.0, 0.0, 0.0, 6704.092182327486, 0.0, 4044.3991454014363, 0.0, 2789.2049635980707, 0.0, 1226.796587974129, -143.24011520273785, 0.0, 0.0, 0.0, 0.0, 0.0, 0.0, 0.0, 0.0, 0.0, 0.0, 0.0, 2748.0261524455827, 0.0, 7901.358543417378, 0.0, 0.0, 0.0, 4356.029768460454, 1121.3460656990053, 0.0, -5819.120193531932, -7033.217468805713, 0.0, -9219.863763687305, 0.0, 0.0, 0.0, 0.0, -972.8295952991828, 0.0, 2189.695630860909, 2964.0794499617896, 0.0, 0.0, 0.0, 0.0, 6727.3000440541055, 4089.5902459644717, 484.2994989167924, 0.0, 0.0, -3512.9157117392438, -4566.471861471871, -4942.5830314682435, -4958.439011968433, 0.0, -3314.5945670649894, -1776.4795008912668, -111.86432304763862, 0.0, 0.0, 0.0, 0.0, 0.0, 4060.339065056443, 0.0, 0.0, 0.0, 1175.5944741532985, -384.08405961331727, 0.0, -3750.038197097034, 0.0, -10031.390374331586, 0.0, 0.0, 0.0, -2408.9317545199847, 0.0, 0.0, 0.0, 0.0, 7497.344028520526, 4377.606172690194, 4521.921369802312, 0.0, 0.0, 0.0, 861.736939910121, -809.1796770554539, -2704.4662819774994, 0.0, -4628.077412783294, 0.0, 0.0, 0.0, -3703.169742613592, 0.0, 0.0, 0.0, 5182.020626432383, 3492.1510832129034, 0.0, 0.0, 0.0, 0.0, 3109.3048128342202, 0.0, 1263.5103132161937, -1127.565365198406, 0.0, -3724.2704354469106, 0.0, -5167.374586198123, 0.0, -4931.519808503984, 0.0, -2756.909854851019, -1328.9796853812443, 1289.383753501395, 4235.012955264558, 3598.157626687023, 8396.934046345823, 4313.9006487181705, 0.0, 8400.959512909702, 3285.6386188913175, 0.0, 0.0, 0.0, -2157.683512521077, 0.0, -5081.568627450991, 0.0, -5511.17901706138, 0.0, -9924.44438785582, 0.0, -2200.4048918060375, 2622.103386809271, 2294.4626941685783, 6687.079749680108, 4209.17366946779, 0.0, 4503.424391548208, 3826.227400050932, 0.0, 0.0, 1367.779475426535, -1310.5252770898776, 0.0, 0.0, 0.0, -5482.635599694443, -5389.68169085818, 0.0, 0.0, 0.0, 0.0, 288.34835752482746, 4148.925063184785, 3726.046600458357, 0.0, 4564.834255374703, 4836.550385918982, 8624.274174193097, 0.0, 0.0, 2364.790612663505, -1908.8016521559753, -3110.4411023229045, 0.0, -9682.868601986247, 0.0, 0.0, 0.0, -3553.29483890272, 0.0, 0.0, 801.7490450725733, 2012.519735166791, 0.0, 8615.775401069506, 0.0, 0.0, 0.0, 0.0, 0.0, 0.0, -256.03486143914904, -1727.3758594346755, 0.0, 0.0, -5764.0157881334435, -5709.723707664892, 0.0, 0.0, -1899.8739495798236, 0.0, 1570.9651133180475, 0.0, 3253.262032085547, 4597.9029793735735, 9416.54581452647, 0.0, 4294.614771991546, 3310.17904298203, 2540.6112569678053, 1037.4381922043394, -899.4325170168502, -5533.683644938355, 0.0, 0.0, -5936.619153419611, 0.0, 0.0, 0.0, 0.0, 0.0, 1570.1922587216698, 2094.676597911891, 3603.1194494490046, 0.0, 9580.613700025488, 0.0, 0.0, 3168.487394957982, 0.0, 1090.6492233256934, 0.0, 0.0, 0.0, 0.0, -5942.373312961563, 0.0, 0.0, 0.0, -2235.1400560224015, 0.0, 0.0, 2383.973669300169, 7595.543672014235, 4416.777438248037, 4856.470947739688, 9955.059727679472, 4542.287768565897, 3883.9072673981855, 0.0, 0.0, -1029.8525079004532, -2113.989630708588, 0.0, 0.0, 0.0, -6126.9378660555185, -4727.459893048126, 0.0, -2729.9961802902967, 0.0, 0.0, 0.0, 10883.741302147333, 9155.728291316524, 19408.416093710257, 4804.237358271954, 0.0, 0.0, 2342.973917582873, 0.0, -151.36141686667267, 0.0, 0.0, 0.0, -6121.751973516695, -5978.715304303554, 0.0, -7631.615737203992, -3148.882098293853, -1727.1054692224989, 395.7854596383995, 7254.018678499378, 4038.8859180035515, 13082.403870639197, 5045.140343394105, 0.0, 4867.632163799649, 0.0, 0.0, 0.0, -2036.8704784071244, -6339.314180362518, -4543.7993379169775, 0.0, -12015.892640009142, 0.0, 0.0, -4602.90045136524, 0.0, 0.0, 1751.9849758085024, 0.0, 0.0, 4780.016552075369, 0.0, 5024.229846128378, 4730.133689839565, 0.0, 1824.43356527607, 0.0, -1069.8631898598817, -3009.9019607843, 0.0, -10981.288396284632, -6000.117137764205, -6294.4665138782875, -5747.212549099478, -8964.124013241671, -6187.420422714513, -2703.188841283691, 0.0, 3823.6556127808385, 7387.128851540584, 8628.23911382736, 0.0, 5134.9023043094085, 4437.066024444918, 0.0, 0.0, 1285.782949674592, -1157.8101803162222, 0.0, 0.0, 0.0, 0.0, 0.0, 0.0, 0.0, -6791.4438502673775, 0.0, 2289.2691622103375, 7271.991341991339, 0.0, 0.0, 5070.534759358301, 15127.801934058665, 9466.344537815121, 3389.7084288260744, 0.0, 1475.0814871403102, -622.4022307246693, 0.0, -14206.404379933827, -11194.093417961636, 0.0, 0.0, 0.0, -4417.466259230976, 0.0, 0.0, 2107.245989304806, 4771.210664697397, 4083.26585179525, 0.0, 5143.965775183205, 5128.472443270802, 0.0, 0.0, 5855.8959915864325, 0.0, -1441.1712278360783, 0.0, 0.0, 0.0, -6332.211180361468, -6242.962821492239, 0.0, 0.0, -3246.3967405143862, -1928.8179833077631, 2703.9852304558176, 10076.993888464473, 3742.9051623705286, 8800.264833206005, 10319.74662592312, 0.0, 4698.7725999490685, 7705.398523045578, 4406.597953895813, 0.0, 0.0, 0.0, 0.0, 0.0, 0.0, -6424.907053730599, -11145.021295017128, -4549.979628214934, -2178.239113827342, -1051.342827494449, 0.0, 0.0, 0.0, 0.0, 0.0, 5256.063804593341, 9736.158141376645, 0.0, 2724.6249672140752, 344.0058772712196, 0.0, 0.0, -4267.528647822764, 0.0, -6315.778684610923, 0.0, -5542.962821492231, 0.0, -5357.075375604785, -1287.2185333494617, 1260.461293608352, 1865.276292335115, 3419.61815392255, 0.0, 5190.035650623899, 15395.769007951418, 0.0, 6703.162719633305, 2407.6534737297807, 2900.7219251336887, -641.7699374200264, 