{"bins": [[-1.0, -0.95, -0.9, -0.85, -0.8, -0.75, -0.7, -0.65, -0.6, -0.55, -0.5, -0.45, -0.4, -0.35, -0.3, -0.25, -0.2, -0.15, -0.1, -0.05, 0.0, 0.05, 0.1, 0.15, 0.2, 0.25, 0.3, 0.35, 0.4, 0.45, 0.5, 0.55, 0.6, 0.65, 0.7, 0.75, 0.8, 0.85, 0.9, 0.95, 1.0], [0.0, 0.1570796, 0.3141593, 0.4712389, 0.6283185, 0.7853982, 0.9424778, 1.099557, 1.256637, 1.413717, 1.570796, 1.727876, 1.884956, 2.042035, 2.199115, 2.356194, 2.513274, 2.670354, 2.827433, 2.984513, 3.141593, 3.298672, 3.455752, 3.612832, 3.769911, 3.926991, 4.08407, 4.24115, 4.39823, 4.555309, 4.712389, 4.869469, 5.026548, 5.183628, 5.340708, 5.497787, 5.654867, 5.811946, 5.969026, 6.126106, 6.283185]], "zvals": [0.0, -177.13670194175305, 0.0, -218.34776762864158, 0.0, 0.0, 0.0, 0.0, 0.0, 0.0, 0.0, 30.52389865036919, 55.544203871937086, 0.0, 0.0, 64.36355996944224, 0.0, 218.17085670267812, 0.0, 0.0, 226.34623342394576, 102.87613954672761, 0.0, 139.54927138573572, 0.0, 0.0, 0.0, 0.0, 0.0, 22.111204481792747, -72.42097020626441, 0.0, 0.0, 0.0, 0.0, -208.70409982174596, 0.0, 0.0, 0.0, 0.0, -596.4881499570926, 0.0, -559.0198854593474, -257.916113868383, 0.0, 0.0, 0.0, 0.0, 0.0, 0.0, 0.0, 0.0, 0.0, 135.41660300483838, 172.98467650035997, 0.0, 0.0, 280.5655752837748, 0.0, 296.728163992871, 0.0, 0.0, 250.57372039724996, 0.0, 0.0, 0.0, 0.0, 0.0, 0.0, 35.893659281894706, 0.0, -67.77245844447688, 0.0, 0.0, -380.4773394279328, 0.0, -255.4209028577988, 0.0, 0.0, 0.0, 0.0, 0.0, 0.0, -274.17869666080105, -236.59479869136467, 0.0, 0.0, -132.08428826075865, -68.79867583396994, -9.998921561761897, 0.0, 0.0, 142.96666008823595, 0.0, 0.0, 0.0, 256.2415329768267, 283.10900884268403, 0.0, 299.35968933027794, 596.5402122498865, 0.0, 0.0, 0.0, 246.91965877259955, 0.0, 0.0, 278.5557677616505, 84.51297754632989, 0.0, 0.0, -69.8165891048451, 0.0, 0.0, 0.0, -237.8222561751963, 0.0, 0.0, 0.0, 0.0, 0.0, 0.0, 0.0, -262.2297230194121, 0.0, 0.0, -178.00039725183257, 0.0, 0.0, -78.25444521546484, 47.27231983702582, 0.0, 145.52422666301712, 183.83091418385547, 0.0, 0.0, 0.0, 0.0, 560.0012732365677, 0.0, 586.4474563754552, 0.0, 0.0, 0.0, 0.0, 0.0, 0.0, 138.0618792971739, 66.82737985344946, 0.0, 0.0, 0.0, 0.0, -178.69098548510274, -206.0125159951371, 0.0, -262.06456623737216, -568.6543162719621, 0.0, -591.3583610794594, 0.0, 0.0, 0.0, 0.0, -229.3419200571427, 0.0, -181.62799403103656, -244.45390883626138, -75.66927680162972, 0.0, 0.0, 98.14840845429066, 265.46884051973865, 0.0, 0.0, 0.0, 0.0, 0.0, 275.9103641456578, 0.0, 0.0, 0.0, 262.5019098548506, 0.0, 0.0, 200.71798267114045, 0.0, 0.0, 0.0, 2.530040743570159, 0.0, 0.0, 0.0, -166.42920804685437, 0.0, 0.0, 0.0, 0.0, -545.0282658517959, 0.0, -257.4735357105567, 0.0, -241.5055806100853, 0.0, -223.48642122438454, -203.85104112819215, 0.0, 0.0, 0.0, 0.0, 0.0, 0.0, 0.0, 0.0, 0.0, 0.0, 0.0, 251.07926584712135, 0.0, 513.5725744843398, 0.0, 0.0, 0.0, 475.64448462238715, 220.51044053985197, 0.0, 471.4405398523025, 210.6233766233769, 0.0, 65.85926916221042, 0.0, 0.0, 0.0, 0.0, -181.91763380209997, 0.0, -247.20618287613294, -246.58848994143003, 0.0, 0.0, 0.0, 0.0, -471.1560253527516, -442.10043824914305, -194.30378336602394, 0.0, 0.0, -106.67065189712255, -59.03715304303551, -14.756320068245916, 25.309116373822306, 0.0, 107.89101025598615, 149.2245989304814, 180.98039839825847, 0.0, 0.0, 0.0, 0.0, 0.0, 242.48168119226668, 0.0, 0.0, 0.0, 392.9792462439524, 181.38121582133908, 0.0, 98.64376114082032, 0.0, 46.203921568627614, 0.0, 0.0, 0.0, -140.00967659791158, 0.0, 0.0, 0.0, 0.0, -475.6466768525609, -235.42739640563133, -222.0311230739063, 0.0, 0.0, 0.0, -188.65454925111243, -167.68211785616958, -123.94283902642742, 0.0, -65.9415711739241, 0.0, 0.0, 0.0, 93.70917818422582, 0.0, 0.0, 0.0, 557.5165520753748, 220.4321392420373, 0.0, 0.0, 0.0, 0.0, 204.37445887445855, 0.0, 185.6897122485355, 158.58669841290086, 0.0, 98.63585434173683, 0.0, 39.8044563279858, 0.0, -48.441268406343134, 0.0, -123.3353959765719, -153.2914011421008, -185.5133689839564, -414.2302917640177, -207.95543672014168, -440.7601222307111, -228.8192565524359, 0.0, -391.09547573620335, -191.45923468101543, 0.0, 0.0, 0.0, -124.88836204920857, 0.0, -48.916653934301095, 0.0, 17.94797555385794, 0.0, 301.19175701398746, 0.0, 288.11578887056874, 326.18983957219274, 178.92258721670498, 367.4129578110383, 190.49567099567113, 0.0, 206.06446437779746, 198.24497071555908, 0.0, 0.0, 178.23478482302025, 456.61456973879586, 0.0, 0.0, 0.0, 20.66695951107723, -28.006060606060707, 0.0, 0.0, 0.0, 0.0, -161.6687038451741, -374.55662437372445, -204.6578813343515, 0.0, -206.48960077413366, -180.9719403410753, -361.68327288631167, 0.0, 0.0, -318.243541336022, -273.0357092837005, -102.96570137866757, 0.0, -120.87902979373564, 0.0, 0.0, 0.0, 87.36332673368183, 0.0, 0.0, 149.16170104405376, 159.62948815889968, 0.0, 355.4092182327471, 0.0, 0.0, 0.0, 0.0, 0.0, 0.0, 145.35603104170545, 128.28609625668395, 0.0, 0.0, 23.29858670741027, -18.777361853832467, 0.0, 0.0, -116.9802648332055, 0.0, -156.4320091673026, 0.0, -175.6745607333835, -180.16475681181586, -371.24695217056467, 0.0, -157.55619599477217, -163.1310494806455, -155.81628677434884, -134.93379475514658, -127.19128390955926, -202.66629827501055, 0.0, 0.0, -8.854977431738162, 0.0, 0.0, 0.0, 0.0, 0.0, 138.22256175197344, 136.11688311688306, 163.9080971994984, 0.0, 323.1676852559213, 0.0, 0.0, 147.30748663101596, 0.0, 146.81270690094215, 0.0, 0.0, 0.0, 0.0, 13.073478482302043, 0.0, 0.0, 0.0, -109.0557932263811, 0.0, 0.0, -141.5121053737296, -305.4341736694668, -154.8688566335629, -175.0601926419196, -303.46690467762846, -149.49926693264638, -134.5838670330202, 0.0, 0.0, -106.15258760526513, -90.69801730591966, 0.0, 0.0, 0.0, 1.0975626432391148, 56.647377132671224, 0.0, 83.83086325439263, 0.0, 0.0, 0.0, 415.86768441357555, 286.9781003310414, 591.7513368983972, 141.16170843970235, 0.0, 0.0, 132.9222875113797, 0.0, 110.14596476932026, 0.0, 0.0, 0.0, 2.248645276292341, -21.213458110516985, 0.0, -147.37318563789188, -78.30693913929183, -102.85829423411182, -120.12580850521988, -390.1056156456318, -149.94665138782736, -419.52571937866156, -141.69316076623912, 0.0, -127.02966710529743, 0.0, 0.0, 0.0, -182.5308951639804, -147.3305186173599, -56.496893302775575, 0.0, -39.95481254655293, 0.0, 0.0, 49.27391949273935, 0.0, 0.0, 199.85637891520213, 0.0, 0.0, 117.80317035905254, 0.0, 126.88962878551548, 129.93048128342227, 0.0, 119.42716722158906, 0.0, 90.03340994022136, 79.62048637636839, 0.0, 75.47567784363255, 22.776254138018874, -1.8119658772599974, -29.63904786763338, -115.64283167812596, -141.3907563025204, -171.00388976247658, 0.0, -236.2068767944797, -244.88375350139947, -264.26597911892065, 0.0, -114.94626928003385, -109.52140855883994, 0.0, 0.0, -96.92934223836689, -79.17953699907565, 0.0, 0.0, 0.0, 0.0, 0.0, 0.0, 0.0, 110.38656735421436, 0.0, 186.20779220779215, 302.26152279093446, 0.0, 0.0, 113.71652661064454, 342.57080831938083, 230.05996944232228, 98.58543417366943, 0.0, 88.29213139801372, 84.59889609686873, 0.0, 142.98535777947578, 64.62902106583296, 0.0, 0.0, 0.0, -47.94679144385039, 0.0, 0.0, -183.6078431372543, -202.7774559298194, -106.01916221033832, 0.0, -104.68026916392424, -92.19236616339742, 0.0, 0.0, -170.04486897089123, 0.0, -70.69686961260406, 0.0, 0.0, 0.0, -8.162884917780218, 13.568207282913177, 0.0, 0.0, 54.64505984211864, 140.16233869581552, 219.75362872421687, 337.9096002037177, 82.01144646961086, 180.67990832696708, 184.159027247263, 0.0, 89.23016297428057, 172.1213394448688, 164.48220322258234, 0.0, 0.0, 0.0, 0.0, 0.0, 0.0, -4.3985115864527735, -55.46437143093589, -42.34904507257459, -59.697708174178565, -67.3749259926536, 0.0, 0.0, 0.0, 0.0, 0.0, -77.65930139878127, -160.13959792385657, 0.0, -75.39872777878223, -55.50171027828548, 0.0, 0.0, -37.6455182072829, 0.0, -9.817824152178195, 0.0, 20.969467787114837, 0.0, 93.40686274509801, 103.86759528644826, 114.50706646294877, 64.58845174433408, 63.44957632783506, 0.0, 82.29000509294647, 216.1746637042508, 0.0, 134.4649859943977, 