{"bins": [0.0, 0.1570796, 0.3141593, 0.4712389, 0.6283185, 0.7853982, 0.9424778, 1.099557, 1.256637, 1.413717, 1.570796, 1.727876, 1.884956, 2.042035, 2.199115, 2.356194, 2.513274, 2.670354, 2.827433, 2.984513, 3.141593, 3.298672, 3.455752, 3.612832, 3.769911, 3.926991, 4.08407, 4.24115, 4.39823, 4.555309, 4.712389, 4.869469, 5.026548, 5.183628, 5.340708, 5.497787, 5.654867, 5.811946, 5.969026, 6.126106, 6.283185], "yvals": [-1.2445734519313774, 0.7891567147123405, -1.97068238014357, -2.333504159674458, 0.2209551584323117, 2.5237554717480823, 2.0726907190767476, -1.2325642984466505, 0.5573853450471101, -0.5267296710572381, -4.738128342245992, 1.2490056022408955, -4.066730753315217, -0.027323529411764687, 2.4278891513187637, 0.7429074357015528, 2.015725108225107, -3.172382686418936, 0.7866284695696455, 4.338398268398278, -2.5299473513327695, 1.1971836007130117, 3.508752864782274, -1.530861541008028, 1.2560790679908318, 2.0460303414205656, 3.043530048382979, -0.48222230710466113, -6.072918085803943, -0.1432334479246247, -3.59280175706647, -2.5501843021664192, 5.207270817417887, 1.6137159409218176, -0.43158499863126326, -1.998256939139285, -1.608950910051635, 2.003367710720645, -0.6557060096765993, -2.397283532490028]}