{"bins": [[-1.0, -0.95, -0.9, -0.85, -0.8, -0.75, -0.7, -0.65, -0.6, -0.55, -0.5, -0.45, -0.4, -0.35, -0.3, -0.25, -0.2, -0.15, -0.1, -0.05, 0.0, 0.05, 0.1, 0.15, 0.2, 0.25, 0.3, 0.35, 0.4, 0.45, 0.5, 0.55, 0.6, 0.65, 0.7, 0.75, 0.8, 0.85, 0.9, 0.95, 1.0], [0.0, 0.1570796, 0.3141593, 0.4712389, 0.6283185, 0.7853982, 0.9424778, 1.099557, 1.256637, 1.413717, 1.570796, 1.727876, 1.884956, 2.042035, 2.199115, 2.356194, 2.513274, 2.670354, 2.827433, 2.984513, 3.141593, 3.298672, 3.455752, 3.612832, 3.769911, 3.926991, 4.08407, 4.24115, 4.39823, 4.555309, 4.712389, 4.869469, 5.026548, 5.183628, 5.340708, 5.497787, 5.654867, 5.811946, 5.969026, 6.126106, 6.283185]], "zvals": [0.0, -118024.51876340476, 0.0, -102961.95050152908, 0.0, 0.0, 0.0, 0.0, 0.0, 0.0, 0.0, -125888.2607588488, -121601.24523329033, 0.0, 0.0, -129841.60937102092, 0.0, -105099.42131029602, 0.0, 0.0, -105891.8124001298, -127995.79831932753, 0.0, -121941.08696897731, 0.0, 0.0, 0.0, 0.0, 0.0, -112594.93251846208, -338206.1370002551, 0.0, 0.0, 0.0, 0.0, -97721.84873949537, 0.0, 0.0, 0.0, 0.0, -143163.97546212256, 0.0, -143507.75021072134, -76227.58143005212, 0.0, 0.0, 0.0, 0.0, 0.0, 0.0, 0.0, 0.0, 0.0, -94206.08607079201, -86905.1751029738, 0.0, 0.0, -69157.09929398593, 0.0, -66719.95161701068, 0.0, 0.0, -90714.78227654703, 0.0, 0.0, 0.0, 0.0, 0.0, 0.0, -91388.26075884933, 0.0, -86444.70616696046, 0.0, 0.0, -168647.8778194419, 0.0, -82725.66033651894, 0.0, 0.0, 0.0, 0.0, 0.0, 0.0, -59364.41141943315, -50453.61049199859, 0.0, 0.0, -59094.881588999146, -58870.74102368218, -128175.88601913661, 0.0, 0.0, -62517.828608534604, 0.0, 0.0, 0.0, -60981.627196332985, -53324.454573813135, 0.0, -59230.37942449715, -119176.19796408169, 0.0, 0.0, 0.0, -54374.34428316773, 0.0, 0.0, -117979.29717341499, -61655.88016221116, 0.0, 0.0, -60986.853748750415, 0.0, 0.0, 0.0, -53692.99719887931, 0.0, 0.0, 0.0, 0.0, 0.0, 0.0, 0.0, -45032.123840396904, 0.0, 0.0, -37489.77585829322, 0.0, 0.0, -91290.43347614896, -52217.78711484604, 0.0, -48295.34183436374, -48907.21925133693, 0.0, 0.0, 0.0, 0.0, -72809.01451489692, 0.0, -82376.0273492957, 0.0, 0.0, 0.0, 0.0, 0.0, 0.0, -49678.711484594016, -51233.5703690499, 0.0, 0.0, 0.0, 0.0, -40028.36771072056, -40742.021530567596, 0.0, -36316.73234487121, -92230.59587471331, 0.0, -78174.16713882858, 0.0, 0.0, 0.0, 0.0, -32629.104842955483, 0.0, -34512.34791111745, -65317.69798828612, -36926.89075630251, 0.0, 0.0, -37215.27883880819, -55688.58981786239, 0.0, 0.0, 0.0, 0.0, 0.0, -29264.451235039425, 0.0, 0.0, 0.0, -30952.91571173919, 0.0, 0.0, -33133.276886152904, 0.0, 0.0, 0.0, -30009.880315762708, 0.0, 0.0, 0.0, -29009.396485866946, 0.0, 0.0, 0.0, 0.0, -51771.08479755546, 0.0, -15793.062880221223, 0.0, -16044.756925787926, 0.0, -18928.161945814743, -23324.48007252372, 0.0, 0.0, 0.0, 0.0, 0.0, 0.0, 0.0, 0.0, 0.0, 0.0, 0.0, -22177.197461150106, 0.0, -34147.27527374591, 0.0, 0.0, 0.0, -37864.99786731514, -18817.29055258464, 0.0, -59068.19455054723, -43247.77183600719, 0.0, -42924.43340972758, 0.0, 0.0, 0.0, 0.0, -21378.058174549158, 0.0, -23077.38144500543, -17435.892538833636, 0.0, 0.0, 0.0, 0.0, -22537.490546194436, -24437.673638079068, -10804.80418539125, 0.0, 0.0, -14012.426788897386, -12792.57703081235, -13739.315885637167, -11364.969442322406, 0.0, -9253.789494458228, -12227.354214413046, -11569.282972262383, 0.0, 0.0, 0.0, 0.0, 0.0, -11572.525926444672, 0.0, 0.0, 0.0, -22961.510058568896, -11876.422691766616, 0.0, -16720.16806722695, 0.0, -23417.481538069856, 0.0, 0.0, 0.0, -14247.759103641425, 0.0, 0.0, 0.0, 0.0, -21470.715558950928, -7866.561411773728, -3964.235966987435, 0.0, 0.0, 0.0, -6164.447729401055, -8472.93728784641, -4499.602748167803, 0.0, -5166.502419149478, 0.0, 0.0, 0.0, -2768.400613703934, 0.0, 0.0, 0.0, -9418.071046600444, -7329.2063229330415, 0.0, 0.0, 0.0, 0.0, -3190.8352431881794, 0.0, -3557.6203208556094, -6615.874814583759, 0.0, -2820.361599185132, 0.0, -4732.766743060867, 0.0, -7617.004182608724, 0.0, -5553.98268398266, -6374.333933880418, -3646.482047364384, -14764.405171919894, -2781.3279857397383, -8858.501400560235, -6289.381776049008, 0.0, 3173.8703346135803, 868.2725191558939, 0.0, 0.0, 0.0, 1383.4893480486307, 0.0, -162.07066462948848, 0.0, 1276.3458110516958, 0.0, 450.5464129514461, 0.0, -3417.079304044467, 4179.32773109244, 542.762923351159, 3468.0931251153934, 1881.1739241151017, 0.0, -744.3912935529268, -61.6222052457347, 0.0, 0.0, -844.0342500636624, 1719.2482763450314, 0.0, 0.0, 0.0, -1580.699006875483, -1910.1426024955504, 0.0, 0.0, 0.0, 0.0, 88.39568372803647, -2955.47718027236, -1649.2271454036124, 0.0, -293.8865157022912, 5232.120529973334, 9426.351081648356, 0.0, 0.0, 8200.098421374618, 7566.9367632716085, 4040.080418031159, 0.0, 12346.648841354721, 0.0, 0.0, 0.0, 5969.645846994192, 0.0, 0.0, 4425.459638400808, 4591.446396740507, 0.0, 9180.066208301489, 0.0, 0.0, 0.0, 0.0, 0.0, 0.0, 3635.6292056863185, 3001.6666666666533, 0.0, 0.0, 6794.5518207283, 4296.73542144131, 0.0, 0.0, 5767.613954672753, 0.0, 5171.037687802371, 0.0, 3994.0870893811893, 5038.955946014777, 8343.442471622579, 0.0, 8798.180796118153, 6895.575237013591, 7327.520569189126, 9374.660124764689, 6931.070616426323, 15034.186575943872, 0.0, 0.0, 9916.42803939418, 0.0, 0.0, 0.0, 0.0, 0.0, 8432.965367965366, 9520.365418894826, 6234.899636488648, 0.0, 15881.436210848015, 0.0, 0.0, 9351.014769544177, 0.0, 6745.765215176977, 0.0, 0.0, 0.0, 0.0, 8855.946014769564, 0.0, 0.0, 0.0, 7003.437738731834, 0.0, 0.0, 9443.206284735737, 17863.916475681122, 9114.234784823044, 6266.560138529041, 20093.150224472185, 10189.763540419295, 11994.786082979586, 0.0, 0.0, 12043.710322664436, 13396.146657227706, 0.0, 0.0, 0.0, 14056.442577030824, 10899.326457855865, 0.0, 12345.285204991082, 0.0, 0.0, 0.0, 31488.728601531726, 20967.952635599686, 40293.913929208145, 11160.500130507584, 0.0, 0.0, 11094.202280381214, 0.0, 12611.427370940779, 0.0, 0.0, 0.0, 12078.761140819994, 13704.58365164251, 0.0, 23818.181818181878, 13441.303794244926, 10801.813100414476, 10991.77743824799, 34130.660368349796, 9575.8645276292, 33804.59638400823, 11431.544636775165, 0.0, 13261.01335818695, 0.0, 0.0, 0.0, 30218.857190876446, 30133.524998854078, 14881.448943213627, 0.0, 32791.538015902755, 0.0, 0.0, 16194.02975572802, 0.0, 0.0, 28737.484084542863, 0.0, 0.0, 13817.596129360814, 0.0, 12975.827449881897, 12615.92946269415, 0.0, 12892.51905092341, 0.0, 15320.965883409019, 14083.486121721353, 0.0, 31665.65868130038, 15177.476445123524, 16348.624904507278, 16909.03303433298, 28943.200916730366, 31339.41940412515, 30750.654129450853, 0.0, 25770.00108225803, 26500.763941940295, 24561.115355233032, 0.0, 14592.792444085679, 15161.984648557396, 0.0, 0.0, 15941.41063421944, 17072.00680419355, 0.0, 0.0, 0.0, 0.0, 0.0, 0.0, 0.0, 36071.91240132415, 0.0, 31038.057040998203, 45183.333333333314, 0.0, 0.0, 14376.33053221292, 43189.516103362024, 28703.539597657233, 16075.999490705368, 0.0, 16994.015788133427, 16640.352943423426, 0.0, 52939.457601222435, 36367.254693498086, 0.0, 0.0, 0.0, 18232.72217978105, 0.0, 0.0, 32206.31525337397, 30762.227923529026, 15262.159409218182, 0.0, 15552.976527734503, 16697.967145319955, 0.0, 0.0, 35037.64970117062, 0.0, 18172.251520884958, 0.0, 0.0, 0.0, 20401.925145945654, 19625.63025210086, 0.0, 0.0, 18360.644257703072, 35352.38956194018, 53489.78864272979, 67483.46065699004, 17146.671420113453, 32899.87267634325, 32785.70155334869, 0.0, 16826.77616501145, 34463.10160427806, 35403.128362161726, 0.0, 0.0, 0.0, 0.0, 0.0, 0.0, 20053.947033358847, 40334.97794103594, 19377.40005092951, 18961.637382225555, 18455.55421157513, 0.0, 0.0, 0.0, 0.0, 0.0, 17715.476739181922, 35366.46683180578, 0.0, 18394.36820567407, 20235.702003505226, 0.0, 0.0, 21092.84441049146, 0.0, 21761.979640817655, 0.0, 21864.61675579322, 0.0, 40161.21721415837, 39659.69989623057, 38661.62464985993, 18658.861726508774, 18561.118927418695, 0.0, 17160.466004583694, 53787.164420450885, 0.0, 37602.12630506746, 18765.70388148639, 57846.944232238326, 