{"bins": [0.0, 0.1570796, 0.3141593, 0.4712389, 0.6283185, 0.7853982, 0.9424778, 1.099557, 1.256637, 1.413717, 1.570796, 1.727876, 1.884956, 2.042035, 2.199115, 2.356194, 2.513274, 2.670354, 2.827433, 2.984513, 3.141593, 3.298672, 3.455752, 3.612832, 3.769911, 3.926991, 4.08407, 4.24115, 4.39823, 4.555309, 4.712389, 4.869469, 5.026548, 5.183628, 5.340708, 5.497787, 5.654867, 5.811946, 5.969026, 6.126106, 6.283185], "yvals": [-0.08546615855909996, -0.07968438951691405, -0.056935279947236926, -0.0658574378849959, -0.05205990334842757, -0.05377248859813751, -0.036987736122924005, -0.028172695441813073, -0.014378596893302786, -0.007165209862553229, 0.004974038706391651, 0.01537198242933536, 0.02679435188663034, 0.03700776674306084, 0.04175374811400634, 0.05807582760376874, 0.07162853323147436, 0.08102063292992699, 0.0581067417876241, 0.1030126687038454, 0.06688545254298793, 0.0774752355487649, 0.0819813470842882, 0.04255406515192993, 0.06877457346574989, 0.06985561405407491, 0.032115285204990976, 0.041898020117137856, 0.01624756332800688, 0.00819567736185385, -0.00663573338426281, -0.011963305088522305, -0.028768207282913228, -0.051904978354978176, -0.04757430974223176, -0.04588492487904237, -0.07386423392051156, -0.1064919786096253, -0.10045199898141097, -0.07039680670236016]}