{"bins": [0.0, 0.1570796, 0.3141593, 0.4712389, 0.6283185, 0.7853982, 0.9424778, 1.099557, 1.256637, 1.413717, 1.570796, 1.727876, 1.884956, 2.042035, 2.199115, 2.356194, 2.513274, 2.670354, 2.827433, 2.984513, 3.141593, 3.298672, 3.455752, 3.612832, 3.769911, 3.926991, 4.08407, 4.24115, 4.39823, 4.555309, 4.712389, 4.869469, 5.026548, 5.183628, 5.340708, 5.497787, 5.654867, 5.811946, 5.969026, 6.126106, 6.283185], "yvals": [-0.0001389153015413841, -0.0006238793427794936, -0.0003359498623627765, 0.00032247300094983693, 0.003463209440812529, -0.001467519015836557, 0.008225805835527563, -0.006343447288006107, 0.002582839954163485, 0.005457451346137923, -0.008933505220269934, -0.01036041507512095, 0.010216859032716038, 0.001495989941431117, 0.003140435067704786, -0.00028957677616501127, 0.0032387916984975788, -0.0013639646292629825, 0.0016840826330532202, -6.0741112808759994e-05, -0.001147882275797529, 0.0028574630761395445, 0.00029218595620066187, -0.0013992105883027014, 0.0013339483065953645, 0.004796646273531167, -0.002026738604532715, -0.003655250827603777, 0.01538693268992032, -0.014673414820473674, 0.009824879042526121, 0.0008051305394101035, -0.00033100509294627014, 0.0013461274509803875, -0.00414496972860791, 0.0008072256175197324, -0.0023719096760229, 0.002391559078176717, 0.0018940113318054537, -3.9201166292120644e-05]}