{"bins": [-1.0, -0.95, -0.9, -0.85, -0.8, -0.75, -0.7, -0.65, -0.6, -0.55, -0.5, -0.45, -0.4, -0.35, -0.3, -0.25, -0.2, -0.15, -0.1, -0.05, 0.0, 0.05, 0.1, 0.15, 0.2, 0.25, 0.3, 0.35, 0.4, 0.45, 0.5, 0.55, 0.6, 0.65, 0.7, 0.75, 0.8, 0.85, 0.9, 0.95, 1.0], "yvals": [110.9605799999999, 93.96220000000012, 95.64539999999991, 91.09586000000013, 60.45953999999995, 69.10047999999993, 71.7014200000001, 68.76183999999994, 74.8118400000001, 57.32735999999995, 45.88658000000001, 69.37012000000001, 64.58137999999994, 55.257500000000014, 52.77828000000002, 61.879700000000014, 46.393799999999985, 41.229020000000006, 35.27836, 51.693239999999996, 38.47324, 44.86134, 59.53894000000001, 41.219959999999986, 49.39382000000001, 63.65594000000001, 41.92334000000001, 57.199779999999954, 69.85286000000002, 56.84768000000001, 77.34207999999992, 68.31946000000009, 45.53639999999996, 57.73710000000008, 71.35823999999994, 83.28481999999993, 100.75898000000014, 81.54169999999993, 88.25174000000013, 81.62981999999992]}