{"bins": [[-1.0, -0.95, -0.9, -0.85, -0.8, -0.75, -0.7, -0.65, -0.6, -0.55, -0.5, -0.45, -0.4, -0.35, -0.3, -0.25, -0.2, -0.15, -0.1, -0.05, 0.0, 0.05, 0.1, 0.15, 0.2, 0.25, 0.3, 0.35, 0.4, 0.45, 0.5, 0.55, 0.6, 0.65, 0.7, 0.75, 0.8, 0.85, 0.9, 0.95, 1.0], [0.0, 0.1570796, 0.3141593, 0.4712389, 0.6283185, 0.7853982, 0.9424778, 1.099557, 1.256637, 1.413717, 1.570796, 1.727876, 1.884956, 2.042035, 2.199115, 2.356194, 2.513274, 2.670354, 2.827433, 2.984513, 3.141593, 3.298672, 3.455752, 3.612832, 3.769911, 3.926991, 4.08407, 4.24115, 4.39823, 4.555309, 4.712389, 4.869469, 5.026548, 5.183628, 5.340708, 5.497787, 5.654867, 5.811946, 5.969026, 6.126106, 6.283185]], "zvals": [0.0, -1501.9509204563026, 0.0, -1368.6704065963997, 0.0, 0.0, 0.0, 0.0, 0.0, 0.0, 0.0, -1573.0303030303007, -1535.5356222028415, 0.0, 0.0, -1605.655716832185, 0.0, -1379.456197200134, 0.0, 0.0, -1386.940329388396, -1588.841354723705, 0.0, -1535.4783261925518, 0.0, 0.0, 0.0, 0.0, 0.0, -1465.84797555386, -4401.03259485613, 0.0, 0.0, 0.0, 0.0, -1326.0007639419346, 0.0, 0.0, 0.0, 0.0, -2157.5799785586446, 0.0, -2169.715227184182, -1129.630582201637, 0.0, 0.0, 0.0, 0.0, 0.0, 0.0, 0.0, 0.0, 0.0, -1295.1375095492751, -1227.2031270889188, 0.0, 0.0, -1050.3381101229334, 0.0, -1025.91278329514, 0.0, 0.0, -1253.0551311433674, 0.0, 0.0, 0.0, 0.0, 0.0, 0.0, -1286.6819455054797, 0.0, -1243.5862209461463, 0.0, 0.0, -2424.685667721348, 0.0, -1187.5965596928986, 0.0, 0.0, 0.0, 0.0, 0.0, 0.0, -974.4185750409338, -902.3248707503251, 0.0, 0.0, -997.3795518207268, -999.6214667685255, -2090.4831326911894, 0.0, 0.0, -1018.0063534909192, 0.0, 0.0, 0.0, -981.3227654698228, -903.8954920772344, 0.0, -956.2384772090667, -1921.9666537220112, 0.0, 0.0, 0.0, -932.9122740005079, 0.0, 0.0, -1996.8907563025236, -1028.3531216776237, 0.0, 0.0, -1023.3977807345312, 0.0, 0.0, 0.0, -930.984593837531, 0.0, 0.0, 0.0, 0.0, 0.0, 0.0, 0.0, -844.7373178948774, 0.0, 0.0, -795.570005449482, 0.0, 0.0, -1766.8969117450458, -938.5178253119449, 0.0, -890.3642116387321, -888.0839062897893, 0.0, 0.0, 0.0, 0.0, -1485.1591545709205, 0.0, -1573.534336225723, 0.0, 0.0, 0.0, 0.0, 0.0, 0.0, -916.0073847720938, -938.1416993996638, 0.0, 0.0, 0.0, 0.0, -818.9714795008895, -818.8325619592725, 0.0, -758.7957651882208, -1692.6648841354688, 0.0, -1547.8860955315545, 0.0, 0.0, 0.0, 0.0, -736.0860760492913, 0.0, -766.9075218106534, -1519.735166793988, -803.7932263814615, 0.0, 0.0, -797.6820728291304, -1407.0728741588637, 0.0, 0.0, 0.0, 0.0, 0.0, -672.5416348357516, 0.0, 0.0, 0.0, -702.3149987267624, 0.0, 0.0, -748.8220576907178, 0.0, 0.0, 0.0, -749.2415329768281, 0.0, 0.0, 0.0, -717.4933791698467, 0.0, 0.0, 0.0, 0.0, -1297.0957473898668, 0.0, -546.1441205605306, 0.0, -559.0796004064175, 0.0, -599.436591742917, -652.2746429198947, 0.0, 0.0, 0.0, 0.0, 0.0, 0.0, 0.0, 0.0, 0.0, 0.0, 0.0, -607.9050668771761, 0.0, -1102.7718360071317, 0.0, 0.0, 0.0, -1177.068990762609, -596.7822765469816, 0.0, -1892.3924115100501, -1324.4143111790188, 0.0, -1337.3185637891538, 0.0, 0.0, 0.0, 0.0, -637.4964189993584, 0.0, -629.8579695567213, -568.9517443340948, 0.0, 0.0, 0.0, 0.0, -1013.2448771196271, -1053.10976091103, -523.8638729256554, 0.0, 0.0, -583.7703081232497, -577.5732111026241, -588.1361607853374, -562.4849758085063, 0.0, -525.2804003081267, -543.1712503183095, -523.5531165846493, 0.0, 0.0, 0.0, 0.0, 0.0, -497.77971593911417, 0.0, 0.0, 0.0, -1056.6801629742813, -540.4409246302839, 0.0, -615.7342755283953, 0.0, -1148.4929971988836, 0.0, 0.0, 0.0, -577.914183855359, 0.0, 0.0, 0.0, 0.0, -992.2610134963112, -462.73263771732894, -420.75075312134703, 0.0, 0.0, 0.0, -473.11549487298424, -509.21698298187624, -480.57005637920236, 0.0, -499.59447415329754, 0.0, 0.0, 0.0, -459.8591791391596, 0.0, 0.0, 0.0, -1266.261777438246, -454.64804334124835, 0.0, 0.0, 0.0, 0.0, -420.7327476445117, 0.0, -440.4927425515654, -492.30922020130106, 0.0, -472.0188439011975, 0.0, -502.93633817163294, 0.0, -530.1967799642199, 0.0, -490.599057804938, -488.18619930098976, -439.2725999490686, -945.8845549054955, -413.357652151768, -854.3832442067747, -446.3536182430506, 0.0, -725.8385392892919, -378.5012184904982, 0.0, 0.0, 0.0, -412.5597787612882, 0.0, -448.12414056531793, 0.0, -431.88273491214755, 0.0, -1273.2548590199872, 0.0, -854.9568051744677, -734.3295136236318, -377.7403870639167, -714.5794154533717, -350.3772599949073, 0.0, -380.51490014578707, -380.19684237331325, 0.0, 0.0, -410.22459893048153, -1227.228719306851, 0.0, 0.0, 0.0, -470.90883626177913, -472.8581614463984, 0.0, 0.0, 0.0, 0.0, -405.64145658263215, -819.7359290548104, -400.0981665393421, 0.0, -379.8099045703134, -314.3590892770287, -651.1842077620466, 0.0, 0.0, -714.7622512648029, -753.3458195717325, -388.56627739382424, 0.0, -748.636618283677, 0.0, 0.0, 0.0, -359.0942137395835, 0.0, 0.0, -343.72943722943666, -333.0639164756806, 0.0, -636.3256939139283, 0.0, 0.0, 0.0, 0.0, 0.0, 0.0, -372.90815449550945, -391.8804430863237, 0.0, 0.0, -376.8473389355747, -405.1796536796542, 0.0, 0.0, -356.3171632289264, 0.0, -337.13992869875074, 0.0, -339.0492742551551, -317.5727018079964, -654.7804607872486, 0.0, -275.0038356324848, -307.3394635586034, -308.0333792548492, -293.49483096797354, -338.69299387062364, -689.233966050248, 0.0, 0.0, -333.2334685094758, 0.0, 0.0, 0.0, 0.0, 0.0, -288.9022154316271, -270.93430099312445, -302.4363536819054, 0.0, -548.6215940921837, 0.0, 0.0, -274.13725490196066, 0.0, -324.88171632289266, 0.0, 0.0, 0.0, 0.0, -352.4620575502937, 0.0, 0.0, 0.0, -343.82824038706275, 0.0, 0.0, -277.2422793626146, -547.4737713267107, -267.10071301247837, -301.24625188599464, -503.5783131609707, -254.27919712095212, -234.75715497111017, 0.0, 0.0, -273.2297510306877, -262.1887557359602, 0.0, 0.0, 0.0, -277.9545454545457, -306.9076903488667, 0.0, -270.0457091927679, 0.0, 0.0, 0.0, -740.7215477562249, -482.53628724216935, -983.2993379169874, -233.63874228891203, 0.0, 0.0, -258.04849788959706, 0.0, -258.2121098300864, 0.0, 0.0, 0.0, -311.47720906544515, -286.84364654952964, 0.0, -585.6823274764465, -265.65087853323064, -290.87223626328245, -271.4954163483566, -751.2882052979735, -263.4862490450717, -713.4703335879823, -231.54043506770557, 0.0, -206.7517317641935, 0.0, 0.0, 0.0, -456.1501302524321, -490.5539371221651, -257.8827349121463, 0.0, -487.55645248569095, 0.0, 0.0, -229.12012426868026, 0.0, 0.0, -421.17888973771267, 0.0, 0.0, -190.4658772599946, 0.0, -204.1577804798858, -213.51171377641936, 0.0, -237.12679607076677, 0.0, -225.5509648011515, -260.57219251336784, 0.0, -507.6142577938472, -267.39610389610425, -250.88298955946047, -235.84960433921702, -523.9769544181315, -462.7478991596618, -441.8883491746201, 0.0, -465.1689913992333, -426.533231474406, -446.8268398268404, 0.0, -182.12702349636749, -179.9811178656441, 0.0, 0.0, -195.41251988640158, -196.85407907837813, 0.0, 0.0, 0.0, 0.0, 0.0, 0.0, 0.0, -372.09205500381955, 0.0, -378.6806722689074, -560.6157372039723, 0.0, 0.0, -180.1956964604028, -544.3346341649745, -372.63700025464715, -171.10580595874708, 0.0, -173.72370766488405, -199.92576983556108, 0.0, -655.6695951107732, -433.2283755307828, 0.0, 0.0, 0.0, -200.3069773363896, 0.0, 0.0, -375.022026992614, -377.89227076821345, -177.19786096256627, 0.0, -164.32177439377693, -143.58045220385083, 0.0, 0.0, -301.015790720119, 0.0, -179.3373550734787, 0.0, 0.0, 0.0, -175.09291503001657, -193.04621848739512, 0.0, 0.0, -178.5175706646294, -339.083645808797, -446.1018589253881, -612.3552330022916, -136.9504516835478, -291.8498854087088, -285.5797046091171, 0.0, -141.88744588744584, -287.2894066717595, -305.1043105698408, 0.0, 0.0, 0.0, 0.0, 0.0, 0.0, -187.77973007384819, -349.92557884885866, -180.11471861471904, -164.23172905525792, -163.25466803328317, 0.0, 0.0, 0.0, 0.0, 0.0, -118.95026470655644, -251.16816495065896, 0.0, -134.23321678944944, -116.15313754737244, 0.0, 0.0, -144.14693149987264, 0.0, -145.6631376568477, 0.0, -127.94792462439517, 0.0, -272.79857397504446, -238.3973669300162, -234.79984721161182, -120.71389101094978, 