{"bins": [-1.0, -0.95, -0.9, -0.85, -0.8, -0.75, -0.7, -0.65, -0.6, -0.55, -0.5, -0.45, -0.4, -0.35, -0.3, -0.25, -0.2, -0.15, -0.1, -0.05, 0.0, 0.05, 0.1, 0.15, 0.2, 0.25, 0.3, 0.35, 0.4, 0.45, 0.5, 0.55, 0.6, 0.65, 0.7, 0.75, 0.8, 0.85, 0.9, 0.95, 1.0], "yvals": [-0.015130411999999987, -0.00732589200000001, 0.012330275999999989, 0.013678956000000018, 0.029932339999999974, -0.05479571999999995, 0.014505848000000019, -0.017288725999999983, 0.017448030000000024, 0.014344829999999987, 0.012183994000000002, -0.014402940000000003, -0.02425655999999998, -0.015487942000000005, 0.009067282000000003, -0.006256476000000001, -0.0003240145999999999, -0.0024231140000000005, -0.003885884, 0.0001721069, 0.0008482982, 0.0007738144, -0.002884598000000001, 0.0020610399999999992, 0.007599416000000001, -0.017092356000000003, 0.021598900000000004, 0.012228347999999988, 0.007636336000000001, 0.024835080000000006, -0.003331841999999997, 0.027046580000000035, 0.002777307999999998, -0.016348446000000023, -0.001163721799999999, -0.010314807999999991, 0.02249524000000003, 0.007832431999999993, 0.009772124000000014, 0.01020868799999999]}