{"bins": [0.0, 0.1570796, 0.3141593, 0.4712389, 0.6283185, 0.7853982, 0.9424778, 1.099557, 1.256637, 1.413717, 1.570796, 1.727876, 1.884956, 2.042035, 2.199115, 2.356194, 2.513274, 2.670354, 2.827433, 2.984513, 3.141593, 3.298672, 3.455752, 3.612832, 3.769911, 3.926991, 4.08407, 4.24115, 4.39823, 4.555309, 4.712389, 4.869469, 5.026548, 5.183628, 5.340708, 5.497787, 5.654867, 5.811946, 5.969026, 6.126106, 6.283185], "yvals": [0.007259185788606541, 0.020752592473756958, 0.026749234146254505, 0.045180418081023896, 0.05048241115815728, 0.07220409270204406, 0.07134872090003011, 0.07660548764960524, 0.0682494907053731, 0.09933415669822179, 0.06560962566844925, 0.0760566590272472, 0.07274785299117016, 0.07005735930735926, 0.05595303000401073, 0.05597373312961545, 0.05121262414056528, 0.038897662959402605, 0.01640338680926915, 0.008370690094219525, -0.006927316827838223, -0.021440832696715033, -0.03997137764196585, -0.030577263669873126, -0.06566673032849499, -0.09301561634591539, -0.06177254901960762, -0.11571734148204761, -0.07836006086109516, -0.11245976572447185, -0.09566666666666687, -0.05747802698005448, -0.07652030812324946, -0.09695206264323877, -0.0656717320583912, -0.04426016679399017, -0.05139023039362374, -0.04978207919531432, -0.028294646040234333, -0.006059919530936681]}