{"bins": [[-1.0, -0.95, -0.9, -0.85, -0.8, -0.75, -0.7, -0.65, -0.6, -0.55, -0.5, -0.45, -0.4, -0.35, -0.3, -0.25, -0.2, -0.15, -0.1, -0.05, 0.0, 0.05, 0.1, 0.15, 0.2, 0.25, 0.3, 0.35, 0.4, 0.45, 0.5, 0.55, 0.6, 0.65, 0.7, 0.75, 0.8, 0.85, 0.9, 0.95, 1.0], [0.0, 0.1570796, 0.3141593, 0.4712389, 0.6283185, 0.7853982, 0.9424778, 1.099557, 1.256637, 1.413717, 1.570796, 1.727876, 1.884956, 2.042035, 2.199115, 2.356194, 2.513274, 2.670354, 2.827433, 2.984513, 3.141593, 3.298672, 3.455752, 3.612832, 3.769911, 3.926991, 4.08407, 4.24115, 4.39823, 4.555309, 4.712389, 4.869469, 5.026548, 5.183628, 5.340708, 5.497787, 5.654867, 5.811946, 5.969026, 6.126106, 6.283185]], "zvals": [0.0, -32.55945866970714, 0.0, -97.93421933847544, 0.0, 0.0, 0.0, 0.0, 0.0, 0.0, 0.0, 12.776916221033849, 28.794835719606077, 0.0, 0.0, 11.031232492997182, 0.0, 60.88555440256173, 0.0, 0.0, -25.96802882625938, -8.608943213649082, 0.0, -34.74876972733463, 0.0, 0.0, 0.0, 0.0, 0.0, -17.649681690858188, 64.55231729055266, 0.0, 0.0, 0.0, 0.0, 138.17710720651837, 0.0, 0.0, 0.0, 0.0, -89.44513482336356, 0.0, -325.74083458323076, -196.73923284755017, 0.0, 0.0, 0.0, 0.0, 0.0, 0.0, 0.0, 0.0, 0.0, 132.51502419149486, 173.22913947758798, 0.0, 0.0, 141.4194131615304, 0.0, 6.4318780239368705, 0.0, 0.0, -114.79784823020125, 0.0, 0.0, 0.0, 0.0, 0.0, 0.0, -44.03986503692402, 0.0, 88.02909364077937, 0.0, 0.0, 392.9375664474581, 0.0, 167.41868741206727, 0.0, 0.0, 0.0, 0.0, 0.0, 0.0, -237.40460250726363, -326.750687708214, 0.0, 0.0, -229.54851031321584, -128.81385281385278, -17.555777666015157, 0.0, 0.0, 228.69842563296191, 0.0, 0.0, 0.0, 244.25872167048598, 186.1515543134345, 0.0, 10.662915711739254, -114.39289784121357, 0.0, 0.0, 0.0, -298.9530175706642, 0.0, 0.0, -479.51667939903297, -152.10333653766523, 0.0, 0.0, 128.26985147600843, 0.0, 0.0, 0.0, 312.49643493761, 0.0, 0.0, 0.0, 0.0, 0.0, 0.0, 0.0, -309.0999722433726, 0.0, 0.0, -366.4210156405185, 0.0, 0.0, -176.1066724387092, 97.09153297682728, 0.0, 278.46357565301616, 315.48242933537074, 0.0, 0.0, 0.0, 0.0, 359.0243188184367, 0.0, -43.60773878112294, 0.0, 0.0, 0.0, 0.0, 0.0, 0.0, -269.216068245481, -139.21122492503753, 0.0, 0.0, 0.0, 0.0, 356.1648841354716, 369.4675927399605, 0.0, 316.8375148810485, 448.9334097275264, 0.0, 111.07554797267666, 0.0, 0.0, 0.0, 0.0, -394.36324362727913, 0.0, -382.9100224600074, -596.76712503183, -186.68372803666915, 0.0, 0.0, 233.92195059842084, 676.824400460915, 0.0, 0.0, 0.0, 0.0, 0.0, 137.5385790679906, 0.0, 0.0, 0.0, -299.80252100840295, 0.0, 0.0, -400.2550309080153, 0.0, 0.0, 0.0, -7.10556277056278, 0.0, 0.0, 0.0, 391.5297937356744, 0.0, 0.0, 0.0, 0.0, 371.5874713521778, 0.0, -86.59409624165065, 0.0, -333.30031398093666, 0.0, -426.99648649698156, -440.61062034789967, 0.0, 0.0, 0.0, 0.0, 0.0, 0.0, 0.0, 0.0, 0.0, 0.0, 0.0, 285.0300804054009, 0.0, 111.75129870129886, 0.0, 0.0, 0.0, -733.4412620401195, -428.5389610389604, 0.0, -1277.8800611153495, -622.8472116119183, 0.0, -205.97224344283197, 0.0, 0.0, 0.0, 0.0, 442.272869065885, 0.0, 348.97510170041903, 301.86338171632156, 0.0, 0.0, 0.0, 0.0, -581.4264869531123, -825.4956085958977, -482.27899594919063, 0.0, 0.0, -351.30022918258237, -210.0746116628474, -52.759783293756655, 93.97116119174962, 0.0, 379.86057970830075, 448.8497580850525, 471.4288988343452, 0.0, 0.0, 0.0, 0.0, 0.0, -117.46891691441904, 0.0, 0.0, 0.0, -948.2224344283175, -486.2577429191702, 0.0, -316.4452508276049, 0.0, -174.75821237586007, 0.0, 0.0, 0.0, 427.61102622867236, 0.0, 0.0, 0.0, 0.0, 443.42653425006523, 33.90013942029185, -19.17365463115514, 0.0, 0.0, 0.0, -491.6658231458292, -498.9905754789287, -459.17537140499826, 0.0, -267.98179271708676, 0.0, 0.0, 0.0, 382.06456623737125, 0.0, 0.0, 0.0, 1358.996689584923, 275.07878201414553, 0.0, 0.0, 0.0, 0.0, -360.9592564298441, 0.0, -486.2711993888457, -503.0331234601708, 0.0, -400.60453272218035, 0.0, -167.0024191494782, 0.0, 190.93513455013016, 0.0, 449.04609116373626, 496.5535813189552, 482.26661573720185, 839.5057264179189, 304.35739750445504, 347.9959256429849, 113.71548074535768, 0.0, -471.8416192544302, -370.0689332032935, 0.0, 0.0, 0.0, -510.0843396197598, 0.0, -224.77285459638446, 0.0, 86.9142347848232, 0.0, 1283.5299435316026, 0.0, 1014.5857816767374, 986.6191749427051, 435.7860962566848, 690.7724138809144, 211.2838044308634, 0.0, -87.99113821707562, -283.7247262541382, 0.0, 0.0, -493.3568882098297, -1605.527155125772, 0.0, 0.0, 0.0, -93.5238859180039, 125.44606569900732, 0.0, 0.0, 0.0, 0.0, 523.7286732874957, 902.9101280247559, 292.5938375350134, 0.0, 93.37095346927383, -18.09193555369378, -454.3009695078356, 0.0, 0.0, -1043.8196660676062, -1093.6960623785637, -476.6468125633438, 0.0, -643.5505474917239, 0.0, 0.0, 0.0, 440.7209111338883, 0.0, 0.0, 519.2951362363119, 470.95098039215617, 0.0, 424.3689839572186, 0.0, 0.0, 0.0, 0.0, 0.0, 0.0, -547.7839813087694, -531.2822765469801, 0.0, 0.0, -130.67456073338445, 98.23291316526624, 0.0, 0.0, 532.3654188948284, 0.0, 506.0561497326181, 0.0, 383.60185892538664, 158.46282149223347, 198.7895262893198, 0.0, -274.3166685446943, -399.2249789278812, -467.12571205936365, -548.9688355656396, -560.2704616003607, -1022.6093588457298, 0.0, 0.0, -55.57547476110742, 0.0, 0.0, 0.0, 0.0, 0.0, 509.04991087344007, 487.63177998472094, 342.7839494776515, 0.0, 162.08148714031105, 0.0, 0.0, -420.85090399796263, 0.0, -534.8683473389353, 0.0, 0.0, 0.0, 0.0, -78.62202699261542, 0.0, 0.0, 0.0, 526.9227145403598, 0.0, 0.0, 480.1386563448981, 688.9924879042503, 245.1125541125547, 41.02834879264587, -89.28526683286692, -233.20543647587832, -360.0168322302832, 0.0, 0.0, -579.5935309231753, -563.1617680762322, 0.0, 0.0, 0.0, 8.217783295136245, 356.0789406671758, 0.0, 519.1715049656224, 0.0, 0.0, 0.0, 1087.6716811286046, 402.5758848994141, 374.6953144894331, -150.2963476976554, 0.0, 0.0, -493.83991494725603, 0.0, -582.8341153177719, 0.0, 0.0, 0.0, -15.277158135981704, 154.15813598166577, 0.0, 924.3656735421464, 514.1963330786842, 557.1303611558534, 563.7701807995908, 1446.6733299804605, 316.0547491723952, 806.4334097275294, 15.382183487289886, 0.0, -173.05202390888184, 0.0, 0.0, 0.0, -1182.060178406361, -1050.3622376482692, -418.40960020371716, 0.0, -337.68816964711954, 0.0, 0.0, 403.9499869492424, 0.0, 0.0, 1101.9676597911875, 0.0, 0.0, 179.42105933282377, 0.0, -56.955646521813826, -194.0883626177741, 0.0, -530.5721324938404, 0.0, -592.7254438849255, -532.0413801884366, 0.0, -596.767231775092, -177.34823020117162, 15.184466513878299, 255.31318635845568, 838.6531703590539, 1050.9922332569345, 1163.0909287683291, 0.0, 1041.395858135081, 760.2104660045803, 575.6587725999499, 0.0, -51.92420912709226, -294.3380971570484, 0.0, 0.0, -567.16112903195, -598.3039172495985, 0.0, 0.0, 0.0, 0.0, 0.0, 0.0, 0.0, 1021.3686019862487, 0.0, 1107.5463458110512, 1470.016552075375, 0.0, 0.0, 47.28631270690106, -244.37665123918546, -419.02737458619794, -433.8384262796025, 0.0, -562.9722434428314, -600.293100923741, 0.0, -1259.7953908836291, -599.7150478421671, 0.0, 0.0, 0.0, 446.5255920550049, 0.0, 0.0, 1134.5788133435155, 1009.7106551480498, 344.190985485102, 0.0, 67.44696617625547, -111.8714460693814, 0.0, 0.0, -969.1963819617572, 0.0, -598.7144097642215, 0.0, 0.0, 0.0, -95.95735903589905, 145.17557932263827, 0.0, 0.0, 520.778966131907, 1165.8044678155582, 1709.0679908326958, 1968.8642729819192, 387.9828621267007, 578.7318563789149, 34.685790679908415, 0.0, -244.63343519225862, -777.6292335115861, -1058.992481490206, 0.0, 0.0, 0.0, 0.0, 0.0, 0.0, 48.85494015788146, 620.3004857428413, 440.2136490960031, 577.7033358798046, 597.5198467013433, 0.0, 0.0, 0.0, 0.0, 0.0, -7.15246282776376, -438.2572668524325, 0.0, -503.5044652520125, -607.2528786342219, 0.0, 0.0, -479.6522790934554, 0.0, -137.9496941029672, 0.0, 318.8467023172904, 0.0, 1111.2518461930222, 1190.5781167438045, 1162.10606060606, 538.4006875477461, 429.8976947905196, 0.0, 8.033990323402108, -314.14256520604295, 0.0, -902.4672778202186, -523.766512391854, -1767.8673287496808, -612.5470623062301, 