{"bins": [-1.0, -0.95, -0.9, -0.85, -0.8, -0.75, -0.7, -0.65, -0.6, -0.55, -0.5, -0.45, -0.4, -0.35, -0.3, -0.25, -0.2, -0.15, -0.1, -0.05, 0.0, 0.05, 0.1, 0.15, 0.2, 0.25, 0.3, 0.35, 0.4, 0.45, 0.5, 0.55, 0.6, 0.65, 0.7, 0.75, 0.8, 0.85, 0.9, 0.95, 1.0], "yvals": [0.008505901999999992, -0.04395112000000005, 0.05390383999999995, -0.02778186000000004, -0.015687545999999986, 0.028219319999999975, -0.03321068000000004, -0.04706365999999996, 0.04643638000000006, -0.06179429999999994, -0.03569702000000001, -0.024786480000000007, -0.03474963999999997, 0.03342802000000001, 0.04969140000000002, 0.023516420000000007, 0.0046910899999999985, -0.003755370000000001, 0.0006894287999999999, -8.898964e-05, -0.0018495652, -0.0026608879999999997, -0.0014746996000000003, -0.014755211999999997, 0.021773720000000003, 0.019253560000000003, 0.023366060000000008, -0.002183403999999998, -0.03604112000000001, -0.039937520000000004, -0.035032739999999965, 0.008682532000000012, 0.06052019999999995, 0.012079798000000015, 0.09383087999999991, -0.045162479999999956, 0.11049456000000014, 0.060131899999999947, -0.03123970000000004, 0.014512787999999987]}