{"bins": [[-1.0, -0.95, -0.9, -0.85, -0.8, -0.75, -0.7, -0.65, -0.6, -0.55, -0.5, -0.45, -0.4, -0.35, -0.3, -0.25, -0.2, -0.15, -0.1, -0.05, 0.0, 0.05, 0.1, 0.15, 0.2, 0.25, 0.3, 0.35, 0.4, 0.45, 0.5, 0.55, 0.6, 0.65, 0.7, 0.75, 0.8, 0.85, 0.9, 0.95, 1.0], [0.0, 0.1570796, 0.3141593, 0.4712389, 0.6283185, 0.7853982, 0.9424778, 1.099557, 1.256637, 1.413717, 1.570796, 1.727876, 1.884956, 2.042035, 2.199115, 2.356194, 2.513274, 2.670354, 2.827433, 2.984513, 3.141593, 3.298672, 3.455752, 3.612832, 3.769911, 3.926991, 4.08407, 4.24115, 4.39823, 4.555309, 4.712389, 4.869469, 5.026548, 5.183628, 5.340708, 5.497787, 5.654867, 5.811946, 5.969026, 6.126106, 6.283185]], "zvals": [0.0, 35.59708861170474, 0.0, 79.15432685084498, 0.0, 0.0, 0.0, 0.0, 0.0, 0.0, 0.0, 84.90100585688809, 102.64214821841246, 0.0, 0.0, 35.48349885408703, 0.0, 49.638105666575385, 0.0, 0.0, -20.516988267050323, -17.143735676088593, 0.0, -49.29984275428284, 0.0, 0.0, 0.0, 0.0, 0.0, -150.8702571937868, -437.98548510313276, 0.0, 0.0, 0.0, 0.0, -113.19809014514847, 0.0, 0.0, 0.0, 0.0, 41.530841687908605, 0.0, 164.12685033575352, 111.10636900017586, 0.0, 0.0, 0.0, 0.0, 0.0, 0.0, 0.0, 0.0, 0.0, 163.417748917749, 158.46001056793102, 0.0, 0.0, 68.2643255941279, 0.0, 2.8673414820473746, 0.0, 0.0, -74.02156862745103, 0.0, 0.0, 0.0, 0.0, 0.0, 0.0, -203.55869620575575, 0.0, -208.275835725972, 0.0, 0.0, -318.3832339141465, 0.0, -100.37056512964858, 0.0, 0.0, 0.0, 0.0, 0.0, 0.0, 108.79048584284646, 160.68097914625486, 0.0, 0.0, 223.49796282149188, 241.32824038706386, 481.58544426689656, 0.0, 0.0, 209.9754900400437, 0.0, 0.0, 0.0, 120.61529157117374, 76.63391032537763, 0.0, 4.391762159409224, -47.24641740780113, 0.0, 0.0, 0.0, -145.6391647568116, 0.0, 0.0, -444.4525082760383, -238.6424665295798, 0.0, 0.0, -242.4378815755121, 0.0, 0.0, 0.0, -157.73389355742228, 0.0, 0.0, 0.0, 0.0, 0.0, 0.0, 0.0, 128.38930071123193, 0.0, 0.0, 211.16786945693684, 0.0, 0.0, 512.7943264217369, 248.5460911637387, 0.0, 219.6802882625946, 196.51718869365942, 0.0, 0.0, 0.0, 0.0, 122.7108225108226, 0.0, -14.6693319921823, 0.0, 0.0, 0.0, 0.0, 0.0, 0.0, -230.31181563534588, -251.9870892990148, 0.0, 0.0, 0.0, 0.0, -210.47822765469778, -189.35109085237448, 0.0, -118.28867003227727, -172.30685001273199, 0.0, -37.1916933517531, 0.0, 0.0, 0.0, 0.0, 163.2042841945838, 0.0, 208.4716499702061, 482.8944486885656, 255.69442322383492, 0.0, 0.0, 245.1361089890498, 462.59958364899217, 0.0, 0.0, 0.0, 0.0, 0.0, 43.2280239368474, 0.0, 0.0, 0.0, -103.42481538069758, 0.0, 0.0, -192.5391681892555, 0.0, 0.0, 0.0, -271.3206009676602, 0.0, 0.0, 0.0, -217.64234784822924, 0.0, 0.0, 0.0, 0.0, -114.07691622103403, 0.0, 23.683890205984717, 0.0, 99.48833585010391, 0.0, 147.67484277089895, 181.7869411432164, 0.0, 0.0, 0.0, 0.0, 0.0, 0.0, 0.0, 0.0, 0.0, 0.0, 0.0, 88.98270297111638, 0.0, 30.829640947288045, 0.0, 0.0, 0.0, -234.04045098326304, -149.5432900432898, 0.0, -662.5727018079931, -504.7300738477216, 0.0, -544.1917494270442, 0.0, 0.0, 0.0, 0.0, -199.8403351179984, 0.0, -114.64833618752373, -89.80550038197057, 0.0, 0.0, 0.0, 0.0, 161.20119990119676, 253.53043934412904, 167.65845618498142, 0.0, 0.0, 247.8936847466261, 264.9994907053736, 271.13949032015745, 269.2888973771332, 0.0, 238.4625570572776, 210.66246498599455, 175.8471851743393, 0.0, 0.0, 0.0, 0.0, 0.0, -31.093615314586977, 0.0, 0.0, 0.0, -328.9345556404382, -186.815296761503, 0.0, -254.69022154316363, 0.0, -547.8240387063936, 0.0, 0.0, 0.0, -227.58530685001224, 0.0, 0.0, 0.0, 0.0, -119.54017061370045, -8.59141196468023, 4.684961000664628, 0.0, 0.0, 0.0, 158.98642536241138, 195.38819808555644, 229.56406704388613, 0.0, 261.7902979373567, 0.0, 0.0, 0.0, 241.7516026967324, 0.0, 0.0, 0.0, 397.98955946014706, 73.1556095977183, 0.0, 0.0, 0.0, 0.0, -95.81375095492727, 0.0, -148.73720397249787, -201.35282246512946, 0.0, -247.1897122485361, 0.0, -272.0783040488927, 0.0, -269.4618631389292, 0.0, -230.3138528138518, -203.90313154527385, -147.24344283167747, -248.28831352376886, -78.0062770562767, -87.12987012987024, -28.60197734897733, 0.0, 112.97456004817955, 94.33298786093177, 0.0, 0.0, 0.0, 217.26861354017637, 0.0, 265.5066208301508, 0.0, 269.6690858161452, 0.0, 699.5357749922034, 0.0, 388.2162478752735, 286.4141838553605, 118.62914438502682, 173.64421724100637, 50.10798319327735, 0.0, -20.95064267024876, -70.16061879297177, 0.0, 0.0, -146.41329258976327, -556.650602563044, 0.0, 0.0, 0.0, -274.7722179781013, -273.1026228673297, 0.0, 0.0, 0.0, 0.0, -169.4387573211099, -255.06464899827586, -73.75528393175435, 0.0, -22.14469152464693, 4.052188826556724, 106.06811701321043, 0.0, 0.0, 302.64381711958924, 389.21323965683604, 231.93115320169696, 0.0, 514.9130379424496, 0.0, 0.0, 0.0, 233.57851781587624, 0.0, 0.0, 154.29908326967126, 126.7010567863507, 0.0, 97.98013750954912, 0.0, 0.0, 0.0, 0.0, 0.0, 0.0, -181.2041074873157, -209.26152279093364, 0.0, 0.0, -272.53157626687073, -273.3128342245993, 0.0, 0.0, -209.08556149732527, 0.0, -140.6284695696454, 0.0, -95.46065699006833, -36.01559714795014, -45.22531974356862, 0.0, 61.73696537490208, 96.98163224250635, 119.07173178439469, 153.96337018723614, 192.36960114489727, 448.4349296405895, 0.0, 0.0, 269.67105723871407, 0.0, 0.0, 0.0, 0.0, 0.0, 137.1899668958492, 125.15089126559708, 81.5537277420916, 0.0, 35.694588744588835, 0.0, 0.0, -100.98609625668445, 0.0, -152.61535523300225, 0.0, 0.0, 0.0, 0.0, -273.3099057804947, 0.0, 0.0, 0.0, -214.20499108734333, 0.0, 0.0, -121.28933848573051, -159.4120193531953, -54.50878533231488, -9.103496966494596, 19.16525124841164, 51.14468642351624, 80.97266608776697, 0.0, 0.0, 192.35826931059162, 209.91308842927668, 0.0, 0.0, 0.0, 268.342245989305, 248.7505729564552, 0.0, 215.6423478482301, 0.0, 0.0, 0.0, 250.0110135664221, 87.28143621084794, 80.37495543672034, -32.07496864634994, 0.0, 0.0, -123.61745363797839, 0.0, -176.1744090553167, 0.0, 0.0, 0.0, -272.8587980646811, -268.7757830404896, 0.0, -473.5788133435204, -224.9210593328233, -203.14669688500757, -164.29258976317746, -360.2238364135256, -71.60995670995648, -177.1828367710725, -3.241050681504222, 0.0, 36.31704160372089, 0.0, 0.0, 0.0, 381.0129386629451, 451.02636122414674, 246.2573211102619, 0.0, 530.4020270055184, 0.0, 0.0, 242.19418254508892, 0.0, 0.0, 300.5010185892534, 0.0, 0.0, 37.40448179271703, 0.0, -11.815895186498505, -41.124446142093134, 0.0, -135.83508934994484, 0.0, -191.4628944671157, -224.51158645276195, 0.0, -521.209327790473, -268.4662592309655, -271.08810797046124, -261.95939622737507, -490.06913674560803, -444.42360580595675, -387.62304318209397, 0.0, -264.50919600965176, -171.07550292844334, -125.55457091927697, 0.0, 10.608143896470327, 62.368364594533894, 0.0, 0.0, 147.43267271327866, 191.79766182241366, 0.0, 0.0, 0.0, 0.0, 0.0, 0.0, 0.0, 443.92004074357, 0.0, 290.21326712503173, 352.1520244461419, 0.0, 0.0, 9.66153679653682, -50.10366758128078, -87.56541889483061, -97.08894830659533, 0.0, -142.82824038706386, -182.91840411512737, 0.0, -743.9942704354487, -519.7804926183627, 0.0, 0.0, 0.0, -240.53195823784117, 0.0, 0.0, -299.0057295645521, -242.56558801622194, -74.17603768780214, 0.0, -13.651563862769734, 22.465170525007707, 0.0, 0.0, 221.17028563861894, 0.0, 195.83052159542046, 0.0, 0.0, 0.0, 265.3952469776352, 266.3314234784825, 0.0, 0.0, 219.36822001527875, 365.24347621260654, 447.46638655462164, 460.95556404379914, 83.53945466930656, 120.54183855360321, 6.945466004583668, 0.0, -50.15774127832949, -167.3360071301247, -253.59978100191634, 0.0, 0.0, 0.0, 0.0, 0.0, 0.0, -268.9313725490203, -511.7352415026821, -241.41201935319643, -204.9247517188687, -186.6850438314485, 0.0, 0.0, 0.0, 0.0, 0.0, 1.4125946335488508, 88.65405268790308, 0.0, 115.58180693100824, 163.86420396779468, 0.0, 0.0, 236.8146167557931, 0.0, 263.9035135186751, 0.0, 250.85204991087332, 0.0, 418.2127578304047, 352.0936598781506, 307.29971988795506, 129.7472625413801, 93.2833287708733, 0.0, 1.5930430353959806, -62.21508922262049, 0.0, -197.82964094728794, -122.30416541994796, -457.17456073338406, 