{"bins": [0.0, 0.1570796, 0.3141593, 0.4712389, 0.6283185, 0.7853982, 0.9424778, 1.099557, 1.256637, 1.413717, 1.570796, 1.727876, 1.884956, 2.042035, 2.199115, 2.356194, 2.513274, 2.670354, 2.827433, 2.984513, 3.141593, 3.298672, 3.455752, 3.612832, 3.769911, 3.926991, 4.08407, 4.24115, 4.39823, 4.555309, 4.712389, 4.869469, 5.026548, 5.183628, 5.340708, 5.497787, 5.654867, 5.811946, 5.969026, 6.126106, 6.283185], "yvals": [4.012203366955353, 4.395955047023901, 5.869197527877584, 9.995900167813009, 15.762240442272295, 16.389117364699175, 16.230392057000557, 16.451623376623363, 16.767959001782543, 16.649259289911424, 16.069295900178265, 16.08679017061369, 16.83935471959972, 16.864457601222295, 16.577887559762924, 16.325662083015015, 10.344334097275267, 5.438541116253606, 4.720692004074354, 4.525359052712004, 4.6494356342986665, 4.617724089635852, 5.885023554876492, 10.433711699208681, 15.2000190985485, 16.837508514823803, 16.573363891010892, 16.15169977081745, 16.083263835394884, 15.69075630252104, 16.056111535523335, 16.07956505961964, 16.89559460147699, 16.586841100076334, 16.848547546139255, 15.294741532976774, 10.138649978673183, 6.083488668194529, 5.251373822256187, 4.26750042972009]}