{"bins": [0.0, 0.1570796, 0.3141593, 0.4712389, 0.6283185, 0.7853982, 0.9424778, 1.099557, 1.256637, 1.413717, 1.570796, 1.727876, 1.884956, 2.042035, 2.199115, 2.356194, 2.513274, 2.670354, 2.827433, 2.984513, 3.141593, 3.298672, 3.455752, 3.612832, 3.769911, 3.926991, 4.08407, 4.24115, 4.39823, 4.555309, 4.712389, 4.869469, 5.026548, 5.183628, 5.340708, 5.497787, 5.654867, 5.811946, 5.969026, 6.126106, 6.283185], "yvals": [1.9820065750103768, 1.9732530683468334, 2.0219869416525116, 1.9785026190542887, 1.9954729987388562, 2.0041787730551897, 1.9654371807343063, 2.038279220779219, 2.04158390628979, 2.0529548825750075, 1.975320218996691, 1.9556245225362858, 1.9985949745032785, 1.9916182836771057, 1.9341783433813562, 2.0487776928953387, 1.951068245480009, 1.9292158722680948, 1.9882181054239865, 2.095506111535528, 1.992985058473762, 2.019484975808504, 1.9963840081487125, 2.0526779518586196, 1.9416603004838284, 2.020355362588258, 2.0056398013750885, 1.9832569391392962, 2.0389676532190752, 2.008868092691626, 1.9775235548765002, 1.9818874579033428, 2.068834351922592, 2.0246810542398705, 1.997941163363664, 1.955806595365412, 2.015467376288371, 2.0173930481283353, 2.0761038961039007, 1.9419292203286302]}