{"bins": [0.0, 0.1570796, 0.3141593, 0.4712389, 0.6283185, 0.7853982, 0.9424778, 1.099557, 1.256637, 1.413717, 1.570796, 1.727876, 1.884956, 2.042035, 2.199115, 2.356194, 2.513274, 2.670354, 2.827433, 2.984513, 3.141593, 3.298672, 3.455752, 3.612832, 3.769911, 3.926991, 4.08407, 4.24115, 4.39823, 4.555309, 4.712389, 4.869469, 5.026548, 5.183628, 5.340708, 5.497787, 5.654867, 5.811946, 5.969026, 6.126106, 6.283185], "yvals": [3.526180356965513e-05, -0.00032476710867158524, 0.00026753270316451014, -0.00023910100356761796, -0.0007883914980739075, -0.0007073973959699414, 0.00017269364753576556, 8.50621976063152e-05, -0.00020483594346829654, 0.0011376065546635755, 4.0601355996944264e-05, -0.0006246258594346825, 6.299798827341667e-05, 0.0008692952635599687, -0.0002431633763902241, 0.0002797992742551564, 0.0001772589763177997, -9.576633413759957e-05, -0.00017965145148968667, -0.00010048885918003588, -0.00010275160906295561, -0.0002698544690603512, 0.00015911166284695685, 2.8782701697871778e-05, 4.148815889992358e-05, 0.0005727574023262198, 0.0007914527629233483, 4.078349248790434e-05, 0.0002830599889227706, -0.00037550681181563615, -0.00021374987267634373, -0.0001233004411792789, -0.0003677156862745106, 0.0001460767125031826, 0.00021179985866984192, 0.0005693423733129596, -0.0005452528982231887, 0.00037711866564807606, -0.00025304844665138837, -0.00013597018060975728]}