{"bins": [0.0, 0.1570796, 0.3141593, 0.4712389, 0.6283185, 0.7853982, 0.9424778, 1.099557, 1.256637, 1.413717, 1.570796, 1.727876, 1.884956, 2.042035, 2.199115, 2.356194, 2.513274, 2.670354, 2.827433, 2.984513, 3.141593, 3.298672, 3.455752, 3.612832, 3.769911, 3.926991, 4.08407, 4.24115, 4.39823, 4.555309, 4.712389, 4.869469, 5.026548, 5.183628, 5.340708, 5.497787, 5.654867, 5.811946, 5.969026, 6.126106, 6.283185], "yvals": [0.001424593645514758, 0.003948820885193951, -0.00438286703047372, 0.0020572709632568457, 0.005764836576591372, 0.003601621088925615, -0.0013689291771284817, -0.001282726636108988, 0.0012086599185128606, -0.005710916799826831, -0.0013115501655207547, 0.0016441526610644246, -0.0015553383966029856, -0.005526899032340204, 0.004340112936802501, -0.0024396937866055495, 9.105691367456067e-05, 0.00039550869307800545, 0.002519759994907052, 0.0029087197606315314, -0.0036814679237835747, -0.0030443099057804917, 0.002796833460656988, -0.0012030405082792738, -0.0003242914438502672, 0.005019309392089346, 0.0015575165520753701, 0.0010222593582887723, 0.00016758650105997574, -0.003380613063407188, -0.002915280112044824, -0.001756637742791839, -0.0019735478736949367, 0.000996353450471094, 0.001901778722808274, 0.005328530048382971, -0.005324924401097553, 0.004915075120957456, -0.004274244970715569, -0.008774718453771696]}