{"bins": [0.0, 0.1570796, 0.3141593, 0.4712389, 0.6283185, 0.7853982, 0.9424778, 1.099557, 1.256637, 1.413717, 1.570796, 1.727876, 1.884956, 2.042035, 2.199115, 2.356194, 2.513274, 2.670354, 2.827433, 2.984513, 3.141593, 3.298672, 3.455752, 3.612832, 3.769911, 3.926991, 4.08407, 4.24115, 4.39823, 4.555309, 4.712389, 4.869469, 5.026548, 5.183628, 5.340708, 5.497787, 5.654867, 5.811946, 5.969026, 6.126106, 6.283185], "yvals": [-0.030572996111525617, -0.08743663248656576, -0.14176570350319198, -0.17574484528863074, -0.19613164527306834, -0.1966622018390676, -0.17416908158432193, -0.13837789661319064, -0.09100401069518722, -0.03194849088675121, 0.03086825821237588, 0.08791545709192762, 0.1389359494267218, 0.1768130252100839, 0.194869333265427, 0.19981041507512082, 0.17424821746880556, 0.13581446278624135, 0.0892518461930226, 0.03180805958747142, -0.02970842696986867, -0.09024064171122989, -0.14108976317799837, -0.17892340796669196, -0.19034332824038694, -0.19720599188943205, -0.17733371530430292, -0.13980022918258242, -0.0897168940469443, -0.02985499108734409, 0.03120021645021652, 0.08863425410143917, 0.14299344283167845, 0.17588006111535462, 0.19607426836178035, 0.19027992105933214, 0.1778594210556477, 0.1400707919531444, 0.09327209065444379, 0.030191858873560528]}