{"bins": [-1.0, -0.95, -0.9, -0.85, -0.8, -0.75, -0.7, -0.65, -0.6, -0.55, -0.5, -0.45, -0.4, -0.35, -0.3, -0.25, -0.2, -0.15, -0.1, -0.05, 0.0, 0.05, 0.1, 0.15, 0.2, 0.25, 0.3, 0.35, 0.4, 0.45, 0.5, 0.55, 0.6, 0.65, 0.7, 0.75, 0.8, 0.85, 0.9, 0.95, 1.0], "yvals": [0.0024247599999999976, -0.002643008000000003, -0.00017125387999999985, -0.004964312000000007, -0.0009656437999999992, 0.002492305999999998, 0.0012006124000000016, -0.004965589999999996, 0.0018035440000000024, -0.0018500227999999983, -0.0015640118000000004, -0.00022573640000000004, 0.0018451815999999985, 0.0014078676000000004, -0.0005098412000000001, -0.0011057934000000002, 0.0011541993999999996, 0.0004533034000000001, 0.0008283316, -1.0006875999999998e-05, 4.7457939999999994e-05, 4.000444e-05, 0.0002880134000000001, -0.0012640353999999996, 0.0015684456000000003, -0.0020611060000000005, 0.0010856794000000003, -0.0027952479999999976, 0.0011919926000000002, 0.0020375040000000003, 0.0017315879999999985, 0.001323804400000002, 0.00024325999999999978, 0.0029138180000000038, -0.006430815999999994, 0.005440073999999995, -0.0007892376000000011, -0.0004836469999999996, -0.0018519070000000025, 0.001964660199999998]}