{"bins": [-1.0, -0.95, -0.9, -0.85, -0.8, -0.75, -0.7, -0.65, -0.6, -0.55, -0.5, -0.45, -0.4, -0.35, -0.3, -0.25, -0.2, -0.15, -0.1, -0.05, 0.0, 0.05, 0.1, 0.15, 0.2, 0.25, 0.3, 0.35, 0.4, 0.45, 0.5, 0.55, 0.6, 0.65, 0.7, 0.75, 0.8, 0.85, 0.9, 0.95, 1.0], "yvals": [0.0013895433999999986, -0.0015982542000000021, -0.00012256195999999989, -0.003262042000000004, -0.0006618403999999995, 0.0018412715999999985, 0.0010461278000000014, -0.004454467999999996, 0.0017163350000000024, -0.001969241599999998, -0.0019174822000000006, -0.00015969112000000004, 0.0028161699999999976, 0.0026339980000000007, -0.0008784532000000002, -0.0027718440000000007, 0.0034879079999999988, 0.0017577134000000003, 0.004185286, -0.0017555728, -0.0012278496, 0.00017209924, -0.0016115544000000002, 0.003770633999999999, -0.003670928000000001, 0.004048906000000001, -0.0019799696000000005, 0.004397051999999996, -0.0016643234000000002, -0.0024315700000000005, -0.001965876799999998, -0.001387824200000002, -0.00013637751999999987, -0.0024463700000000037, 0.004939965999999995, -0.0038732759999999967, 0.0005080184000000007, 0.00031475959999999973, 0.0010951944000000015, -0.001157585199999999]}