{"bins": [0.0, 0.1570796, 0.3141593, 0.4712389, 0.6283185, 0.7853982, 0.9424778, 1.099557, 1.256637, 1.413717, 1.570796, 1.727876, 1.884956, 2.042035, 2.199115, 2.356194, 2.513274, 2.670354, 2.827433, 2.984513, 3.141593, 3.298672, 3.455752, 3.612832, 3.769911, 3.926991, 4.08407, 4.24115, 4.39823, 4.555309, 4.712389, 4.869469, 5.026548, 5.183628, 5.340708, 5.497787, 5.654867, 5.811946, 5.969026, 6.126106, 6.283185], "yvals": [-0.07740744183203929, -0.07509620912186618, -0.07330378992561731, -0.06648520877313159, -0.05955443637847537, -0.05114260540515764, -0.040350555643267894, -0.02991862745098037, -0.01850026101349632, -0.006357678620312065, 0.006094930608607083, 0.01787696715049655, 0.029857434793957232, 0.040946269416857625, 0.05018991717543403, 0.06090182709447411, 0.06552801120448175, 0.0702174701901591, 0.07551343264578553, 0.08141278329513642, 0.07633483788412201, 0.07706327985739746, 0.07261790170613695, 0.06794568338224716, 0.05785373694932514, 0.051290688125083715, 0.041092468805703955, 0.02992343391902222, 0.018401033874674476, 0.005988990960020385, -0.006142027629233524, -0.018056933135555946, -0.030801776165011525, -0.040991972243442684, -0.050953806683261445, -0.05815872167048617, -0.0673809993697441, -0.07275299210593303, -0.07903552330022935, -0.07560959771834577]}