{"bins": [-1.0, -0.95, -0.9, -0.85, -0.8, -0.75, -0.7, -0.65, -0.6, -0.55, -0.5, -0.45, -0.4, -0.35, -0.3, -0.25, -0.2, -0.15, -0.1, -0.05, 0.0, 0.05, 0.1, 0.15, 0.2, 0.25, 0.3, 0.35, 0.4, 0.45, 0.5, 0.55, 0.6, 0.65, 0.7, 0.75, 0.8, 0.85, 0.9, 0.95, 1.0], "yvals": [-0.0017759183999999984, -0.0012836230000000017, 0.0015798397999999987, 2.379198000000003e-05, -0.0008903403999999993, -0.003990681999999996, 0.002671184000000003, -0.0031409699999999973, -0.0013571548000000017, -0.0007747797999999994, -0.0004388550000000001, -0.0005495004000000001, -0.0001916388599999998, 0.00020469060000000006, 0.0010918264000000003, 0.0007113366000000002, 0.00012216113999999995, 0.0004650680000000001, -0.00016534662, 3.1006699999999996e-05, -1.2422435999999998e-05, -5.051816e-05, -0.00022556960000000008, -0.00031051479999999985, -0.0017083164000000002, -6.184374000000002e-05, 0.0010366858000000001, -0.001233599799999999, 0.00020275020000000004, 0.0006425904000000001, 0.0005225125999999996, 0.00011548338000000015, -5.329099999999995e-06, 0.0026738400000000037, 0.0053161559999999955, -0.0015712547999999985, -0.00035261120000000046, 0.0027184359999999977, 0.0005008810000000007, 0.0008885381999999992]}