{"bins": [-1.0, -0.95, -0.9, -0.85, -0.8, -0.75, -0.7, -0.65, -0.6, -0.55, -0.5, -0.45, -0.4, -0.35, -0.3, -0.25, -0.2, -0.15, -0.1, -0.05, 0.0, 0.05, 0.1, 0.15, 0.2, 0.25, 0.3, 0.35, 0.4, 0.45, 0.5, 0.55, 0.6, 0.65, 0.7, 0.75, 0.8, 0.85, 0.9, 0.95, 1.0], "yvals": [66.51613999999995, 56.316340000000075, 51.60281999999995, 43.50080000000006, 41.06181999999997, 39.78559999999997, 36.29936000000005, 36.44339999999997, 35.262500000000045, 34.643959999999964, 35.74082000000001, 34.64836000000001, 34.05237999999997, 33.60902000000001, 32.63044000000001, 32.33340000000001, 33.597039999999986, 34.44006000000001, 33.779599999999995, 34.59556, 35.299339999999994, 35.49178, 33.72298000000001, 34.868299999999984, 33.143420000000006, 33.23312000000001, 33.590880000000006, 33.38011999999997, 33.78296000000001, 34.66850000000001, 35.45785999999997, 35.50112000000005, 35.570539999999966, 37.19838000000005, 37.84297999999997, 41.50283999999996, 45.05356000000006, 48.74413999999995, 58.01742000000008, 61.70571999999994]}