{"bins": [-1.0, -0.95, -0.9, -0.85, -0.8, -0.75, -0.7, -0.65, -0.6, -0.55, -0.5, -0.45, -0.4, -0.35, -0.3, -0.25, -0.2, -0.15, -0.1, -0.05, 0.0, 0.05, 0.1, 0.15, 0.2, 0.25, 0.3, 0.35, 0.4, 0.45, 0.5, 0.55, 0.6, 0.65, 0.7, 0.75, 0.8, 0.85, 0.9, 0.95, 1.0], "yvals": [0.0008858369999999991, 0.000728356200000001, -0.00016856451999999983, -0.0026358280000000037, 0.0005467701999999996, 0.0018846545999999984, 0.0012121408000000016, -0.0015214349999999985, 0.001546908800000002, -0.0007784839999999993, -0.0013262658000000001, -0.0004979540000000001, 0.0015562163999999986, -3.739818000000001e-05, -0.00021129880000000006, -0.0035995900000000006, 0.0013046057999999995, 0.0012687390000000005, 0.003921818, 0.0002846916, -0.00276543, -0.0022533099999999997, -0.0027486640000000005, 0.0015199473999999995, 0.00014490146000000002, 0.003465186000000001, -0.0014198216000000004, 0.0002853147999999998, 0.0013781996000000003, -0.0010733544000000002, 0.00018014855999999983, 0.00033863200000000044, -0.0018410429999999984, 0.0001569309600000002, 0.002376359999999998, -0.001244824199999999, 0.002757284000000004, -0.0013033453999999989, 0.0009644820000000012, -0.0004560885999999996]}