{"bins": [0.0, 0.1570796, 0.3141593, 0.4712389, 0.6283185, 0.7853982, 0.9424778, 1.099557, 1.256637, 1.413717, 1.570796, 1.727876, 1.884956, 2.042035, 2.199115, 2.356194, 2.513274, 2.670354, 2.827433, 2.984513, 3.141593, 3.298672, 3.455752, 3.612832, 3.769911, 3.926991, 4.08407, 4.24115, 4.39823, 4.555309, 4.712389, 4.869469, 5.026548, 5.183628, 5.340708, 5.497787, 5.654867, 5.811946, 5.969026, 6.126106, 6.283185], "yvals": [0.0012505035663447066, 0.004133041379630851, 0.009177919984517401, 0.02235981629696027, 0.0446262820720946, 0.05596785324128659, 0.06392272178620727, 0.07154596384008144, 0.07814985994397765, 0.0800445635635571, 0.07688464476699777, 0.07391730328495029, 0.07232163433686246, 0.06503208556149728, 0.05546216235142828, 0.045051005856888184, 0.02253332696715048, 0.008340427428236747, 0.0042844499618029, 0.0013751604278074896, -0.001406218526983238, -0.0042987579577285434, -0.009238553603259479, -0.023236848974083107, -0.04309831296154822, -0.057618491332387056, -0.06556550802139015, -0.07095658263305338, -0.07546985911547673, -0.07585758848994159, -0.07791074611662863, -0.07491752557630219, -0.07347752737458635, -0.06450483829895572, -0.05688330712571398, -0.04277199516170089, -0.022477695936439696, -0.009464126559714762, -0.004882797300738487, -0.0013457871516880083]}