{"bins": [-1.0, -0.95, -0.9, -0.85, -0.8, -0.75, -0.7, -0.65, -0.6, -0.55, -0.5, -0.45, -0.4, -0.35, -0.3, -0.25, -0.2, -0.15, -0.1, -0.05, 0.0, 0.05, 0.1, 0.15, 0.2, 0.25, 0.3, 0.35, 0.4, 0.45, 0.5, 0.55, 0.6, 0.65, 0.7, 0.75, 0.8, 0.85, 0.9, 0.95, 1.0], "yvals": [-44.57257999999997, -33.56688000000005, -26.73657999999998, -19.071774000000026, -14.586807999999987, -10.619779999999992, -6.440076000000008, -3.193379999999997, 0.1489674800000002, 3.326243999999997, 6.637448000000002, 9.480156000000001, 12.185217999999988, 14.604102000000005, 16.526758000000005, 18.378160000000005, 20.859659999999995, 22.768660000000004, 23.272699999999997, 24.31794, 24.811179999999997, 24.44388, 22.297360000000005, 21.661099999999994, 18.869678000000004, 16.821538000000004, 14.616444000000003, 11.93150599999999, 9.253860000000003, 6.4098760000000015, 3.371029999999997, 0.19968910000000026, -3.105783999999997, -6.567516000000008, -10.106597999999991, -14.710209999999986, -19.673994000000025, -25.21249999999998, -34.563780000000044, -41.31047999999996]}