{"bins": [-1.0, -0.95, -0.9, -0.85, -0.8, -0.75, -0.7, -0.65, -0.6, -0.55, -0.5, -0.45, -0.4, -0.35, -0.3, -0.25, -0.2, -0.15, -0.1, -0.05, 0.0, 0.05, 0.1, 0.15, 0.2, 0.25, 0.3, 0.35, 0.4, 0.45, 0.5, 0.55, 0.6, 0.65, 0.7, 0.75, 0.8, 0.85, 0.9, 0.95, 1.0], "yvals": [21.35139999999998, 22.17114000000003, 24.23977999999998, 23.713920000000034, 25.555279999999975, 27.921899999999976, 28.653120000000037, 31.776139999999973, 33.91612000000004, 36.280039999999964, 40.535120000000006, 42.22796000000001, 44.34227999999996, 46.36178000000001, 47.518000000000015, 49.154600000000016, 52.738359999999986, 55.50700000000001, 55.5415, 57.297239999999995, 58.568599999999996, 58.277879999999996, 54.39810000000001, 54.75327999999998, 50.56816000000001, 48.50338000000001, 46.731220000000015, 43.91925999999996, 41.75440000000001, 39.76400000000001, 37.62373999999996, 34.587980000000044, 31.55219999999997, 29.86012000000004, 27.225639999999977, 26.625819999999976, 25.381100000000036, 23.78855999999998, 23.865500000000033, 20.926959999999983]}