{
    "bins": [
        0.0,
        0.7853982,
        1.570796,
        2.356194,
        3.141593,
        3.926991,
        4.712389,
        5.497787,
        6.283185
    ],
    "yvals": [
        0.28989549504951756,
        0.21860985605001695,
        0.24395580329972835,
        0.31999365927382134,
        0.3057368366102281,
        0.2582130333919873,
        0.1964320000814874,
        0.32949880188133923
    ]
}