{
    "bins": [
        [
            -1.0,
            -0.75,
            -0.5,
            -0.25,
            0.0,
            0.25,
            0.5,
            0.75,
            1.0
        ],
        [
            0.0,
            0.7853982,
            1.570796,
            2.356194,
            3.141593,
            3.926991,
            4.712389,
            5.497787,
            6.283185
        ]
    ],
    "zvals": [
        0.19009541911351463,
        0.17742249850967243,
        0.14573986692097513,
        0.1394031823315283,
        0.16474938820827142,
        0.14573986692097513,
        0.09504770829566668,
        0.17742245332939482,
        0.17742240814914015,
        0.19643202463770587,
        0.19009546752092574,
        0.22177777155305778,
        0.15841288111250595,
        0.21544154683357997,
        0.23445106812087635,
        0.2724701616250615,
        0.21544149197184306,
        0.25346070488101696,
        0.23445106812087635,
        0.27246981470564646,
        0.19009546752092563,
        0.25979714743353055,
        0.2407875752166418,
        0.22811456102511088,
        0.23445100841840483,
        0.25346070488101696,
        0.2978162409377157,
        0.25979681664988113,
        0.304152748033481,
        0.3231622693207776,
        0.1520763740167406,
        0.25979714743353055,
        0.278806597723295,
        0.20910504205639488,
        0.21544154683357997,
        0.2788063137335291,
        0.31048925512924647,
        0.3231622693207776,
        0.2407875752166418,
        0.2534606403377651,
        0.278806597723295,
        0.22811461911403366,
        0.26613365452929605,
        0.21544127252517511,
        0.28514317581659226,
        0.22177805392934544,
        0.22811456102511088,
        0.3041527480334812,
        0.24078751390059205,
        0.21544160169534468,
        0.16474938820827154,
        0.22177777155305778,
        0.24712408231240712,
        0.22811456102511088,
        0.18375896042516027,
        0.14573986692097513,
        0.12039375695029603,
        0.12039381826636132,
        0.19643197461669118,
        0.1140571352904702,
        0.20276848171245654,
        0.20910498880822215,
        0.13940335982520966,
        0.15841288111250604
    ]
}