{
    "bins": [
        0.0,
        0.7853982,
        1.570796,
        2.356194,
        3.141593,
        3.926991,
        4.712389,
        5.497787,
        6.283185
    ],
    "yvals": [
        0.6986006588759689,
        0.7096899176442816,
        0.7224465812237874,
        0.7732427721451136,
        0.7128817491259206,
        0.6453330668018,
        0.7144421045126167,
        0.7656893702301256
    ]
}