{
    "bins": [
        [
            -1.0,
            -0.75,
            -0.5,
            -0.25,
            0.0,
            0.25,
            0.5,
            0.75,
            1.0
        ],
        [
            0.0,
            0.7853982,
            1.570796,
            2.356194,
            3.141593,
            3.926991,
            4.712389,
            5.497787,
            6.283185
        ]
    ],
    "zvals": [
        0.17108585173737345,
        0.11405730955701683,
        0.1520763740167406,
        0.15841267941517626,
        0.17108589530403687,
        0.25979714743353055,
        0.2534606403377651,
        0.22811456102511088,
        0.27247009224110774,
        0.3865275405660673,
        0.3485083486334318,
        0.29781586174670455,
        0.367517869920728,
        0.3801909350418515,
        0.3801909350418515,
        0.25979714743353055,
        0.4372194384962939,
        0.4055370666941007,
        0.38694190716044613,
        0.5005840852865868,
        0.39315129399361837,
        0.4118735214502712,
        0.3611813628249627,
        0.557613337441654,
        0.6083054430224057,
        0.48791183270439514,
        0.43088304273756756,
        0.5512759756505929,
        0.5069212297459376,
        0.43088304273756756,
        0.4689021362417527,
        0.5386038670839499,
        0.46890201683680965,
        0.47523876435610085,
        0.6209784083993085,
        0.5069205843144695,
        0.4055369634249131,
        0.4182100285460366,
        0.437219549833333,
        0.5259305473148647,
        0.5069211006595126,
        0.43088315246108405,
        0.4815751504332836,
        0.46256504018976347,
        0.367517869920728,
        0.34217184153766633,
        0.3801909350418515,
        0.32949877641654307,
        0.31048917606381066,
        0.3294988603227562,
        0.22811456102511088,
        0.3991999480518819,
        0.25346064033776494,
        0.4245465356418021,
        0.3548448557291972,
        0.44355605692909844,
        0.23445100841840483,
        0.23445112782337815,
        0.18390003539606672,
        0.18375872645623434,
        0.15841288111250595,
        0.16474938820827154,
        0.21544154683357997,
        0.25979714743353055
    ]
}