{
    "bins": [
        -1.0,
        -0.75,
        -0.5,
        -0.25,
        0.0,
        0.25,
        0.5,
        0.75,
        1.0
    ],
    "yvals": [
        0.970454,
        1.3088684,
        1.4880292,
        1.63733,
        1.6572368,
        1.5925396,
        1.2939384,
        0.9903608
    ]
}