{
    "bins": [
        0.0,
        0.7853982,
        1.570796,
        2.356194,
        3.141593,
        3.926991,
        4.712389,
        5.497787,
        6.283185
    ],
    "yvals": [
        0.7128917535079657,
        0.7001851800450676,
        0.6970166718020674,
        0.6954316213797065,
        0.7096897369231903,
        0.6827595690337894,
        0.646504829398598,
        0.6954325068309318
    ]
}