{
    "bins": [
        -1.0,
        -0.75,
        -0.5,
        -0.25,
        0.0,
        0.25,
        0.5,
        0.75,
        1.0
    ],
    "yvals": [
        0.637016,
        0.7912932,
        1.030174,
        0.985384,
        1.0251976,
        1.0102672,
        0.8908268,
        0.696736
    ]
}