{
    "bins": [
        [
            -1.0,
            -0.75,
            -0.5,
            -0.25,
            0.0,
            0.25,
            0.5,
            0.75,
            1.0
        ],
        [
            0.0,
            0.7853982,
            1.570796,
            2.356194,
            3.141593,
            3.926991,
            4.712389,
            5.497787,
            6.283185
        ]
    ],
    "zvals": [
        0.1394033243264372,
        0.22811461911403366,
        0.19643197461669118,
        0.1267301333462355,
        0.17108589530403687,
        0.2407875752166418,
        0.23445106812087635,
        0.16474938820827154,
        0.32316218702818517,
        0.335835419961706,
        0.3548448557291972,
        0.34850790489929323,
        0.38019093504185125,
        0.31048925512924663,
        0.3485083486334318,
        0.38652744213761697,
        0.42454642753191946,
        0.37385452314737827,
        0.500665089546956,
        0.44989204213399814,
        0.38652744213761675,
        0.4118735214502712,
        0.4689021362417527,
        0.437219549833333,
        0.48791158421295083,
        0.5386040042383617,
        0.5259305473148647,
        0.5386031813129378,
        0.4752386433375179,
        0.46256562914598726,
        0.4879117084586415,
        0.4815751504332836,
        0.5069211006595126,
        0.6083057528299671,
        0.521717142136853,
        0.380190450968234,
        0.5259305473148644,
        0.5449405269684926,
        0.5069212297459379,
        0.38652744213761697,
        0.47523852231899694,
        0.443556169879773,
        0.39920045632914786,
        0.5069205843144695,
        0.4562291220502215,
        0.3168257622250121,
        0.437219549833333,
        0.4815751504332836,
        0.2856550473377708,
        0.39286404927541174,
        0.39286394923338236,
        0.3865269499961167,
        0.39286394923338214,
        0.39286394923338236,
        0.3429769365340885,
        0.3689654926546796,
        0.12673026243248328,
        0.13940339532400012,
        0.20276848171245665,
        0.22177777155305778,
        0.22811456102511074,
        0.26613365452929605,
        0.19009546752092574,
        0.17108589530403698
    ]
}