{
    "bins": [
        0.0,
        0.7853982,
        1.570796,
        2.356194,
        3.141593,
        3.926991,
        4.712389,
        5.497787,
        6.283185
    ],
    "yvals": [
        0.24237170393311316,
        0.22653042827469086,
        0.18217476998922844,
        0.2471238185941159,
        0.2487081708891542,
        0.19009546752092574,
        0.1790065673709381,
        0.23920343571030236
    ]
}