{
    "bins": [
        -1.0,
        -0.75,
        -0.5,
        -0.25,
        0.0,
        0.25,
        0.5,
        0.75,
        1.0
    ],
    "yvals": [
        0.6420252,
        1.0052908,
        1.1396612,
        1.3437052,
        1.303892,
        1.0550576,
        1.0500808,
        0.7763632
    ]
}