{
    "bins": [
        [
            -1.0,
            -0.75,
            -0.5,
            -0.25,
            0.0,
            0.25,
            0.5,
            0.75,
            1.0
        ],
        [
            0.0,
            0.7853982,
            1.570796,
            2.356194,
            3.141593,
            3.926991,
            4.712389,
            5.497787,
            6.283185
        ]
    ],
    "zvals": [
        0.057028600269264686,
        0.06336518895265558,
        0.08871120119990122,
        0.12039363431835284,
        0.08237469410413571,
        0.03801909350418515,
        0.09504770829566668,
        0.1203937876083209,
        0.12039375695029603,
        0.05069213588324286,
        0.09504770829566668,
        0.1267301333462355,
        0.16474938820827142,
        0.09504770829566668,
        0.08237469410413577,
        0.06970167991260483,
        0.08871117860978037,
        0.12673032697570583,
        0.05702861479148153,
        0.1520761803872936,
        0.1267302947040863,
        0.08237469410413577,
        0.08871120119990122,
        0.08871120119990122,
        0.16474934625518622,
        0.06970169766200006,
        0.06336517281683937,
        0.18375872645623434,
        0.18375896042516016,
        0.05702861479148153,
        0.1203937876083209,
        0.13940335982520966,
        0.1394033243264372,
        0.10138429213832786,
        0.0760381870083703,
        0.1140571352904702,
        0.12039378760832083,
        0.0760381870083703,
        0.0760381870083703,
        0.10138426632102453,
        0.10138424050373428,
        0.057028629313705746,
        0.08871120119990122,
        0.1267301333462355,
        0.1267302947040863,
        0.08871120119990122,
        0.11405728051255544,
        0.09504770829566668,
        0.10772074598592153,
        0.06336518895265558,
        0.06970167991260483,
        0.08237458922152945,
        0.10138426632102447,
        0.0760381870083703,
        0.05702861479148153,
        0.10772077341678998,
        0.11405725146810877,
        0.10772080084767234,
        0.09504770829566668,
        0.1140571352904702,
        0.08871120119990117,
        0.05702861479148153,
        0.06336517281683937,
        0.09504770829566668
    ]
}