{
    "bins": [
        -1.0,
        -0.75,
        -0.5,
        -0.25,
        0.0,
        0.25,
        0.5,
        0.75,
        1.0
    ],
    "yvals": [
        0.6320392,
        0.666876,
        0.7315728,
        0.7166428,
        0.8460368,
        0.7614332,
        0.5972024,
        0.4578552
    ]
}