{
    "bins": [
        0.0,
        0.7853982,
        1.570796,
        2.356194,
        3.141593,
        3.926991,
        4.712389,
        5.497787,
        6.283185
    ],
    "yvals": [
        0.2233621110921823,
        0.15999701043216571,
        0.15841293204209844,
        0.25504437871705976,
        0.2487081708891542,
        0.14257153697870384,
        0.1742541997815121,
        0.20435257028920376
    ]
}