{
    "bins": [
        [
            -1.0,
            -0.75,
            -0.5,
            -0.25,
            0.0,
            0.25,
            0.5,
            0.75,
            1.0
        ],
        [
            0.0,
            0.7853982,
            1.570796,
            2.356194,
            3.141593,
            3.926991,
            4.712389,
            5.497787,
            6.283185
        ]
    ],
    "zvals": [
        0.11405725146810877,
        0.15207641274268913,
        0.1203937876083209,
        0.10772063626258756,
        0.11405728051255537,
        0.08871120119990122,
        0.1520763740167406,
        0.13940335982520966,
        0.22811450293621754,
        0.1584129214520336,
        0.0760381870083703,
        0.24712376766458832,
        0.2661336545292959,
        0.13306680179985184,
        0.10772077341678998,
        0.18375896042516027,
        0.15841284077299897,
        0.20910504205639488,
        0.20910498880822215,
        0.25979681664988113,
        0.2788066687208268,
        0.16474938820827154,
        0.21544154683357997,
        0.23445106812087635,
        0.17742240814914015,
        0.1837590072190169,
        0.17108589530403698,
        0.20910472256776494,
        0.21544154683357986,
        0.13940335982520966,
        0.21544154683357997,
        0.20910498880822215,
        0.24078751390059205,
        0.24712414524206713,
        0.2914796829123579,
        0.18375872645623434,
        0.2661336545292959,
        0.12673029470408637,
        0.17742245332939482,
        0.20910498880822215,
        0.21544149197184306,
        0.1647494301613781,
        0.12673029470408637,
        0.23445076960882305,
        0.2661336545292959,
        0.20910498880822215,
        0.24712408231240726,
        0.22811456102511088,
        0.19643192459570188,
        0.11405730955701683,
        0.13306680179985184,
        0.22177777155305778,
        0.13940335982520957,
        0.15841288111250604,
        0.17742245332939482,
        0.17108589530403698,
        0.16474934625518622,
        0.12039381826636132,
        0.09504770829566668,
        0.09504758727729473,
        0.13306680179985175,
        0.13940335982520966,
        0.1203937876083209,
        0.13306680179985184
    ]
}