{
    "bins": [
        -1.0,
        -0.75,
        -0.5,
        -0.25,
        0.0,
        0.25,
        0.5,
        0.75,
        1.0
    ],
    "yvals": [
        0.7763632,
        1.0998476,
        1.3586356,
        1.1944048,
        1.3685888,
        1.3287752,
        1.030174,
        0.7863164
    ]
}