{
    "bins": [
        -1.0,
        -0.75,
        -0.5,
        -0.25,
        0.0,
        0.25,
        0.5,
        0.75,
        1.0
    ],
    "yvals": [
        0.5573888,
        0.6867828,
        0.7066896,
        0.7216196,
        0.8609668,
        0.8161764,
        0.6569228,
        0.507622
    ]
}