{
    "bins": [
        0.0,
        0.7853982,
        1.570796,
        2.356194,
        3.141593,
        3.926991,
        4.712389,
        5.497787,
        6.283185
    ],
    "yvals": [
        0.5591973600143213,
        0.48315936204557736,
        0.567118072620506,
        0.6067205331302943,
        0.5328355814504238,
        0.5544451348233636,
        0.5169688489148179,
        0.5893858909750217
    ]
}