{
    "bins": [
        -1.0,
        -0.75,
        -0.5,
        -0.25,
        0.0,
        0.25,
        0.5,
        0.75,
        1.0
    ],
    "yvals": [
        0.9605004,
        2.0030832,
        2.7620612,
        3.2567796,
        3.2447996,
        2.6725364,
        2.144952,
        0.9953372
    ]
}