{
    "bins": [
        0.0,
        0.7853982,
        1.570796,
        2.356194,
        3.141593,
        3.926991,
        4.712389,
        5.497787,
        6.283185
    ],
    "yvals": [
        0.30256855694347146,
        0.23761933124844506,
        0.259797071039142,
        0.3263301837664678,
        0.32791463691020334,
        0.2677177685708393,
        0.24712413324199967,
        0.2803908336919626
    ]
}