{
    "bins": [
        0.0,
        0.7853982,
        1.570796,
        2.356194,
        3.141593,
        3.926991,
        4.712389,
        5.497787,
        6.283185
    ],
    "yvals": [
        0.27405423134404944,
        0.18375898175421423,
        0.22653037058917905,
        0.2693015906564689,
        0.2962321014313761,
        0.1869272649026354,
        0.20276853264204905,
        0.2946479364602406
    ]
}