{
    "bins": [
        -1.0,
        -0.75,
        -0.5,
        -0.25,
        0.0,
        0.25,
        0.5,
        0.75,
        1.0
    ],
    "yvals": [
        0.522552,
        0.6320392,
        0.637016,
        0.7713864,
        0.6320392,
        0.6270624,
        0.522552,
        0.5772956
    ]
}