{
    "bins": [
        -1.0,
        -0.75,
        -0.5,
        -0.25,
        0.0,
        0.25,
        0.5,
        0.75,
        1.0
    ],
    "yvals": [
        1.0500808,
        2.0118212,
        2.46346,
        2.8168044,
        3.1054524,
        2.564874,
        1.9608144,
        1.0351508
    ]
}