{
    "bins": [
        [
            -1.0,
            -0.75,
            -0.5,
            -0.25,
            0.0,
            0.25,
            0.5,
            0.75,
            1.0
        ],
        [
            0.0,
            0.7853982,
            1.570796,
            2.356194,
            3.141593,
            3.926991,
            4.712389,
            5.497787,
            6.283185
        ]
    ],
    "zvals": [
        0.12673026243248328,
        0.13940339532400012,
        0.19009546752092574,
        0.1647491784430589,
        0.1536654282287451,
        0.09504770829566668,
        0.20276848171245665,
        0.16474938820827154,
        0.35484476536870085,
        0.2217781104046892,
        0.38652744213761697,
        0.32316185785823515,
        0.4055369634249131,
        0.3168257622250121,
        0.3485083486334318,
        0.25979714743353055,
        0.44989250039024786,
        0.48791183270439514,
        0.45622912205022176,
        0.5639492792835235,
        0.4752386433375179,
        0.5005847226501724,
        0.5512766775571113,
        0.46256562914598726,
        0.5449403882005331,
        0.3801910318567228,
        0.46256562914598726,
        0.4372189931487053,
        0.5259305473148644,
        0.3801909350418515,
        0.4815751504332836,
        0.652809912935862,
        0.494248089695138,
        0.5005848501230841,
        0.6152972123687609,
        0.6019681715917642,
        0.5005847226501721,
        0.5702861479148154,
        0.6083055979261471,
        0.46256562914598726,
        0.28514310320548225,
        0.4562292382280673,
        0.4752386433375182,
        0.3991999480518819,
        0.4372195498333327,
        0.5166924285521481,
        0.5322672071994073,
        0.4942482155544069,
        0.45478871736655363,
        0.3104893341947227,
        0.3611813628249627,
        0.41218728315162106,
        0.367517869920728,
        0.4182100285460366,
        0.39286394923338236,
        0.4118735214502712,
        0.18375891363132738,
        0.2100423505133322,
        0.2407875752166418,
        0.18375872645623434,
        0.19009546752092563,
        0.19643197461669118,
        0.1520763740167406,
        0.19253749054619446
    ]
}