{
    "bins": [
        [
            -1.0,
            -0.75,
            -0.5,
            -0.25,
            0.0,
            0.25,
            0.5,
            0.75,
            1.0
        ],
        [
            0.0,
            0.7853982,
            1.570796,
            2.356194,
            3.141593,
            3.926991,
            4.712389,
            5.497787,
            6.283185
        ]
    ],
    "zvals": [
        0.13306676791467054,
        0.1837590072190169,
        0.13940335982520966,
        0.13306663237411814,
        0.11405728051255537,
        0.13306680179985184,
        0.12673029470408637,
        0.16474938820827154,
        0.29781616509943615,
        0.3104893341947227,
        0.2407875752166418,
        0.3104888598024698,
        0.34217184153766617,
        0.3041527480334812,
        0.24712408231240726,
        0.19643197461669118,
        0.4055368601557783,
        0.3801910318567228,
        0.4094117886727494,
        0.380190450968234,
        0.35484485572919705,
        0.32949877641654307,
        0.45622912205022176,
        0.4118735214502712,
        0.4055368601557783,
        0.3801910318567228,
        0.5146099175195252,
        0.380190450968234,
        0.462565629145987,
        0.46256562914598726,
        0.39286394923338236,
        0.4182100285460366,
        0.42454642753191946,
        0.41821013504239507,
        0.5005847226501724,
        0.42035541170793445,
        0.39286394923338214,
        0.4118735214502712,
        0.46256562914598726,
        0.4245465356418021,
        0.2914796086876695,
        0.4055370666941007,
        0.3611813628249627,
        0.33583490684352796,
        0.4008524085877478,
        0.3801909350418515,
        0.45622912205022176,
        0.3611813628249627,
        0.32949869251037245,
        0.22811461911403366,
        0.2724701616250615,
        0.29781586174670455,
        0.2914796829123577,
        0.3611813628249627,
        0.32949877641654307,
        0.2724701616250615,
        0.0697016621632186,
        0.1837590072190169,
        0.1203937876083209,
        0.190095225484117,
        0.13306680179985175,
        0.10138426632102453,
        0.13306680179985184,
        0.13940335982520966
    ]
}