{
    "bins": [
        0.0,
        0.7853982,
        1.570796,
        2.356194,
        3.141593,
        3.926991,
        4.712389,
        5.497787,
        6.283185
    ],
    "yvals": [
        0.7235865832134578,
        0.6766574849076481,
        0.796980639115455,
        0.7715483467638743,
        0.763947323522596,
        0.7485674778901908,
        0.817410535804777,
        0.7752866699431373
    ]
}