{
    "bins": [
        -1.0,
        -0.75,
        -0.5,
        -0.25,
        0.0,
        0.25,
        0.5,
        0.75,
        1.0
    ],
    "yvals": [
        0.711666,
        0.9356172,
        1.0600344,
        1.1645448,
        1.1545912,
        1.0351508,
        0.8311068,
        0.7664096
    ]
}