{
    "bins": [
        [
            -1.0,
            -0.75,
            -0.5,
            -0.25,
            0.0,
            0.25,
            0.5,
            0.75,
            1.0
        ],
        [
            0.0,
            0.7853982,
            1.570796,
            2.356194,
            3.141593,
            3.926991,
            4.712389,
            5.497787,
            6.283185
        ]
    ],
    "zvals": [
        0.13306676791467054,
        0.12673032697570583,
        0.17742245332939482,
        0.17742222742835173,
        0.1520763740167405,
        0.20276848171245665,
        0.17325753312333367,
        0.1397629227474478,
        0.32316218702818517,
        0.14573990403334464,
        0.23445106812087635,
        0.28514281276141173,
        0.20449433280960727,
        0.2724701616250615,
        0.20276848171245665,
        0.3168257622250121,
        0.30415267058162343,
        0.22811461911403366,
        0.278806668720827,
        0.33583490684352796,
        0.20965243099676845,
        0.278806668720827,
        0.3231622693207776,
        0.31048925512924663,
        0.35484476536870085,
        0.3231623516134117,
        0.437219549833333,
        0.3294983568861178,
        0.39286394923338214,
        0.4182100285460366,
        0.3168257622250121,
        0.278806668720827,
        0.35484476536870085,
        0.3421719286710505,
        0.3675178699207282,
        0.3865269499961167,
        0.34217184153766617,
        0.3231622693207776,
        0.3611813628249627,
        0.437219549833333,
        0.34850825988651357,
        0.3421719286710505,
        0.34217184153766633,
        0.4118729970371747,
        0.2978162409377155,
        0.3231622693207776,
        0.3041527480334812,
        0.39286394923338236,
        0.2471240193827793,
        0.22811461911403366,
        0.3041527480334812,
        0.33583490684352796,
        0.3611813628249625,
        0.26613365452929605,
        0.21544154683357997,
        0.2724701616250615,
        0.17108585173737345,
        0.19643202463770587,
        0.12673029470408637,
        0.1647491784430589,
        0.17108589530403687,
        0.13306680179985184,
        0.17108589530403698,
        0.20910498880822215
    ]
}