{
    "bins": [
        -1.0,
        -0.75,
        -0.5,
        -0.25,
        0.0,
        0.25,
        0.5,
        0.75,
        1.0
    ],
    "yvals": [
        0.6718528,
        0.7614332,
        0.8211532,
        1.0849176,
        0.9654772,
        0.79627,
        0.9107336,
        0.7365496
    ]
}