{
    "bins": [
        0.0,
        0.7853982,
        1.570796,
        2.356194,
        3.141593,
        3.926991,
        4.712389,
        5.497787,
        6.283185
    ],
    "yvals": [
        0.8057894708696811,
        0.7604788299636184,
        0.7065214069809194,
        0.7921163637845223,
        0.7399321108533505,
        0.6638354057433303,
        0.7698866052625549,
        0.7762231378231167
    ]
}