{
    "bins": [
        [
            -1.0,
            -0.75,
            -0.5,
            -0.25,
            0.0,
            0.25,
            0.5,
            0.75,
            1.0
        ],
        [
            0.0,
            0.7853982,
            1.570796,
            2.356194,
            3.141593,
            3.926991,
            4.712389,
            5.497787,
            6.283185
        ]
    ],
    "zvals": [
        0.09504768409196761,
        0.12039381826636132,
        0.04435560569290985,
        0.10138413723470492,
        0.057028614791481504,
        0.09504770829566668,
        0.10772077341678998,
        0.08871120119990122,
        0.09504768409196761,
        0.12039381826636132,
        0.0760381870083703,
        0.14573968135941096,
        0.13940335982520957,
        0.06336517281683937,
        0.13306680179985184,
        0.10138426632102453,
        0.12039375695029603,
        0.10138429213832786,
        0.10138426632102453,
        0.09504758727729473,
        0.17742245332939474,
        0.08237469410413577,
        0.0760381870083703,
        0.14573986692097513,
        0.10138424050373428,
        0.11405730955701683,
        0.10138426632102453,
        0.1647491784430589,
        0.14573986692097504,
        0.09504770829566668,
        0.08237469410413577,
        0.11405728051255544,
        0.15207633529081171,
        0.13940339532400012,
        0.09504770829566668,
        0.15841267941517626,
        0.17742245332939474,
        0.13306680179985184,
        0.09504770829566668,
        0.14573986692097513,
        0.18375891363132738,
        0.10138429213832786,
        0.1203937876083209,
        0.1394031823315283,
        0.13940335982520957,
        0.09504770829566668,
        0.10138426632102453,
        0.15841288111250604,
        0.15841284077299897,
        0.13940339532400012,
        0.09504770829566668,
        0.0887110882494121,
        0.06970167991260479,
        0.10772077341678998,
        0.06336517281683937,
        0.11405728051255544,
        0.06336515668103135,
        0.06970169766200006,
        0.09504770829566668,
        0.09504758727729473,
        0.08871120119990117,
        0.08871120119990122,
        0.05702861479148153,
        0.08871120119990122
    ]
}