{
    "bins": [
        [
            -1.0,
            -0.75,
            -0.5,
            -0.25,
            0.0,
            0.25,
            0.5,
            0.75,
            1.0
        ],
        [
            0.0,
            0.7853982,
            1.570796,
            2.356194,
            3.141593,
            3.926991,
            4.712389,
            5.497787,
            6.283185
        ]
    ],
    "zvals": [
        0.09504768409196761,
        0.03801910318567228,
        0.08237469410413577,
        0.06970159116576415,
        0.05069212297459375,
        0.12673029470408637,
        0.0760381870083703,
        0.08237469410413577,
        0.10138424050373428,
        0.08237471508068905,
        0.13306680179985184,
        0.0760380901936468,
        0.10138426632102447,
        0.0760381870083703,
        0.05069212297459378,
        0.09504770829566668,
        0.12673026243248328,
        0.06336518895265558,
        0.08871120119990122,
        0.12039363431835284,
        0.10772077341678993,
        0.05702861479148153,
        0.03168257622250121,
        0.0760381870083703,
        0.13306676791467054,
        0.05069213588324286,
        0.04435560569290985,
        0.1140571352904702,
        0.1267302947040863,
        0.09504770829566668,
        0.1203937876083209,
        0.11405728051255544,
        0.1394033243264372,
        0.057028629313705746,
        0.05069212297459378,
        0.10138413723470492,
        0.13306680179985175,
        0.10138426632102453,
        0.03168257622250121,
        0.13940335982520966,
        0.12039375695029603,
        0.06970169766200006,
        0.08871120119990122,
        0.06336509213788151,
        0.11405728051255537,
        0.08237469410413577,
        0.06336517281683937,
        0.1203937876083209,
        0.1394033243264372,
        0.08237471508068905,
        0.03801909350418515,
        0.10772063626258756,
        0.07603818700837026,
        0.03801909350418515,
        0.08871120119990122,
        0.15841288111250604,
        0.06336515668103135,
        0.0443556169879773,
        0.05702861479148153,
        0.08237458922152945,
        0.057028614791481504,
        0.06336517281683937,
        0.06336517281683937,
        0.08871120119990122
    ]
}