{
    "bins": [
        0.0,
        0.7853982,
        1.570796,
        2.356194,
        3.141593,
        3.926991,
        4.712389,
        5.497787,
        6.283185
    ],
    "yvals": [
        0.7730636510244102,
        0.6954326839214472,
        0.7670083193489163,
        0.700449580404355,
        0.7841438353548135,
        0.6922643042126414,
        0.7239468396914688,
        0.7862132320173978
    ]
}