{
    "bins": [
        -1.0,
        -0.75,
        -0.5,
        -0.25,
        0.0,
        0.25,
        0.5,
        0.75,
        1.0
    ],
    "yvals": [
        1.0251976,
        1.7667236,
        2.1150916,
        2.3440192,
        2.4346152,
        2.3197016,
        1.6323532,
        1.3088684
    ]
}