{
    "bins": [
        -1.0,
        -0.75,
        -0.5,
        -0.25,
        0.0,
        0.25,
        0.5,
        0.75,
        1.0
    ],
    "yvals": [
        1.1794748,
        2.189742,
        2.7123572,
        3.1402892,
        3.1270264,
        2.7620612,
        2.3213072,
        1.2143116
    ]
}