{
    "bins": [
        -1.0,
        -0.75,
        -0.5,
        -0.25,
        0.0,
        0.25,
        0.5,
        0.75,
        1.0
    ],
    "yvals": [
        1.0072788,
        1.5590584,
        1.7820836,
        2.2395088,
        2.2892756,
        2.1698352,
        1.7517936,
        1.0550576
    ]
}