{
    "bins": [
        -1.0,
        -0.75,
        -0.5,
        -0.25,
        0.0,
        0.25,
        0.5,
        0.75,
        1.0
    ],
    "yvals": [
        1.1993816,
        2.159882,
        2.8248016,
        3.2447996,
        3.4090304,
        2.8217812,
        2.1150916,
        1.2939384
    ]
}