{
    "bins": [
        [
            -1.0,
            -0.75,
            -0.5,
            -0.25,
            0.0,
            0.25,
            0.5,
            0.75,
            1.0
        ],
        [
            0.0,
            0.7853982,
            1.570796,
            2.356194,
            3.141593,
            3.926991,
            4.712389,
            5.497787,
            6.283185
        ]
    ],
    "zvals": [
        0.17108585173737345,
        0.12673032697570583,
        0.10772077341678998,
        0.20276822353988228,
        0.19643197461669107,
        0.12673029470408637,
        0.15841288111250604,
        0.21544154683357997,
        0.32316218702818517,
        0.21544160169534468,
        0.2914796829123579,
        0.23445076960882305,
        0.2661336545292959,
        0.3168257622250121,
        0.28514317581659243,
        0.3168257622250121,
        0.34217175440432634,
        0.34850843738039494,
        0.2914796829123579,
        0.44355549217658796,
        0.367517869920728,
        0.2534606403377651,
        0.3675178699207282,
        0.278806668720827,
        0.4055368601557783,
        0.3421719286710505,
        0.2914796829123579,
        0.3865269499961167,
        0.5069212297459376,
        0.3168257622250121,
        0.37385442794608603,
        0.3611813628249627,
        0.4182099220497322,
        0.3421719286710505,
        0.3485083486334318,
        0.4879110872308216,
        0.4245465356418019,
        0.32949877641654307,
        0.3358353344419009,
        0.4131666238009265,
        0.4372194384962939,
        0.3104893341947227,
        0.32949877641654307,
        0.4308824941208227,
        0.4252667310077182,
        0.3358353344419009,
        0.32949877641654307,
        0.3548448557291972,
        0.2661335867589205,
        0.27247023100905043,
        0.24712408231240726,
        0.24712376766458832,
        0.25979714743353044,
        0.3041527480334812,
        0.2407875752166418,
        0.2407875752166418,
        0.17108585173737345,
        0.2217781104046892,
        0.19009546752092574,
        0.22177777155305778,
        0.18375896042516016,
        0.21544154683357997,
        0.23445106812087635,
        0.22811456102511088
    ]
}