{
    "bins": [
        [
            -1.0,
            -0.75,
            -0.5,
            -0.25,
            0.0,
            0.25,
            0.5,
            0.75,
            1.0
        ],
        [
            0.0,
            0.7853982,
            1.570796,
            2.356194,
            3.141593,
            3.926991,
            4.712389,
            5.497787,
            6.283185
        ]
    ],
    "zvals": [
        0.10772074598592153,
        0.08871122379003353,
        0.10138426632102453,
        0.0887110882494121,
        0.1267302947040863,
        0.09504770829566668,
        0.10138426632102453,
        0.10138426632102453,
        0.10772074598592153,
        0.1330668356850503,
        0.1203937876083209,
        0.1394031823315283,
        0.13940335982520957,
        0.13940335982520966,
        0.10138426632102453,
        0.12673029470408637,
        0.19643192459570188,
        0.10138429213832786,
        0.14573986692097513,
        0.190095225484117,
        0.20276848171245654,
        0.15841288111250604,
        0.10772077341678998,
        0.20910498880822215,
        0.15207633529081171,
        0.1330668356850503,
        0.13306680179985184,
        0.190095225484117,
        0.17742245332939474,
        0.13306680179985184,
        0.16474938820827154,
        0.17108589530403698,
        0.16474934625518622,
        0.12673032697570583,
        0.17108589530403698,
        0.1520761803872936,
        0.25979714743353044,
        0.17108589530403698,
        0.11405728051255544,
        0.14573986692097513,
        0.19009541911351463,
        0.1330668356850503,
        0.11405728051255544,
        0.20276822353988228,
        0.19009546752092563,
        0.17108589530403698,
        0.14573986692097513,
        0.13940335982520966,
        0.1394033243264372,
        0.12039381826636132,
        0.13306680179985184,
        0.2281142705809404,
        0.11405728051255537,
        0.13306680179985184,
        0.13940335982520966,
        0.12673029470408637,
        0.15207633529081171,
        0.11405730955701683,
        0.1203937876083209,
        0.1140571352904702,
        0.10138426632102447,
        0.06970167991260483,
        0.11405728051255544,
        0.10138426632102453
    ]
}