{
    "bins": [
        [
            -1.0,
            -0.75,
            -0.5,
            -0.25,
            0.0,
            0.25,
            0.5,
            0.75,
            1.0
        ],
        [
            0.0,
            0.7853982,
            1.570796,
            2.356194,
            3.141593,
            3.926991,
            4.712389,
            5.497787,
            6.283185
        ]
    ],
    "zvals": [
        0.2091049355600764,
        0.1837590072190169,
        0.1520763740167406,
        0.15841267941517626,
        0.19009546752092563,
        0.1520763740167406,
        0.16559425921634638,
        0.16474938820827154,
        0.278806597723295,
        0.22811461911403366,
        0.32949877641654307,
        0.32316185785823515,
        0.2724701616250613,
        0.2407875752166418,
        0.2978162409377157,
        0.2724701616250615,
        0.3611812708508881,
        0.36751796350842847,
        0.3548448557291972,
        0.380190450968234,
        0.38652744213761675,
        0.4118735214502712,
        0.3675178699207282,
        0.43088304273756756,
        0.38652734370921654,
        0.37385452314737827,
        0.4055369634249133,
        0.4308824941208227,
        0.4245465356418019,
        0.3675178699207282,
        0.39920045632914786,
        0.437219549833333,
        0.4435559439784812,
        0.43192644542676334,
        0.43360634990157865,
        0.4372189931487053,
        0.4815751504332833,
        0.3358353344419009,
        0.3168257622250121,
        0.4498926149544563,
        0.39286384919140377,
        0.3421719286710505,
        0.3041527480334812,
        0.3991999480518819,
        0.4562291220502215,
        0.3168257622250121,
        0.3611813628249627,
        0.3801909350418515,
        0.25979708127673323,
        0.36751796350842847,
        0.3041527480334812,
        0.380190450968234,
        0.22177805392934533,
        0.25979714743353055,
        0.3231622693207776,
        0.3231622693207776,
        0.22177799745403032,
        0.15207641274268913,
        0.15841288111250604,
        0.17742222742835173,
        0.23445106812087624,
        0.17742245332939482,
        0.20910498880822215,
        0.1520763740167406
    ]
}