{
    "bins": [
        0.0,
        0.7853982,
        1.570796,
        2.356194,
        3.141593,
        3.926991,
        4.712389,
        5.497787,
        6.283185
    ],
    "yvals": [
        0.633651439486365,
        0.5449404110884956,
        0.5243466369916909,
        0.6637491262402933,
        0.6575934749006234,
        0.5496927672339376,
        0.5813753027127648,
        0.6022922136292683
    ]
}