{
    "bins": [
        0.0,
        0.7853982,
        1.570796,
        2.356194,
        3.141593,
        3.926991,
        4.712389,
        5.497787,
        6.283185
    ],
    "yvals": [
        0.5307194490641817,
        0.42771484717680647,
        0.47523866880231436,
        0.4768222266644088,
        0.5354355371416784,
        0.40084122954221946,
        0.4308830682023638,
        0.49741646910228965
    ]
}