{
    "bins": [
        0.0,
        0.7853982,
        1.570796,
        2.356194,
        3.141593,
        3.926991,
        4.712389,
        5.497787,
        6.283185
    ],
    "yvals": [
        0.348508310816093,
        0.38652756603086996,
        0.28514320128138865,
        0.42454599509294005,
        0.3817751000129869,
        0.37227023751015414,
        0.3342511694707652,
        0.38667376285653904
    ]
}