{
    "bins": [
        [
            -1.0,
            -0.75,
            -0.5,
            -0.25,
            0.0,
            0.25,
            0.5,
            0.75,
            1.0
        ],
        [
            0.0,
            0.7853982,
            1.570796,
            2.356194,
            3.141593,
            3.926991,
            4.712389,
            5.497787,
            6.283185
        ]
    ],
    "zvals": [
        0.22177799745403032,
        0.22811461911403366,
        0.1520763740167406,
        0.19643172451199964,
        0.2661336545292959,
        0.20276848171245665,
        0.2407875752166418,
        0.17742245332939482,
        0.2914796086876695,
        0.2851432484277394,
        0.3168257622250121,
        0.29781586174670455,
        0.367517869920728,
        0.2534606403377651,
        0.3548448557291972,
        0.37385442794608603,
        0.38652734370921654,
        0.4118736263330506,
        0.4118735214502712,
        0.35484440392717587,
        0.35484485572919705,
        0.38652744213761697,
        0.43088304273756756,
        0.3548448557291972,
        0.46890201683680965,
        0.5702862931370574,
        0.519594396726246,
        0.4879110872308216,
        0.4372195498333327,
        0.3801909350418515,
        0.39286394923338236,
        0.5132577368417033,
        0.5324030536357226,
        0.4372196611704285,
        0.4245465356418021,
        0.47523803824552874,
        0.44989261495445604,
        0.39920045632914786,
        0.368238778300938,
        0.437219549833333,
        0.42454642753191946,
        0.335835419961706,
        0.4182100285460366,
        0.4815745372734114,
        0.367517869920728,
        0.4055369634249133,
        0.3675178699207282,
        0.4118735214502712,
        0.32949869251037245,
        0.2914797571370839,
        0.3675178699207282,
        0.3041523607745872,
        0.4118735214502709,
        0.44355605692909844,
        0.2534606403377651,
        0.3485083486334318,
        0.19643192459570188,
        0.24078763653272264,
        0.17742245332939482,
        0.18375872645623434,
        0.18375896042516016,
        0.25979714743353055,
        0.17742245332939482,
        0.16474938820827154
    ]
}