{
    "bins": [
        0.0,
        0.7853982,
        1.570796,
        2.356194,
        3.141593,
        3.926991,
        4.712389,
        5.497787,
        6.283185
    ],
    "yvals": [
        0.5148816231053241,
        0.4736546244463633,
        0.47207033886004307,
        0.5322666568202914,
        0.4736545038311784,
        0.4847434039811664,
        0.5085053692522773,
        0.5195978344737319
    ]
}