{
    "bins": [
        0.0,
        0.7853982,
        1.570796,
        2.356194,
        3.141593,
        3.926991,
        4.712389,
        5.497787,
        6.283185
    ],
    "yvals": [
        0.32316218702818517,
        0.24554003079713235,
        0.30573683661022827,
        0.30890477324264487,
        0.3691020348918636,
        0.2613812360102777,
        0.27405430113140095,
        0.35009243721017885
    ]
}