{
    "bins": [
        [
            -1.0,
            -0.75,
            -0.5,
            -0.25,
            0.0,
            0.25,
            0.5,
            0.75,
            1.0
        ],
        [
            0.0,
            0.7853982,
            1.570796,
            2.356194,
            3.141593,
            3.926991,
            4.712389,
            5.497787,
            6.283185
        ]
    ],
    "zvals": [
        0.16474934625518622,
        0.14573990403334464,
        0.13306680179985184,
        0.1647491784430589,
        0.12039378760832083,
        0.11405728051255544,
        0.13940335982520966,
        0.06336517281683937,
        0.1394033243264372,
        0.14028167636833205,
        0.15841288111250604,
        0.18375872645623434,
        0.209104988808222,
        0.19643197461669118,
        0.23445106812087635,
        0.24712408231240726,
        0.22811450293621754,
        0.24078763653272264,
        0.20276848171245665,
        0.17742222742835173,
        0.22177805392934533,
        0.21544154683357997,
        0.22811456102511088,
        0.278806668720827,
        0.278806597723295,
        0.17108593887072257,
        0.20910498880822215,
        0.2534603176219985,
        0.24078757521664165,
        0.20910498880822215,
        0.22811456102511088,
        0.2724701616250615,
        0.278806597723295,
        0.23445112782337815,
        0.20276848171245665,
        0.2788063137335291,
        0.23445106812087624,
        0.2101181311895371,
        0.20276848171245665,
        0.34217184153766633,
        0.20276843007788914,
        0.2217781104046892,
        0.19643197461669118,
        0.29147931178929437,
        0.24078757521664165,
        0.22177805392934544,
        0.20910498880822215,
        0.22811456102511088,
        0.23445100841840483,
        0.13940339532400012,
        0.17108589530403698,
        0.18375872645623434,
        0.17108589530403687,
        0.20276848171245665,
        0.16474938820827154,
        0.19009546752092574,
        0.18375891363132738,
        0.17108593887072257,
        0.10138426632102453,
        0.17108567747094153,
        0.13940335982520957,
        0.19009546752092574,
        0.06970167991260483,
        0.11405728051255544
    ]
}