{
    "bins": [
        -1.0,
        -0.75,
        -0.5,
        -0.25,
        0.0,
        0.25,
        0.5,
        0.75,
        1.0
    ],
    "yvals": [
        0.8211532,
        1.1851412,
        1.4084024,
        1.463146,
        1.5584984,
        1.4233324,
        1.144638,
        0.8958036
    ]
}