{
    "bins": [
        [
            -1.0,
            -0.75,
            -0.5,
            -0.25,
            0.0,
            0.25,
            0.5,
            0.75,
            1.0
        ],
        [
            0.0,
            0.7853982,
            1.570796,
            2.356194,
            3.141593,
            3.926991,
            4.712389,
            5.497787,
            6.283185
        ]
    ],
    "zvals": [
        0.19643192459570188,
        0.22811461911403366,
        0.11405728051255544,
        0.15841267941517626,
        0.13940335982520957,
        0.1520763740167406,
        0.18375896042516027,
        0.16474938820827154,
        0.4182099220497322,
        0.26689476339251267,
        0.3548448557291972,
        0.2407872686367057,
        0.32949877641654285,
        0.3675178699207282,
        0.3303166038110615,
        0.2534606403377651,
        0.34850825988651357,
        0.41821013504239507,
        0.4118735214502712,
        0.380190450968234,
        0.39920045632914763,
        0.39286394923338236,
        0.39920045632914786,
        0.38652744213761697,
        0.5259304133877567,
        0.42454664375173956,
        0.4118735214502712,
        0.44355549217658796,
        0.39286394923338214,
        0.4815751504332836,
        0.4498926149544563,
        0.45622912205022176,
        0.4055368601557783,
        0.5195945290399336,
        0.4118735214502712,
        0.5639492792835235,
        0.39920045632914763,
        0.5386038670839499,
        0.5639499973261966,
        0.5512766775571113,
        0.35484476536870085,
        0.39920055798475623,
        0.39920045632914786,
        0.40553644707976455,
        0.4752386433375179,
        0.3762486280841052,
        0.3801909350418515,
        0.4752386433375182,
        0.32949869251037245,
        0.3421719286710505,
        0.28514317581659243,
        0.34850790489929323,
        0.24078757521664165,
        0.28514317581659243,
        0.3675178699207282,
        0.2978162409377157,
        0.19643192459570188,
        0.14573990403334464,
        0.14573986692097513,
        0.13306663237411814,
        0.19009546752092563,
        0.10138426632102453,
        0.2724701616250615,
        0.13306680179985184
    ]
}