{
    "bins": [
        [
            -1.0,
            -0.75,
            -0.5,
            -0.25,
            0.0,
            0.25,
            0.5,
            0.75,
            1.0
        ],
        [
            0.0,
            0.7853982,
            1.570796,
            2.356194,
            3.141593,
            3.926991,
            4.712389,
            5.497787,
            6.283185
        ]
    ],
    "zvals": [
        0.07603816764540586,
        0.10910735935343846,
        0.06336517281683937,
        0.10138413723470492,
        0.12039378760832083,
        0.17108589530403698,
        0.08871120119990122,
        0.11405728051255544,
        0.24078751390059205,
        0.21544160169534468,
        0.25979714743353055,
        0.3168253588303525,
        0.28514317581659226,
        0.18375896042516027,
        0.20311393713760414,
        0.22177805392934544,
        0.278806597723295,
        0.4118736263330506,
        0.3485083486334318,
        0.23445076960882305,
        0.33583533444190067,
        0.3485083486334318,
        0.22811456102511088,
        0.3233574315187969,
        0.399200354673591,
        0.34850843738039494,
        0.3611813628249627,
        0.46256504018976347,
        0.3611813628249625,
        0.2812961581261985,
        0.3168257622250121,
        0.38652744213761697,
        0.41187341656754495,
        0.41821013504239507,
        0.3801909350418515,
        0.384157250009231,
        0.462565629145987,
        0.3548448557291972,
        0.4055369634249133,
        0.3485083486334318,
        0.34217175440432634,
        0.34850843738039494,
        0.34217184153766633,
        0.4372189931487053,
        0.2661336545292959,
        0.3168257622250121,
        0.37385442794608603,
        0.3231622693207776,
        0.29781616509943615,
        0.2914797571370839,
        0.17742245332939482,
        0.28514281276141173,
        0.2661336545292959,
        0.17742245332939482,
        0.24712408231240726,
        0.2407875752166418,
        0.1394033243264372,
        0.09504773249937802,
        0.1203937876083209,
        0.12039363431835284,
        0.19009546752092563,
        0.10138426632102453,
        0.09504770829566668,
        0.12673029470408637
    ]
}