{
    "bins": [
        [
            -1.0,
            -0.75,
            -0.5,
            -0.25,
            0.0,
            0.25,
            0.5,
            0.75,
            1.0
        ],
        [
            0.0,
            0.7853982,
            1.570796,
            2.356194,
            3.141593,
            3.926991,
            4.712389,
            5.497787,
            6.283185
        ]
    ],
    "zvals": [
        0.20276843007788914,
        0.19643202463770587,
        0.20276848171245665,
        0.14573968135941096,
        0.15841288111250595,
        0.19009546752092574,
        0.20276848171245665,
        0.17108589530403698,
        0.25979708127673323,
        0.3168258429040672,
        0.3548448557291972,
        0.34850790489929323,
        0.39920045632914763,
        0.24712408231240726,
        0.3485083486334318,
        0.3485083486334318,
        0.46890201683680965,
        0.41821013504239507,
        0.4498926149544563,
        0.5005840852865868,
        0.4372195498333327,
        0.5069212297459379,
        0.45622912205022176,
        0.4245465356418021,
        0.5195942644126254,
        0.5386040042383617,
        0.4689021362417527,
        0.6273142695623499,
        0.5005847226501721,
        0.4815751504332836,
        0.37385442794608603,
        0.5208691644236426,
        0.5069211006595126,
        0.576622954635218,
        0.519594396726246,
        0.5259298776800073,
        0.39920045632914763,
        0.45622912205022176,
        0.4752386433375182,
        0.6336517281683938,
        0.48791158421295083,
        0.443556169879773,
        0.3675178699207282,
        0.40553644707976455,
        0.356492428042852,
        0.45622912205022176,
        0.46256562914598726,
        0.4879117084586415,
        0.39444740260418215,
        0.3168258429040672,
        0.31048925512924663,
        0.3611809029550585,
        0.35837004932531014,
        0.3358353344419009,
        0.3358353344419009,
        0.2978162409377157,
        0.16474934625518622,
        0.19643202463770587,
        0.19643197461669118,
        0.17742222742835173,
        0.19643197461669107,
        0.17742245332939482,
        0.15841288111250604,
        0.18375896042516027
    ]
}