{
    "bins": [
        [
            -1.0,
            -0.75,
            -0.5,
            -0.25,
            0.0,
            0.25,
            0.5,
            0.75,
            1.0
        ],
        [
            0.0,
            0.7853982,
            1.570796,
            2.356194,
            3.141593,
            3.926991,
            4.712389,
            5.497787,
            6.283185
        ]
    ],
    "zvals": [
        0.1394033243264372,
        0.14573990403334464,
        0.17742245332939482,
        0.15841267941517626,
        0.17742245332939474,
        0.08871120119990122,
        0.17108589530403698,
        0.16474938820827154,
        0.278806597723295,
        0.335835419961706,
        0.25979714743353055,
        0.3682728396649347,
        0.2788066687208268,
        0.3128600276547687,
        0.34217184153766633,
        0.37385442794608603,
        0.46890201683680965,
        0.443556169879773,
        0.5069212297459379,
        0.4118729970371747,
        0.4182100285460364,
        0.34217184153766633,
        0.4689021362417527,
        0.45622912205022176,
        0.48791158421295083,
        0.5005848501230841,
        0.5642143219106747,
        0.6463237157164703,
        0.5323624455371669,
        0.437219549833333,
        0.4245465356418021,
        0.5534977170810215,
        0.5259304133877567,
        0.4372196611704285,
        0.5132577368417033,
        0.5639492792835235,
        0.6019689380416042,
        0.5069212297459379,
        0.43088304273756756,
        0.5512766775571113,
        0.4435559439784812,
        0.47523876435610085,
        0.41828102439782133,
        0.42454599509294005,
        0.34850834863343155,
        0.4118735214502712,
        0.4182100285460366,
        0.46256562914598726,
        0.30415267058162343,
        0.30415282548537825,
        0.31048925512924663,
        0.37385395194035137,
        0.3738544279460858,
        0.3231622693207776,
        0.39920045632914786,
        0.34217184153766633,
        0.14573982980862446,
        0.19643202463770587,
        0.13940335982520966,
        0.14573968135941096,
        0.12039378760832083,
        0.15841288111250604,
        0.20276848171245665,
        0.15841288111250604
    ]
}