{
    "bins": [
        0.0,
        0.7853982,
        1.570796,
        2.356194,
        3.141593,
        3.926991,
        4.712389,
        5.497787,
        6.283185
    ],
    "yvals": [
        0.2772224331555636,
        0.2677178367446407,
        0.22019396535259836,
        0.2867270011802918,
        0.2914797338419501,
        0.24870817088915434,
        0.2376192707391667,
        0.31840990173135153
    ]
}