{
    "bins": [
        [
            -1.0,
            -0.75,
            -0.5,
            -0.25,
            0.0,
            0.25,
            0.5,
            0.75,
            1.0
        ],
        [
            0.0,
            0.7853982,
            1.570796,
            2.356194,
            3.141593,
            3.926991,
            4.712389,
            5.497787,
            6.283185
        ]
    ],
    "zvals": [
        0.10138424050373428,
        0.10138429213832786,
        0.11405728051255544,
        0.15841267941517626,
        0.13306680179985175,
        0.09504770829566668,
        0.06336517281683937,
        0.13940335982520966,
        0.15207633529081171,
        0.13940339532400012,
        0.1520763740167406,
        0.1267301333462355,
        0.20276848171245654,
        0.08871120119990122,
        0.1520763740167406,
        0.17742245332939482,
        0.16474934625518622,
        0.10772080084767234,
        0.17742245332939482,
        0.19643172451199964,
        0.23445106812087624,
        0.13940335982520966,
        0.16474938820827154,
        0.16474938820827154,
        0.19643192459570188,
        0.14573990403334464,
        0.19643197461669118,
        0.20910472256776494,
        0.19009546752092563,
        0.1520763740167406,
        0.15841288111250604,
        0.23445106812087635,
        0.22177799745403032,
        0.1900955159283614,
        0.14573986692097513,
        0.1647491784430589,
        0.23445106812087624,
        0.17742245332939482,
        0.17108589530403698,
        0.16474938820827154,
        0.2091049355600764,
        0.12673032697570583,
        0.19643197461669118,
        0.1520761803872936,
        0.17108589530403687,
        0.13940335982520966,
        0.1520763740167406,
        0.17108589530403698,
        0.15207633529081171,
        0.10772080084767234,
        0.12673029470408637,
        0.1267301333462355,
        0.1520763740167405,
        0.13306680179985184,
        0.12673029470408637,
        0.13306680179985184,
        0.09504768409196761,
        0.06336518895265558,
        0.11405728051255544,
        0.10138413723470492,
        0.15841288111250595,
        0.1203937876083209,
        0.10772077341678998,
        0.21544154683357997
    ]
}