{
    "bins": [
        -1.0,
        -0.75,
        -0.5,
        -0.25,
        0.0,
        0.25,
        0.5,
        0.75,
        1.0
    ],
    "yvals": [
        0.4877152,
        0.5623656,
        0.5275288,
        0.6270624,
        0.5922256,
        0.5673424,
        0.5723188,
        0.4080884
    ]
}