{
    "bins": [
        [
            -1.0,
            -0.75,
            -0.5,
            -0.25,
            0.0,
            0.25,
            0.5,
            0.75,
            1.0
        ],
        [
            0.0,
            0.7853982,
            1.570796,
            2.356194,
            3.141593,
            3.926991,
            4.712389,
            5.497787,
            6.283185
        ]
    ],
    "zvals": [
        0.19009541911351463,
        0.22811461911403366,
        0.19009546752092574,
        0.1966434385579814,
        0.209104988808222,
        0.16474938820827154,
        0.13306680179985184,
        0.21544154683357997,
        0.4435559439784812,
        0.39920055798475623,
        0.3358353344419009,
        0.34217140587141065,
        0.3168257622250119,
        0.31083099269415004,
        0.38652744213761697,
        0.34217184153766633,
        0.44989250039024786,
        0.41821013504239507,
        0.39920045632914786,
        0.44989204213399814,
        0.48791170845864124,
        0.4055369634249133,
        0.3231622693207776,
        0.4942482155544069,
        0.6181277217085549,
        0.4249339124708523,
        0.4118735214502712,
        0.5449398331294031,
        0.5639499973261962,
        0.4245465356418021,
        0.557613337441654,
        0.5449405269684926,
        0.4815750278011841,
        0.5702862931370574,
        0.5829594676839005,
        0.5386031813129378,
        0.4689021362417525,
        0.5386038670839499,
        0.5956322781570619,
        0.5639499973261966,
        0.46890201683680965,
        0.4942483414137396,
        0.39920045632914786,
        0.5892953772541091,
        0.4815751504332833,
        0.37385442794608603,
        0.5069212297459379,
        0.39920045632914786,
        0.39992345284213787,
        0.2978163167760337,
        0.3485083486334318,
        0.33583490684352796,
        0.31106511603034376,
        0.2534606403377651,
        0.39286394923338236,
        0.39920045632914786,
        0.17108585173737345,
        0.20910504205639488,
        0.15841288111250604,
        0.17108567747094153,
        0.12039378760832083,
        0.18375896042516027,
        0.18375896042516027,
        0.14573986692097513
    ]
}