{
    "bins": [
        0.0,
        0.7853982,
        1.570796,
        2.356194,
        3.141593,
        3.926991,
        4.712389,
        5.497787,
        6.283185
    ],
    "yvals": [
        0.3738543072800523,
        0.3374195853362461,
        0.30573683661022827,
        0.3896951740452942,
        0.41979416805237585,
        0.28989556887081463,
        0.35326076715245014,
        0.3770226050995802
    ]
}