{
    "bins": [
        0.0,
        0.7853982,
        1.570796,
        2.356194,
        3.141593,
        3.926991,
        4.712389,
        5.497787,
        6.283185
    ],
    "yvals": [
        0.7524609809393503,
        0.7160264518184288,
        0.7082444824152851,
        0.7651332634749982,
        0.6559012118696506,
        0.7081055719520551,
        0.712857939541481,
        0.7857278730019686
    ]
}