{
    "bins": [
        [
            -1.0,
            -0.75,
            -0.5,
            -0.25,
            0.0,
            0.25,
            0.5,
            0.75,
            1.0
        ],
        [
            0.0,
            0.7853982,
            1.570796,
            2.356194,
            3.141593,
            3.926991,
            4.712389,
            5.497787,
            6.283185
        ]
    ],
    "zvals": [
        0.08237467312759311,
        0.07603820637134456,
        0.06336517281683937,
        0.14573968135941096,
        0.12043554987407654,
        0.13940335982520966,
        0.06336517281683937,
        0.12673029470408637,
        0.15841284077299897,
        0.1584129214520336,
        0.11405728051255544,
        0.20910472256776494,
        0.15841288111250595,
        0.15841288111250604,
        0.13940335982520966,
        0.18375896042516027,
        0.17742240814914015,
        0.14573990403334464,
        0.20276848171245665,
        0.19643172451199964,
        0.20276848171245654,
        0.11405728051255544,
        0.20276848171245665,
        0.20910498880822215,
        0.25346057579454595,
        0.17742249850967243,
        0.17742245332939482,
        0.23445076960882305,
        0.19009546752092563,
        0.2534606403377651,
        0.19643197461669118,
        0.22811456102511088,
        0.23445100841840483,
        0.1900955159283614,
        0.23445106812087635,
        0.20910472256776494,
        0.19643197461669107,
        0.15841288111250604,
        0.21544154683357997,
        0.22177805392934544,
        0.12673026243248328,
        0.1584129214520336,
        0.1520763740167406,
        0.20910472256776494,
        0.19009546752092563,
        0.13306680179985184,
        0.13940335982520966,
        0.23445106812087635,
        0.16474934625518622,
        0.13940339532400012,
        0.17742245332939482,
        0.22177777155305778,
        0.17742245332939474,
        0.15841288111250604,
        0.14573986692097513,
        0.1520763740167406,
        0.09504768409196761,
        0.10138429213832786,
        0.06970167991260483,
        0.1267301333462355,
        0.17108589530403687,
        0.16474938820827154,
        0.12673029470408637,
        0.13306680179985184
    ]
}