{
    "bins": [
        0.0,
        0.7853982,
        1.570796,
        2.356194,
        3.141593,
        3.926991,
        4.712389,
        5.497787,
        6.283185
    ],
    "yvals": [
        0.5465242981203674,
        0.5595442207757648,
        0.5132577368417033,
        0.5855344862929543,
        0.5718705675339125,
        0.48378172595295643,
        0.4895822245536659,
        0.5212271994581092
    ]
}