{
    "bins": [
        0.0,
        0.7853982,
        1.570796,
        2.356194,
        3.141593,
        3.926991,
        4.712389,
        5.497787,
        6.283185
    ],
    "yvals": [
        0.6923920884972743,
        0.7651344325130527,
        0.7736057387464702,
        0.7397871655044125,
        0.7540453375231408,
        0.7366199048125921,
        0.7542466367370431,
        0.7195564541799192
    ]
}