{
    "bins": [
        -1.0,
        -0.75,
        -0.5,
        -0.25,
        0.0,
        0.25,
        0.5,
        0.75,
        1.0
    ],
    "yvals": [
        0.7365496,
        1.0699876,
        1.3884956,
        1.4531924,
        1.5427728,
        1.159568,
        1.000314,
        0.8216128
    ]
}