{
    "bins": [
        [
            -1.0,
            -0.75,
            -0.5,
            -0.25,
            0.0,
            0.25,
            0.5,
            0.75,
            1.0
        ],
        [
            0.0,
            0.7853982,
            1.570796,
            2.356194,
            3.141593,
            3.926991,
            4.712389,
            5.497787,
            6.283185
        ]
    ],
    "zvals": [
        0.10138424050373428,
        0.14573990403334464,
        0.08237469410413577,
        0.1267301333462355,
        0.13306680179985175,
        0.0760381870083703,
        0.13940335982520966,
        0.13306680179985184,
        0.18375891363132738,
        0.22811461911403366,
        0.0760381870083703,
        0.20276822353988228,
        0.13940335982520957,
        0.18375896042516027,
        0.17108589530403698,
        0.17742245332939482,
        0.19643192459570188,
        0.24078763653272264,
        0.20910498880822215,
        0.24712376766458832,
        0.209104988808222,
        0.22177805392934544,
        0.22177805392934544,
        0.22177805392934544,
        0.2091049355600764,
        0.21544160169534468,
        0.24712408231240726,
        0.23445076960882305,
        0.21544154683357986,
        0.2407875752166418,
        0.17108589530403698,
        0.3168257622250121,
        0.2471240193827793,
        0.2217781104046892,
        0.19643197461669118,
        0.2788063137335291,
        0.31048925512924647,
        0.25979714743353055,
        0.22811456102511088,
        0.22177805392934544,
        0.22177799745403032,
        0.20276853334705036,
        0.10772077341678998,
        0.2407872686367057,
        0.17742245332939474,
        0.19643197461669118,
        0.13940335982520966,
        0.19009546752092574,
        0.12673026243248328,
        0.1330668356850503,
        0.1203937876083209,
        0.17108567747094153,
        0.209104988808222,
        0.20276848171245665,
        0.13940335982520966,
        0.17108589530403698,
        0.10772074598592153,
        0.1584129214520336,
        0.10138426632102453,
        0.19643172451199964,
        0.13306680179985175,
        0.10772077341678998,
        0.12673029470408637,
        0.11464230874028201
    ]
}