{
    "bins": [
        -1.0,
        -0.75,
        -0.5,
        -0.25,
        0.0,
        0.25,
        0.5,
        0.75,
        1.0
    ],
    "yvals": [
        1.1844512,
        2.1150916,
        2.7128452,
        3.160196,
        3.030802,
        2.5928536,
        2.1549052,
        1.284096
    ]
}