{
    "bins": [
        0.0,
        0.7853982,
        1.570796,
        2.356194,
        3.141593,
        3.926991,
        4.712389,
        5.497787,
        6.283185
    ],
    "yvals": [
        0.7904800392972634,
        0.7524613641647583,
        0.7492929699337154,
        0.8063206090152905,
        0.7898576263244875,
        0.746124639991444,
        0.717610307130907,
        0.717610307130907
    ]
}