{
    "bins": [
        -1.0,
        -0.75,
        -0.5,
        -0.25,
        0.0,
        0.25,
        0.5,
        0.75,
        1.0
    ],
    "yvals": [
        1.1545912,
        2.0603484,
        2.8765248,
        3.166174,
        3.2149396,
        2.7235416,
        2.1290576,
        1.1396612
    ]
}