{
    "bins": [
        [
            -1.0,
            -0.75,
            -0.5,
            -0.25,
            0.0,
            0.25,
            0.5,
            0.75,
            1.0
        ],
        [
            0.0,
            0.7853982,
            1.570796,
            2.356194,
            3.141593,
            3.926991,
            4.712389,
            5.497787,
            6.283185
        ]
    ],
    "zvals": [
        0.06336515668103135,
        0.08237471508068905,
        0.09504770829566668,
        0.06336509213788151,
        0.09504770829566662,
        0.10772077341678998,
        0.12673029470408637,
        0.17108589530403698,
        0.11405725146810877,
        0.09504773249937802,
        0.06336517281683937,
        0.10772063626258756,
        0.17108589530403687,
        0.0760381870083703,
        0.09504770829566668,
        0.12673029470408637,
        0.12673026243248328,
        0.10772080084767234,
        0.08237469410413577,
        0.19643172451199964,
        0.08871120119990117,
        0.08871120119990122,
        0.1203937876083209,
        0.1203937876083209,
        0.09504768409196761,
        0.08237471508068905,
        0.06336517281683937,
        0.17108567747094153,
        0.12039378760832083,
        0.08871120119990122,
        0.15841288111250604,
        0.13306680179985184,
        0.2091049355600764,
        0.1330668356850503,
        0.10772077341678998,
        0.13306663237411814,
        0.19009546752092563,
        0.10138426632102453,
        0.12673029470408637,
        0.0760381870083703,
        0.16474934625518622,
        0.12039381826636132,
        0.10138426632102453,
        0.10138413723470492,
        0.11405728051255537,
        0.11405728051255544,
        0.11405728051255544,
        0.13940335982520966,
        0.10138424050373428,
        0.06970169766200006,
        0.11405728051255544,
        0.0887110882494121,
        0.08871120119990117,
        0.0760381870083703,
        0.10772077341678998,
        0.11405728051255544,
        0.10138424050373428,
        0.08237471508068905,
        0.05069212297459378,
        0.057028542180471334,
        0.09504770829566662,
        0.03168257622250121,
        0.08871120119990122,
        0.0760381870083703
    ]
}