{
    "bins": [
        0.0,
        0.7853982,
        1.570796,
        2.356194,
        3.141593,
        3.926991,
        4.712389,
        5.497787,
        6.283185
    ],
    "yvals": [
        0.243955741176896,
        0.1932637193534283,
        0.1695018321920861,
        0.22969840807029296,
        0.24078760068143787,
        0.1710858698392408,
        0.23445106812087635,
        0.23920343571030236
    ]
}