{
    "bins": [
        0.0,
        0.7853982,
        1.570796,
        2.356194,
        3.141593,
        3.926991,
        4.712389,
        5.497787,
        6.283185
    ],
    "yvals": [
        0.6605816005180557,
        0.6447406651762967,
        0.6162261681338634,
        0.7112729962732318,
        0.6447405009944002,
        0.6605817687338141,
        0.6529162284599657,
        0.6227354793365912
    ]
}