{
    "bins": [
        -1.0,
        -0.75,
        -0.5,
        -0.25,
        0.0,
        0.25,
        0.5,
        0.75,
        1.0
    ],
    "yvals": [
        1.0806044,
        1.7617472,
        2.4037396,
        2.5331336,
        2.6157188,
        2.319136,
        1.9160244,
        1.1645448
    ]
}