{
    "bins": [
        -1.0,
        -0.75,
        -0.5,
        -0.25,
        0.0,
        0.25,
        0.5,
        0.75,
        1.0
    ],
    "yvals": [
        1.3237988,
        1.9956512,
        2.4286232,
        2.9611284,
        2.7677108,
        2.52318,
        2.159882,
        1.2441716
    ]
}