{
    "bins": [
        -1.0,
        -0.75,
        -0.5,
        -0.25,
        0.0,
        0.25,
        0.5,
        0.75,
        1.0
    ],
    "yvals": [
        0.7912932,
        0.8460368,
        0.9057568,
        0.9356172,
        0.9057568,
        0.9455704,
        0.8161764,
        0.6469692
    ]
}