{
    "bins": [
        [
            -1.0,
            -0.75,
            -0.5,
            -0.25,
            0.0,
            0.25,
            0.5,
            0.75,
            1.0
        ],
        [
            0.0,
            0.7853982,
            1.570796,
            2.356194,
            3.141593,
            3.926991,
            4.712389,
            5.497787,
            6.283185
        ]
    ],
    "zvals": [
        0.16474934625518622,
        0.13940339532400012,
        0.10138426632102453,
        0.1394031823315283,
        0.1520763740167405,
        0.13306680179985184,
        0.17742245332939482,
        0.17108589530403698,
        0.16489525950021275,
        0.2851432484277394,
        0.21544154683357997,
        0.2534603176219985,
        0.28514317581659226,
        0.19643197461669118,
        0.16474938820827154,
        0.2534606403377651,
        0.32949869251037245,
        0.17742249850967243,
        0.23445106812087635,
        0.2534603176219985,
        0.24712408231240712,
        0.2534606403377651,
        0.21544154683357997,
        0.32949877641654307,
        0.278806597723295,
        0.30415282548537825,
        0.3231622693207776,
        0.28514281276141173,
        0.3231622693207774,
        0.26613365452929605,
        0.22177805392934544,
        0.3548448557291972,
        0.4435559439784812,
        0.23445112782337815,
        0.3041527480334812,
        0.27246981470564646,
        0.34850834863343155,
        0.17131248106055788,
        0.278806668720827,
        0.22177805392934544,
        0.29781616509943615,
        0.24712414524206713,
        0.3611813628249627,
        0.33583490684352796,
        0.32949877641654285,
        0.22811456102511088,
        0.3041527480334812,
        0.3231622693207776,
        0.2471240193827793,
        0.20910504205639488,
        0.24712408231240726,
        0.2407872686367057,
        0.2661336545292959,
        0.19643197461669118,
        0.21544154683357997,
        0.17108589530403698,
        0.19643192459570188,
        0.11405730955701683,
        0.11405728051255544,
        0.1267301333462355,
        0.19009546752092563,
        0.15841288111250604,
        0.14573986692097513,
        0.16474938820827154
    ]
}