{
    "bins": [
        -1.0,
        -0.75,
        -0.5,
        -0.25,
        0.0,
        0.25,
        0.5,
        0.75,
        1.0
    ],
    "yvals": [
        1.1995476,
        2.259684,
        2.6923872,
        3.2130048,
        3.4090304,
        2.9163384,
        2.1509488,
        1.0550576
    ]
}