{
    "bins": [
        -1.0,
        -0.75,
        -0.5,
        -0.25,
        0.0,
        0.25,
        0.5,
        0.75,
        1.0
    ],
    "yvals": [
        0.84106,
        1.493006,
        1.7020268,
        1.9957876,
        2.015558,
        2.0105812,
        1.4382624,
        1.0052908
    ]
}