{
    "bins": [
        [
            -1.0,
            -0.75,
            -0.5,
            -0.25,
            0.0,
            0.25,
            0.5,
            0.75,
            1.0
        ],
        [
            0.0,
            0.7853982,
            1.570796,
            2.356194,
            3.141593,
            3.926991,
            4.712389,
            5.497787,
            6.283185
        ]
    ],
    "zvals": [
        0.09504768409196761,
        0.05069213588324286,
        0.11405728051255544,
        0.0760380901936468,
        0.14573986692097504,
        0.10772077341678998,
        0.0760381870083703,
        0.09504770829566668,
        0.12039375695029603,
        0.08871122379003353,
        0.12673029470408637,
        0.12039363431835284,
        0.15841288111250595,
        0.09504770829566668,
        0.0760381870083703,
        0.12673029470408637,
        0.12673026243248328,
        0.12673032697570583,
        0.09504770829566668,
        0.17742222742835173,
        0.20276848171245654,
        0.09504770829566668,
        0.10138426632102453,
        0.13306680179985184,
        0.20276843007788914,
        0.09504773249937802,
        0.13306680179985184,
        0.15841267941517626,
        0.12039378760832083,
        0.09504770829566668,
        0.1203937876083209,
        0.22811456102511088,
        0.17742240814914015,
        0.10772080084767234,
        0.13940335982520966,
        0.10772063626258756,
        0.18375896042516016,
        0.1203937876083209,
        0.0760381870083703,
        0.13306680179985184,
        0.15207633529081171,
        0.07603820637134456,
        0.1203937876083209,
        0.190095225484117,
        0.17108589530403687,
        0.08237469410413577,
        0.15841288111250604,
        0.21544154683357997,
        0.12673026243248328,
        0.08237471508068905,
        0.10772077341678998,
        0.10772063626258756,
        0.11405728051255537,
        0.06336517281683937,
        0.10138426632102453,
        0.1520763740167406,
        0.09504768409196761,
        0.10772080084767234,
        0.06970167991260483,
        0.1394031823315283,
        0.08871120119990117,
        0.08871120119990122,
        0.10138426632102453,
        0.09504770829566668
    ]
}