{
    "bins": [
        -1.0,
        -0.75,
        -0.5,
        -0.25,
        0.0,
        0.25,
        0.5,
        0.75,
        1.0
    ],
    "yvals": [
        0.971702,
        2.0553716,
        3.1004756,
        3.0358956,
        3.4194984,
        2.8244788,
        2.4575988,
        1.2169656
    ]
}