{
    "bins": [
        0.0,
        0.7853982,
        1.570796,
        2.356194,
        3.141593,
        3.926991,
        4.712389,
        5.497787,
        6.283185
    ],
    "yvals": [
        0.6938482924967232,
        0.6861181683982307,
        0.6336516008444129,
        0.6685014877788232,
        0.6415721710521287,
        0.6738532565654612,
        0.7368243871260178,
        0.6795912390915182
    ]
}