{
    "bins": [
        [
            -1.0,
            -0.75,
            -0.5,
            -0.25,
            0.0,
            0.25,
            0.5,
            0.75,
            1.0
        ],
        [
            0.0,
            0.7853982,
            1.570796,
            2.356194,
            3.141593,
            3.926991,
            4.712389,
            5.497787,
            6.283185
        ]
    ],
    "zvals": [
        0.16474934625518622,
        0.10138429213832786,
        0.13940335982520966,
        0.18375872645623434,
        0.12039378760832083,
        0.10772077341678998,
        0.14573986692097513,
        0.10772077341678998,
        0.2471240193827793,
        0.24712414524206713,
        0.15841288111250604,
        0.2534603176219985,
        0.28514317581659226,
        0.20910498880822215,
        0.22177805392934544,
        0.278806668720827,
        0.2661335867589205,
        0.2217781104046892,
        0.28514317581659243,
        0.3104888598024698,
        0.31048925512924647,
        0.278806668720827,
        0.2407875752166418,
        0.2534606403377651,
        0.3613406804344598,
        0.24078763653272264,
        0.3168257622250121,
        0.33583490684352796,
        0.3231622693207774,
        0.28514317581659243,
        0.3548448557291972,
        0.3231763258882759,
        0.30415267058162343,
        0.34850843738039494,
        0.32949877641654307,
        0.34850790489929323,
        0.24712408231240712,
        0.32949877641654307,
        0.2724701616250615,
        0.38652744213761697,
        0.2914796086876695,
        0.361181454799084,
        0.278806668720827,
        0.3675174019829412,
        0.25346064033776494,
        0.37385442794608603,
        0.3485083486334318,
        0.28514317581659243,
        0.278806597723295,
        0.20910504205639488,
        0.24712408231240726,
        0.20276822353988228,
        0.19643197461669107,
        0.17742245332939482,
        0.2724701616250615,
        0.24712408231240726,
        0.14573982980862446,
        0.1647494301613781,
        0.13306680179985184,
        0.1267301333462355,
        0.15841288111250595,
        0.17742245332939482,
        0.17742245332939482,
        0.19643197461669118
    ]
}