{
    "bins": [
        0.0,
        0.7853982,
        1.570796,
        2.356194,
        3.141593,
        3.926991,
        4.712389,
        5.497787,
        6.283185
    ],
    "yvals": [
        0.7512727938515774,
        0.7508773261142314,
        0.717610307130907,
        0.7730539509217609,
        0.7014781040949937,
        0.712857939541481,
        0.703353204362629,
        0.7670370945686138
    ]
}