{
    "bins": [
        -1.0,
        -0.75,
        -0.5,
        -0.25,
        0.0,
        0.25,
        0.5,
        0.75,
        1.0
    ],
    "yvals": [
        1.0351508,
        1.7070036,
        2.1101152,
        1.99569,
        2.0654272,
        1.9608144,
        1.4382624,
        1.0500808
    ]
}