{
    "bins": [
        -1.0,
        -0.75,
        -0.5,
        -0.25,
        0.0,
        0.25,
        0.5,
        0.75,
        1.0
    ],
    "yvals": [
        0.9256636,
        1.4284236,
        1.6024932,
        1.8513272,
        1.7868084,
        1.9060708,
        1.4084024,
        0.9505472
    ]
}