{
    "bins": [
        [
            -1.0,
            -0.75,
            -0.5,
            -0.25,
            0.0,
            0.25,
            0.5,
            0.75,
            1.0
        ],
        [
            0.0,
            0.7853982,
            1.570796,
            2.356194,
            3.141593,
            3.926991,
            4.712389,
            5.497787,
            6.283185
        ]
    ],
    "zvals": [
        0.17108585173737345,
        0.1584129214520336,
        0.17742245332939482,
        0.17108567747094153,
        0.13940335982520957,
        0.19009546752092574,
        0.13940335982520966,
        0.16474938820827154,
        0.31048917606381066,
        0.3231623516134117,
        0.21544154683357997,
        0.27246981470564646,
        0.2724701616250613,
        0.3611813628249627,
        0.31048925512924663,
        0.3168257622250121,
        0.34217175440432634,
        0.30415282548537825,
        0.4689021362417527,
        0.4815745372734114,
        0.3231622693207774,
        0.4055369634249133,
        0.4118735214502712,
        0.278806668720827,
        0.44989250039024786,
        0.42454664375173956,
        0.39286394923338236,
        0.4689015392176461,
        0.4752386433375179,
        0.39920045632914786,
        0.43824017886472855,
        0.49493943198225626,
        0.43088293301410674,
        0.44989272951872283,
        0.3675178699207282,
        0.5005840852865868,
        0.3611813628249625,
        0.34217184153766633,
        0.43088304273756756,
        0.44355605692909844,
        0.4182099220497322,
        0.39920055798475623,
        0.3168257622250121,
        0.3865269499961167,
        0.5005847226501721,
        0.45622912205022176,
        0.4245465356418021,
        0.38652744213761697,
        0.31682568154599794,
        0.30415282548537825,
        0.3041527480334812,
        0.3675174019829412,
        0.2788066687208268,
        0.3358353344419009,
        0.278806668720827,
        0.23445106812087635,
        0.20276843007788914,
        0.21544160169534468,
        0.22177805392934544,
        0.19643172451199964,
        0.22811456102511074,
        0.1520763740167406,
        0.17742245332939482,
        0.17108589530403698
    ]
}