{
    "bins": [
        [
            -1.0,
            -0.75,
            -0.5,
            -0.25,
            0.0,
            0.25,
            0.5,
            0.75,
            1.0
        ],
        [
            0.0,
            0.7853982,
            1.570796,
            2.356194,
            3.141593,
            3.926991,
            4.712389,
            5.497787,
            6.283185
        ]
    ],
    "zvals": [
        0.22177799745403032,
        0.21544160169534468,
        0.23445106812087635,
        0.19643172451199964,
        0.17742245332939474,
        0.16474938820827154,
        0.16474938820827154,
        0.1520763740167406,
        0.31682568154599794,
        0.34850843738039494,
        0.3358353344419009,
        0.3611809029550585,
        0.39920045632914763,
        0.37385442794608603,
        0.32949877641654307,
        0.28514317581659243,
        0.46256551135462237,
        0.41821013504239507,
        0.3611813628249627,
        0.4879110872308216,
        0.5107667704781523,
        0.4752386433375182,
        0.39286394923338236,
        0.4879117084586415,
        0.494248089695138,
        0.513257867541773,
        0.6589973491147165,
        0.5195937351588175,
        0.5576133374416536,
        0.45622912205022176,
        0.46256562914598726,
        0.4689021362417527,
        0.6019687847514802,
        0.5576134794367898,
        0.5322672071994073,
        0.5005840852865868,
        0.5449405269684923,
        0.519594396726246,
        0.5322672071994073,
        0.5512766775571113,
        0.46890201683680965,
        0.4689022556467563,
        0.38652744213761697,
        0.5132570833423521,
        0.5005847226501721,
        0.43088304273756756,
        0.46256562914598726,
        0.3611813628249627,
        0.38652734370921654,
        0.3231623516134117,
        0.3168257622250121,
        0.4118729970371747,
        0.2724701616250613,
        0.2914796829123579,
        0.3485083486334318,
        0.34217184153766633,
        0.2091049355600764,
        0.1647494301613781,
        0.17108589530403698,
        0.23445076960882305,
        0.19643197461669107,
        0.2724701616250615,
        0.17742245332939482,
        0.22177805392934544
    ]
}