{
    "bins": [
        0.0,
        0.7853982,
        1.570796,
        2.356194,
        3.141593,
        3.926991,
        4.712389,
        5.497787,
        6.283185
    ],
    "yvals": [
        0.32316218702818517,
        0.2867274392670822,
        0.2978162664025119,
        0.38811101109117785,
        0.35168704274775325,
        0.31999406670248726,
        0.30732100158136394,
        0.37227023751015414
    ]
}