{
    "bins": [
        [
            -1.0,
            -0.75,
            -0.5,
            -0.25,
            0.0,
            0.25,
            0.5,
            0.75,
            1.0
        ],
        [
            0.0,
            0.7853982,
            1.570796,
            2.356194,
            3.141593,
            3.926991,
            4.712389,
            5.497787,
            6.283185
        ]
    ],
    "zvals": [
        0.019009541911351464,
        0.08237471508068905,
        0.05702861479148153,
        0.050692058431446946,
        0.13306680179985175,
        0.05702861479148153,
        0.08871120119990122,
        0.09504770829566668,
        0.10138424050373428,
        0.05069213588324286,
        0.09504770829566668,
        0.10138413723470492,
        0.08871120119990117,
        0.09504770829566668,
        0.10772077341678998,
        0.11405728051255544,
        0.11405725146810877,
        0.08871122379003353,
        0.05702861479148153,
        0.15841267941517626,
        0.12039378760832083,
        0.0760381870083703,
        0.10138426632102453,
        0.19643197461669118,
        0.15841284077299897,
        0.06970169766200006,
        0.06336517281683937,
        0.0887110882494121,
        0.12039378760832083,
        0.08871120119990122,
        0.08237469410413577,
        0.11405728051255544,
        0.17108585173737345,
        0.08237471508068905,
        0.10138426632102453,
        0.10772063626258756,
        0.14573986692097504,
        0.06970167991260483,
        0.09504770829566668,
        0.1520763740167406,
        0.10138424050373428,
        0.0443556169879773,
        0.1203937876083209,
        0.09504758727729473,
        0.15841288111250595,
        0.08237469410413577,
        0.08871120119990122,
        0.06970167991260483,
        0.09504768409196761,
        0.08871122379003353,
        0.10772077341678998,
        0.08237458922152945,
        0.13940335982520957,
        0.10138426632102453,
        0.0760381870083703,
        0.08871120119990122,
        0.12039375695029603,
        0.08871122379003353,
        0.08871120119990122,
        0.08237458922152945,
        0.08871120119990117,
        0.10772077341678998,
        0.10772077341678998,
        0.10138426632102453
    ]
}