{
    "bins": [
        [
            -1.0,
            -0.75,
            -0.5,
            -0.25,
            0.0,
            0.25,
            0.5,
            0.75,
            1.0
        ],
        [
            0.0,
            0.7853982,
            1.570796,
            2.356194,
            3.141593,
            3.926991,
            4.712389,
            5.497787,
            6.283185
        ]
    ],
    "zvals": [
        0.10138424050373428,
        0.06336518895265558,
        0.12673029470408637,
        0.1140571352904702,
        0.14573986692097504,
        0.1203937876083209,
        0.13306680179985184,
        0.15841288111250604,
        0.19643192459570188,
        0.1584129214520336,
        0.10138426632102453,
        0.14573968135941096,
        0.19009546752092563,
        0.13306680179985184,
        0.1520763740167406,
        0.2534606403377651,
        0.19009541911351463,
        0.20910504205639488,
        0.20276848171245665,
        0.24712376766458832,
        0.17108589530403687,
        0.13306680179985184,
        0.10772077341678998,
        0.20910498880822215,
        0.18375891363132738,
        0.1584129214520336,
        0.19009546752092574,
        0.2281142705809404,
        0.22811456102511074,
        0.22811456102511088,
        0.1203937876083209,
        0.21544154683357997,
        0.24078751390059205,
        0.19643202463770587,
        0.16474938820827154,
        0.2281142705809404,
        0.17108589530403687,
        0.20276848171245665,
        0.23445106812087635,
        0.13940335982520966,
        0.15207633529081171,
        0.13940339532400012,
        0.12673029470408637,
        0.1647491784430589,
        0.16474938820827142,
        0.25979714743353055,
        0.1203937876083209,
        0.17108589530403698,
        0.21544149197184306,
        0.14573990403334464,
        0.19643197461669118,
        0.1520761803872936,
        0.1520763740167405,
        0.15841288111250604,
        0.14573986692097513,
        0.16474938820827154,
        0.16474934625518622,
        0.1330668356850503,
        0.1203937876083209,
        0.15841267941517626,
        0.08871120119990117,
        0.10138426632102453,
        0.06336517281683937,
        0.14573986692097513
    ]
}