{
    "bins": [
        [
            -1.0,
            -0.75,
            -0.5,
            -0.25,
            0.0,
            0.25,
            0.5,
            0.75,
            1.0
        ],
        [
            0.0,
            0.7853982,
            1.570796,
            2.356194,
            3.141593,
            3.926991,
            4.712389,
            5.497787,
            6.283185
        ]
    ],
    "zvals": [
        0.11405725146810877,
        0.12673032697570583,
        0.10772077341678998,
        0.1394031823315283,
        0.13306680179985175,
        0.12673029470408637,
        0.08237469410413577,
        0.17742245332939482,
        0.14573982980862446,
        0.08871122379003353,
        0.12673029470408637,
        0.18375872645623434,
        0.14573986692097504,
        0.15841288111250604,
        0.08237469410413577,
        0.14573986692097513,
        0.12673026243248328,
        0.12673032697570583,
        0.15841288111250604,
        0.1647491784430589,
        0.17742245332939474,
        0.10772077341678998,
        0.1203937876083209,
        0.17108589530403698,
        0.20276843007788914,
        0.08237471508068905,
        0.13306680179985184,
        0.17108567747094153,
        0.20276848171245654,
        0.1520763740167406,
        0.06970167991260483,
        0.17742245332939482,
        0.19009541911351463,
        0.07603820637134456,
        0.13940335982520966,
        0.17742222742835173,
        0.16474938820827142,
        0.1203937876083209,
        0.12673029470408637,
        0.15841288111250604,
        0.15207633529081171,
        0.1584129214520336,
        0.11405728051255544,
        0.14573968135941096,
        0.13306680179985175,
        0.1520763740167406,
        0.13940335982520966,
        0.20910498880822215,
        0.11405725146810877,
        0.09504773249937802,
        0.12673029470408637,
        0.18375872645623434,
        0.1520763740167405,
        0.1203937876083209,
        0.09504770829566668,
        0.1520763740167406,
        0.11405725146810877,
        0.12039381826636132,
        0.06970167991260483,
        0.1140571352904702,
        0.11405728051255537,
        0.09504770829566668,
        0.06970167991260483,
        0.12673029470408637
    ]
}