{
    "bins": [
        0.0,
        0.7853982,
        1.570796,
        2.356194,
        3.141593,
        3.926991,
        4.712389,
        5.497787,
        6.283185
    ],
    "yvals": [
        0.6384038058656105,
        0.6117347158344472,
        0.6105704368995084,
        0.6716698136870559,
        0.6669183012943753,
        0.5655340349733512,
        0.6101008660577186,
        0.6526610712021167
    ]
}