{
    "bins": [
        [
            -1.0,
            -0.75,
            -0.5,
            -0.25,
            0.0,
            0.25,
            0.5,
            0.75,
            1.0
        ],
        [
            0.0,
            0.7853982,
            1.570796,
            2.356194,
            3.141593,
            3.926991,
            4.712389,
            5.497787,
            6.283185
        ]
    ],
    "zvals": [
        0.22811450293621754,
        0.19643202463770587,
        0.21544154683357997,
        0.19643172451199964,
        0.23445106812087624,
        0.15841288111250604,
        0.19009546752092574,
        0.13940335982520966,
        0.34217175440432634,
        0.26613372229970594,
        0.37385442794608603,
        0.3104888598024698,
        0.34850834863343155,
        0.26613365452929605,
        0.3041527480334812,
        0.3485083486334318,
        0.4562290058724351,
        0.47523876435610085,
        0.4118735214502712,
        0.34951075822607364,
        0.44989261495445604,
        0.519594396726246,
        0.44355605692909844,
        0.46256562914598726,
        0.41187341656754495,
        0.4689022556467563,
        0.5580416553136118,
        0.47523803824552874,
        0.5892961275684429,
        0.5132577368417033,
        0.44355605692909844,
        0.5342086432611238,
        0.38652734370921654,
        0.4625657469374118,
        0.501316326244783,
        0.4815745372734114,
        0.6019689380416042,
        0.43088304273756756,
        0.5449405269684926,
        0.6716706688838018,
        0.5132932568472909,
        0.4562292382280673,
        0.4055369634249133,
        0.47523803824552874,
        0.4815751504332833,
        0.39286394923338236,
        0.37385442794608603,
        0.38652744213761697,
        0.46890201683680965,
        0.25346070488101696,
        0.38652744213761697,
        0.34850790489929323,
        0.25979714743353044,
        0.3548448557291972,
        0.3801909350418515,
        0.4245465356418021,
        0.28514310320548225,
        0.20276853334705036,
        0.21544154683357997,
        0.16480866413122505,
        0.17108589530403687,
        0.13306680179985184,
        0.21544154683357997,
        0.17742245332939482
    ]
}