{
    "bins": [
        0.0,
        0.7853982,
        1.570796,
        2.356194,
        3.141593,
        3.926991,
        4.712389,
        5.497787,
        6.283185
    ],
    "yvals": [
        0.43405116029041063,
        0.41345774077798536,
        0.42771473826009243,
        0.4308825195855865,
        0.4657339336234621,
        0.481575201362876,
        0.3786067700707158,
        0.4498925385600678
    ]
}