{
    "bins": [
        -1.0,
        -0.75,
        -0.5,
        -0.25,
        0.0,
        0.25,
        0.5,
        0.75,
        1.0
    ],
    "yvals": [
        0.7564564,
        1.045104,
        1.1545912,
        1.219288,
        1.2391948,
        1.0202208,
        1.045104,
        0.7664096
    ]
}