{
    "bins": [
        -1.0,
        -0.75,
        -0.5,
        -0.25,
        0.0,
        0.25,
        0.5,
        0.75,
        1.0
    ],
    "yvals": [
        1.0600344,
        1.2391948,
        1.6024932,
        1.8662576,
        1.8961176,
        1.69705,
        1.4084024,
        0.9754304
    ]
}