{
    "bins": [
        -1.0,
        -0.75,
        -0.5,
        -0.25,
        0.0,
        0.25,
        0.5,
        0.75,
        1.0
    ],
    "yvals": [
        0.6629884,
        1.513184,
        1.9709212,
        2.2912312,
        2.486482,
        2.159882,
        1.5577028,
        0.7763632
    ]
}