{
    "bins": [
        [
            -1.0,
            -0.75,
            -0.5,
            -0.25,
            0.0,
            0.25,
            0.5,
            0.75,
            1.0
        ],
        [
            0.0,
            0.7853982,
            1.570796,
            2.356194,
            3.141593,
            3.926991,
            4.712389,
            5.497787,
            6.283185
        ]
    ],
    "zvals": [
        0.16474934625518622,
        0.20276853334705036,
        0.17742245332939482,
        0.1647491784430589,
        0.10772077341678993,
        0.19643197461669118,
        0.18375896042516027,
        0.1203937876083209,
        0.24078751390059205,
        0.335835419961706,
        0.23445106812087635,
        0.29781586174670455,
        0.2661336545292959,
        0.2534606403377651,
        0.24712408231240726,
        0.2978162409377157,
        0.32949869251037245,
        0.2788067397183949,
        0.37385442794608603,
        0.3294983568861178,
        0.3231622693207774,
        0.4055369634249133,
        0.3358353344419009,
        0.31048925512924663,
        0.3358352489221391,
        0.2914797571370839,
        0.2534606403377651,
        0.2788063137335291,
        0.36123061174079885,
        0.3548448557291972,
        0.31048925512924663,
        0.3548448557291972,
        0.2661335867589205,
        0.335835419961706,
        0.3358353344419009,
        0.34217140587141065,
        0.3738544279460858,
        0.28514317581659243,
        0.3423020175758024,
        0.3485083486334318,
        0.31048917606381066,
        0.335835419961706,
        0.3168257622250121,
        0.34850790489929323,
        0.2788066687208268,
        0.25979714743353055,
        0.3231622693207776,
        0.3231622693207776,
        0.2091049355600764,
        0.23445112782337815,
        0.19643197461669118,
        0.2407872686367057,
        0.2788066687208268,
        0.3168257622250121,
        0.17742245332939482,
        0.17742245332939482,
        0.20276843007788914,
        0.13940339532400012,
        0.19009546752092574,
        0.18375872645623434,
        0.12039378760832083,
        0.13940335982520966,
        0.18375896042516027,
        0.17742245332939482
    ]
}