{
    "bins": [
        0.0,
        0.7853982,
        1.570796,
        2.356194,
        3.141593,
        3.926991,
        4.712389,
        5.497787,
        6.283185
    ],
    "yvals": [
        0.22969864203915924,
        0.12197795817609879,
        0.14573986692097513,
        0.1837587009914706,
        0.1916796324920613,
        0.15999696968925314,
        0.13148263682871617,
        0.21860980038146272
    ]
}