{
    "bins": [
        0.0,
        0.7853982,
        1.570796,
        2.356194,
        3.141593,
        3.926991,
        4.712389,
        5.497787,
        6.283185
    ],
    "yvals": [
        0.22019390928066807,
        0.14890810745841151,
        0.17267003481037643,
        0.19167938843823332,
        0.2487081708891542,
        0.1695018321920861,
        0.1869272649026354,
        0.2328669031497407
    ]
}