{
    "bins": [
        -1.0,
        -0.75,
        -0.5,
        -0.25,
        0.0,
        0.25,
        0.5,
        0.75,
        1.0
    ],
    "yvals": [
        1.030174,
        1.871234,
        2.3689028,
        2.7833124,
        2.6127604,
        2.5829004,
        1.9010944,
        1.2292416
    ]
}