{
    "bins": [
        -1.0,
        -0.75,
        -0.5,
        -0.25,
        0.0,
        0.25,
        0.5,
        0.75,
        1.0
    ],
    "yvals": [
        0.5972024,
        0.7166428,
        0.8311068,
        0.9057568,
        0.8211532,
        0.9157104,
        0.6718528,
        0.6171092
    ]
}