{
    "bins": [
        0.0,
        0.7853982,
        1.570796,
        2.356194,
        3.141593,
        3.926991,
        4.712389,
        5.497787,
        6.283185
    ],
    "yvals": [
        0.5148417707094312,
        0.5386040042383617,
        0.5195942694022649,
        0.5465237414358817,
        0.5275271900361344,
        0.5528609698522279,
        0.5259632695779721,
        0.5275149669339623
    ]
}