{
    "bins": [
        -1.0,
        -0.75,
        -0.5,
        -0.25,
        0.0,
        0.25,
        0.5,
        0.75,
        1.0
    ],
    "yvals": [
        0.4578552,
        0.5922256,
        0.7166428,
        0.6171092,
        0.7265964,
        0.5972024,
        0.6121324,
        0.6171092
    ]
}