{
    "bins": [
        [
            -1.0,
            -0.75,
            -0.5,
            -0.25,
            0.0,
            0.25,
            0.5,
            0.75,
            1.0
        ],
        [
            0.0,
            0.7853982,
            1.570796,
            2.356194,
            3.141593,
            3.926991,
            4.712389,
            5.497787,
            6.283185
        ]
    ],
    "zvals": [
        0.15841284077299897,
        0.15207641274268913,
        0.20276848171245665,
        0.1267301333462355,
        0.13940335982520957,
        0.13306680179985184,
        0.19009546752092574,
        0.24712408231240726,
        0.22811450293621754,
        0.20910504205639488,
        0.16474938820827154,
        0.18375872645623434,
        0.19009546752092563,
        0.21544154683357997,
        0.1520763740167406,
        0.23445106812087635,
        0.30415267058162343,
        0.24078763653272264,
        0.21544154683357997,
        0.28514281276141173,
        0.25346064033776494,
        0.21544154683357997,
        0.24712408231240726,
        0.278806668720827,
        0.28514310320548225,
        0.2788067397183949,
        0.2724701616250615,
        0.2661333156777638,
        0.35484485572919705,
        0.28514317581659243,
        0.24712408231240726,
        0.38652744213761697,
        0.2471240193827793,
        0.2851432484277394,
        0.21544154683357997,
        0.3294983568861178,
        0.39920045632914763,
        0.2534606403377651,
        0.3041527480334812,
        0.3801909350418515,
        0.2471240193827793,
        0.26613372229970594,
        0.2914796829123579,
        0.3675174019829412,
        0.22811456102511074,
        0.13306680179985184,
        0.3168257622250121,
        0.31048925512924663,
        0.21544149197184306,
        0.20910504205639488,
        0.12673029470408637,
        0.28514281276141173,
        0.24078757521664165,
        0.2534606403377651,
        0.25979714743353055,
        0.20276848171245665,
        0.12673026243248328,
        0.14573990403334464,
        0.19009546752092574,
        0.12039363431835284,
        0.17742245332939474,
        0.17108589530403698,
        0.10772077341678998,
        0.20276848171245665
    ]
}