{
    "bins": [
        0.0,
        0.7853982,
        1.570796,
        2.356194,
        3.141593,
        3.926991,
        4.712389,
        5.497787,
        6.283185
    ],
    "yvals": [
        0.5892957228575263,
        0.6225627319047748,
        0.6397105671264761,
        0.6120094372414531,
        0.6229756123646862,
        0.6209785357232895,
        0.6510769062309811,
        0.5972165704521785
    ]
}