{
    "bins": [
        0.0,
        0.7853982,
        1.570796,
        2.356194,
        3.141593,
        3.926991,
        4.712389,
        5.497787,
        6.283185
    ],
    "yvals": [
        0.4277146293434337,
        0.366153432056978,
        0.3437559046496172,
        0.42613015804705634,
        0.3944480378101292,
        0.38994891761883793,
        0.36910203489186383,
        0.4340512708206541
    ]
}