{
    "bins": [
        -1.0,
        -0.75,
        -0.5,
        -0.25,
        0.0,
        0.25,
        0.5,
        0.75,
        1.0
    ],
    "yvals": [
        0.88585,
        1.7667236,
        2.4565496,
        2.683496,
        2.7139796,
        2.3502936,
        1.871234,
        0.84106
    ]
}