{
    "bins": [
        0.0,
        0.7853982,
        1.570796,
        2.356194,
        3.141593,
        3.926991,
        4.712389,
        5.497787,
        6.283185
    ],
    "yvals": [
        0.3611812453860984,
        0.3009845456659033,
        0.30732100158136394,
        0.3595968418599973,
        0.32791463691020334,
        0.3342511694707652,
        0.26930193354197496,
        0.36434966730243784
    ]
}