{
    "bins": [
        0.0,
        0.7853982,
        1.570796,
        2.356194,
        3.141593,
        3.926991,
        4.712389,
        5.497787,
        6.283185
    ],
    "yvals": [
        0.45306075313134153,
        0.44672444969924796,
        0.41979416805237607,
        0.49107931127999915,
        0.4958323041311537,
        0.4150418004629501,
        0.4562290711206294,
        0.5607816673839252
    ]
}