{
    "bins": [
        -1.0,
        -0.75,
        -0.5,
        -0.25,
        0.0,
        0.25,
        0.5,
        0.75,
        1.0
    ],
    "yvals": [
        1.2242648,
        2.0105812,
        2.802662,
        3.1371736,
        3.2055608,
        2.7372056,
        2.2594156,
        1.2292884
    ]
}