{
    "bins": [
        -1.0,
        -0.75,
        -0.5,
        -0.25,
        0.0,
        0.25,
        0.5,
        0.75,
        1.0
    ],
    "yvals": [
        8.505156,
        9.600028,
        10.256952,
        10.505784,
        10.689924,
        10.341556,
        9.266592,
        8.64948
    ]
}