{
    "bins": [
        [
            -1.0,
            -0.75,
            -0.5,
            -0.25,
            0.0,
            0.25,
            0.5,
            0.75,
            1.0
        ],
        [
            0.0,
            0.7853982,
            1.570796,
            2.356194,
            3.141593,
            3.926991,
            4.712389,
            5.497787,
            6.283185
        ]
    ],
    "zvals": [
        1.279975940866684,
        1.4447257173371253,
        1.2546301365677024,
        1.5841267941517625,
        1.5334365506405665,
        1.1849284057255052,
        1.2166111958522943,
        1.3306680179985182,
        1.8059063542544405,
        1.3179955431502355,
        1.2546301365677024,
        1.7488761763129315,
        1.685513332094046,
        1.2863124173985676,
        1.1785917458409625,
        1.945310275809208,
        2.0023381769909836,
        1.3179955431502355,
        1.3116585476408142,
        2.0023361374282374,
        1.8565990746093057,
        1.3623508081253073,
        1.2546301365677024,
        1.9516469356937507,
        2.11005933041354,
        1.343341679846824,
        1.3053223970521954,
        2.0910472256776496,
        1.8185801338938976,
        1.3560141482407648,
        1.3560141482407648,
        1.9960025362937013,
        2.0466937662958737,
        1.5334369411271587,
        1.5144270802828632,
        1.9706538969364615,
        1.9516469356937496,
        1.3560141482407648,
        1.4447253494406662,
        1.793234003651652,
        1.9136269983812033,
        1.3179955431502355,
        1.4130430686098006,
        1.8946156030247048,
        1.9960025362937,
        1.3116585476408142,
        1.501754269809702,
        1.8185801338938987,
        1.7805602304665327,
        1.286312744955486,
        1.3053223970521954,
        1.5524440443647114,
        1.6348210716095528,
        1.279976266809949,
        1.3433413377676036,
        1.6158116012518497,
        1.3813599267225212,
        1.330668356850503,
        1.2736396069254061,
        1.5080885002400055,
        1.539773210525109,
        1.3306680179985182,
        1.1532456155987159,
        1.4954176099251593
    ]
}