{
    "bins": [
        0.0,
        0.7853982,
        1.570796,
        2.356194,
        3.141593,
        3.926991,
        4.712389,
        5.497787,
        6.283185
    ],
    "yvals": [
        3.580130435745842,
        2.723118144715964,
        2.658168215350689,
        3.588047603829391,
        3.504093465987944,
        2.616981453988934,
        2.612228449779603,
        3.4866679059534156
    ]
}