{
    "bins": [
        [
            -1.0,
            -0.75,
            -0.5,
            -0.25,
            0.0,
            0.25,
            0.5,
            0.75,
            1.0
        ],
        [
            0.0,
            0.7853982,
            1.570796,
            2.356194,
            3.141593,
            3.926991,
            4.712389,
            5.497787,
            6.283185
        ]
    ],
    "zvals": [
        -2.9995571673069787,
        -3.5573198702619235,
        -3.1695135459983352,
        -3.587131126981318,
        -3.5328656299099297,
        -3.194851018209876,
        -3.308994929959079,
        -3.2725690668934737,
        -0.5106525581545769,
        -0.4334021307418992,
        -0.44471572374770507,
        -0.47016474428920846,
        -0.4990781234482388,
        -0.4755162096160165,
        -0.49478679599387837,
        -0.479446649978737,
        1.4421942907432177,
        1.4363360834471397,
        1.434463545871011,
        1.454514711630649,
        1.3936297265844828,
        1.4383438715148247,
        1.4162618188485332,
        1.4441096106687312,
        2.4220126809559788,
        2.4299171706363323,
        2.404150252483455,
        2.459798395465235,
        2.3155699403359815,
        2.41181668402517,
        2.324216257235186,
        2.4021268197779984,
        2.3943716703195905,
        2.3926300786684145,
        2.5483008614740554,
        2.319671402688315,
        2.466900093965097,
        2.350103259748561,
        2.425014069299897,
        2.3234971313907096,
        1.449363138341799,
        1.4479067804875438,
        1.4151632675407886,
        1.4645671817763963,
        1.406422221599749,
        1.3903508794267367,
        1.523161505376892,
        1.3818145704470859,
        -0.472733041659632,
        -0.4158419083934281,
        -0.49597126552397647,
        -0.46301398397502413,
        -0.4314738260092334,
        -0.5165976995103121,
        -0.4621109297451739,
        -0.4477586650335245,
        -3.2218749673732376,
        -3.7228925265642454,
        -3.319027041067078,
        -3.2330008059597737,
        -3.394733370851465,
        -3.5024504773376055,
        -3.320387370479681,
        -3.4395249287622334
    ]
}