{
    "bins": [
        -1.0,
        -0.75,
        -0.5,
        -0.25,
        0.0,
        0.25,
        0.5,
        0.75,
        1.0
    ],
    "yvals": [
        0.011362312,
        0.04260468,
        -0.03429628,
        -0.012252776,
        -0.0019452772,
        0.020610824,
        -0.00920342,
        -0.011805424
    ]
}