{
    "bins": [
        -1.0,
        -0.75,
        -0.5,
        -0.25,
        0.0,
        0.25,
        0.5,
        0.75,
        1.0
    ],
    "yvals": [
        0.001254252,
        -0.001568356,
        0.0017270176,
        -0.00037230048,
        4.910352e-05,
        0.0018458288,
        -0.003034502,
        4.627856e-05
    ]
}