{
    "bins": [
        [
            -1.0,
            -0.75,
            -0.5,
            -0.25,
            0.0,
            0.25,
            0.5,
            0.75,
            1.0
        ],
        [
            0.0,
            0.7853982,
            1.570796,
            2.356194,
            3.141593,
            3.926991,
            4.712389,
            5.497787,
            6.283185
        ]
    ],
    "zvals": [
        0.09532397706029883,
        -0.10729487655809578,
        -0.09420497633047195,
        0.11010383257427117,
        0.11018082551776293,
        -0.09738318661366595,
        -0.10286295610633082,
        0.10060407589527859,
        0.2871534974233452,
        -0.268328380853626,
        -0.2530880903694688,
        0.2580455539159077,
        0.2960394093185874,
        -0.26603474926088433,
        -0.2878299155332711,
        0.2882881800055514,
        0.3828898003585951,
        -0.39303486717176955,
        -0.39211696490187153,
        0.39008050685065804,
        0.35963524225933846,
        -0.4052004716080256,
        -0.3814229728112372,
        0.39550164375259433,
        0.438925528477147,
        -0.4624505950997061,
        -0.43282840037789766,
        0.4448705435071856,
        0.4320635397594594,
        -0.43563365325605624,
        -0.4426062709607105,
        0.44205781018031637,
        0.43613479124347365,
        -0.42361167805664846,
        -0.4648394826572007,
        0.4274689425374873,
        0.4571972936014605,
        -0.4216528689912631,
        -0.4355365305233781,
        0.42236201263563194,
        0.39160186514305734,
        -0.3843384842687361,
        -0.3692533976404321,
        0.39522377797781766,
        0.3728314052238481,
        -0.36472096949572075,
        -0.39703192521498665,
        0.38192951853709844,
        0.27536299421108934,
        -0.2611329952795895,
        -0.2729681002498097,
        0.2802538327652569,
        0.2671550475045772,
        -0.28704677119116684,
        -0.27433601817167863,
        0.26099327984028486,
        0.0996878780725497,
        -0.11229494149334261,
        -0.10006193038434019,
        0.09886327841008201,
        0.10229376698183591,
        -0.10659110412809814,
        -0.10359160578458312,
        0.10666337321969246
    ]
}