{
    "bins": [
        -1.0,
        -0.75,
        -0.5,
        -0.25,
        0.0,
        0.25,
        0.5,
        0.75,
        1.0
    ],
    "yvals": [
        2.9003072e-05,
        0.0011300436,
        -0.00017486412,
        -0.00024629284,
        0.00015936728,
        1.1853348e-05,
        -0.0008279676,
        -4.718812e-05
    ]
}