{
    "bins": [
        -1.0,
        -0.75,
        -0.5,
        -0.25,
        0.0,
        0.25,
        0.5,
        0.75,
        1.0
    ],
    "yvals": [
        0.07752932,
        0.05636796,
        0.033700648,
        0.011171488,
        -0.011074232,
        -0.033557692,
        -0.05556616,
        -0.07914528
    ]
}