{
    "bins": [
        [
            -1.0,
            -0.75,
            -0.5,
            -0.25,
            0.0,
            0.25,
            0.5,
            0.75,
            1.0
        ],
        [
            0.0,
            0.7853982,
            1.570796,
            2.356194,
            3.141593,
            3.926991,
            4.712389,
            5.497787,
            6.283185
        ]
    ],
    "zvals": [
        0.011190588417442261,
        0.013087991843114407,
        0.011695038693757818,
        0.013317363531147864,
        0.013078092890483548,
        0.011776429275348298,
        0.012355111675863704,
        0.012212773651066086,
        0.009263413132344842,
        0.008708488870226018,
        0.008184079918716372,
        0.008751256367782491,
        0.009487801089383978,
        0.008860883271920734,
        0.009313698277815835,
        0.009200288261492901,
        0.00533772550026216,
        0.005412177115851356,
        0.005425998029024776,
        0.005454094033733173,
        0.005040722792775127,
        0.0054860440184467,
        0.005326817740814213,
        0.005425422524630825,
        0.0017572976357725291,
        0.0018438131606683898,
        0.0018384599909854627,
        0.001788279333179696,
        0.001742892138762767,
        0.0017930572779660764,
        0.0017190056506382757,
        0.0017411773393871646,
        -0.001761936811161523,
        -0.0017981318511460051,
        -0.0018615428101421193,
        -0.0017056818254161262,
        -0.0017957305722703643,
        -0.001732401661323304,
        -0.001800694170344208,
        -0.0016440332162801538,
        -0.005336696722757959,
        -0.0054541889473079756,
        -0.005203130132747984,
        -0.005482864123840239,
        -0.005125798639670586,
        -0.0051468274683663575,
        -0.005605428075956396,
        -0.005372048311811337,
        -0.009005113584421253,
        -0.00840917557955981,
        -0.008831257528030377,
        -0.008904192646030871,
        -0.00869076315447709,
        -0.00957301139040334,
        -0.008773992294352674,
        -0.008561549685637092,
        -0.011986459862016489,
        -0.013742605339612614,
        -0.012363275689523022,
        -0.011956669157969389,
        -0.012598137504806475,
        -0.012912352717985026,
        -0.012328663938538171,
        -0.012882742252972382
    ]
}