{
    "bins": [
        -1.0,
        -0.75,
        -0.5,
        -0.25,
        0.0,
        0.25,
        0.5,
        0.75,
        1.0
    ],
    "yvals": [
        -20.9095,
        -2.99061,
        9.000548,
        15.055776,
        15.095736,
        9.015388,
        -2.9102936,
        -21.326616
    ]
}