{
    "bins": [
        [
            -1.0,
            -0.75,
            -0.5,
            -0.25,
            0.0,
            0.25,
            0.5,
            0.75,
            1.0
        ],
        [
            0.0,
            0.7853982,
            1.570796,
            2.356194,
            3.141593,
            3.926991,
            4.712389,
            5.497787,
            6.283185
        ]
    ],
    "zvals": [
        -0.007101213117116897,
        -0.007788384433977278,
        0.0072878413237619675,
        0.008232101135855789,
        -0.007862189615965406,
        -0.007072892979101043,
        0.007983850226254715,
        0.007917845474523746,
        -0.021138393237977882,
        -0.020331067899604503,
        0.018532132753075515,
        0.020805195830399584,
        -0.02189314971517625,
        -0.02058848125409029,
        0.02144291174665584,
        0.021173932197433663,
        -0.029255422281334483,
        -0.028471095793749356,
        0.029124240194143614,
        0.029422527912564188,
        -0.028216761438149822,
        -0.02829130708252377,
        0.02889835726599763,
        0.028988329483904982,
        -0.03378153909698291,
        -0.03308780340357459,
        0.034196430344869744,
        0.03419915737096686,
        -0.0320417622657557,
        -0.03471501582637084,
        0.031185095964084458,
        0.03357136127161007,
        -0.033193990004051446,
        -0.034022534822481035,
        0.03535728382297893,
        0.03229739279016144,
        -0.033994932505557685,
        -0.03324803984731309,
        0.0344673910552357,
        0.032399909345325564,
        -0.028762103096238313,
        -0.029813890489634676,
        0.02873872355162606,
        0.02971514860599517,
        -0.02863190382455773,
        -0.028401365931667772,
        0.031204184375310362,
        0.028301350398142095,
        -0.021273096882574977,
        -0.01988507734551841,
        0.019903024963139712,
        0.02010633066759698,
        -0.020453191884878742,
        -0.022459970613625202,
        0.019975609818206827,
        0.020222689642703448,
        -0.007587539670959266,
        -0.008416575651217765,
        0.00811095011701074,
        0.007304297560857602,
        -0.00796853569782454,
        -0.007707857672161122,
        0.007776368159837435,
        0.00854780378865238
    ]
}