{
    "bins": [
        [
            -1.0,
            -0.75,
            -0.5,
            -0.25,
            0.0,
            0.25,
            0.5,
            0.75,
            1.0
        ],
        [
            0.0,
            0.7853982,
            1.570796,
            2.356194,
            3.141593,
            3.926991,
            4.712389,
            5.497787,
            6.283185
        ]
    ],
    "zvals": [
        5.873020844712911,
        6.863151386469379,
        6.136246845548373,
        6.987037162003008,
        6.863093616230239,
        6.17841145508392,
        6.484559420828677,
        6.409687827063478,
        5.3598187518127745,
        5.057400466362396,
        4.739616856676489,
        5.069635179061853,
        5.498730579909802,
        5.132200489433385,
        5.398052961683123,
        5.33460487548988,
        4.23243547031302,
        4.2690697631187655,
        4.275070728471426,
        4.305048516741173,
        4.024856187563501,
        4.308004349387191,
        4.202940674664311,
        4.28494088347564,
        3.7996628971138455,
        3.828384036726357,
        3.790535244551171,
        3.855855176795489,
        3.6466728970534668,
        3.7887746085424214,
        3.650204354989446,
        3.768340128189785,
        3.7584170679280904,
        3.767018955235169,
        3.996576003503957,
        3.6415493271572794,
        3.8644177856322512,
        3.6931761985642955,
        3.810322409784594,
        3.6341798680414272,
        4.23831579955238,
        4.301765551164009,
        4.1355175337854195,
        4.333422375123982,
        4.08228235875314,
        4.080277260700945,
        4.457714432682539,
        4.198500123504263,
        5.219023929517537,
        4.884467463494295,
        5.105773123944804,
        5.165023128371694,
        5.04617735211956,
        5.542698097015782,
        5.083638104502432,
        4.965300140820324,
        6.292767159384882,
        7.208836082810519,
        6.489280594042767,
        6.2726232144425955,
        6.611791728524898,
        6.772729240461526,
        6.4705435970043235,
        6.7628947361719804
    ]
}