{
    "bins": [
        0.0,
        0.7853982,
        1.570796,
        2.356194,
        3.141593,
        3.926991,
        4.712389,
        5.497787,
        6.283185
    ],
    "yvals": [
        -0.045523328166527495,
        -0.04545411255289994,
        0.04531265676765157,
        0.045520544334790344,
        -0.0452656105566859,
        -0.04562122643551423,
        0.0457334370599365,
        0.045280800307614756
    ]
}