{
    "bins": [
        0.0,
        0.7853982,
        1.570796,
        2.356194,
        3.141593,
        3.926991,
        4.712389,
        5.497787,
        6.283185
    ],
    "yvals": [
        -0.00012578726307241344,
        -0.00035305484685594995,
        0.0005384629194370244,
        -0.0007187309889622982,
        -0.0009817244250685637,
        0.0006645093315745649,
        -5.8324811114874254e-05,
        0.0005351570795953136
    ]
}