{
    "bins": [
        0.0,
        0.7853982,
        1.570796,
        2.356194,
        3.141593,
        3.926991,
        4.712389,
        5.497787,
        6.283185
    ],
    "yvals": [
        0.6017700320678097,
        -0.6031217556249839,
        -0.5948403229954751,
        0.601227528937521,
        0.5993491198093195,
        -0.5960659436362202,
        -0.6063045742413402,
        0.5995999480518159
    ]
}