{
    "bins": [
        -1.0,
        -0.75,
        -0.5,
        -0.25,
        0.0,
        0.25,
        0.5,
        0.75,
        1.0
    ],
    "yvals": [
        -0.00011711312,
        -0.0035806172,
        0.0008043332,
        0.0024856876,
        0.0018124376,
        -6.647024e-05,
        -0.0025697712,
        -0.00014306156
    ]
}