{
    "bins": [
        -1.0,
        -0.75,
        -0.5,
        -0.25,
        0.0,
        0.25,
        0.5,
        0.75,
        1.0
    ],
    "yvals": [
        40.67984,
        32.66476,
        26.626856,
        23.662812,
        23.692052,
        26.568288,
        32.21082,
        41.533
    ]
}