{
    "bins": [
        0.0,
        0.7853982,
        1.570796,
        2.356194,
        3.141593,
        3.926991,
        4.712389,
        5.497787,
        6.283185
    ],
    "yvals": [
        -0.004882614958883277,
        -0.002034614815574986,
        0.002014531485947253,
        0.004908102760507717,
        0.0048811456102511065,
        0.0020332646632662678,
        -0.002037769385712722,
        -0.0048794712999014524
    ]
}