{
    "bins": [
        [
            -1.0,
            -0.75,
            -0.5,
            -0.25,
            0.0,
            0.25,
            0.5,
            0.75,
            1.0
        ],
        [
            0.0,
            0.7853982,
            1.570796,
            2.356194,
            3.141593,
            3.926991,
            4.712389,
            5.497787,
            6.283185
        ]
    ],
    "zvals": [
        -0.0012886227648599145,
        -0.0005900194780275676,
        0.0005475323339249656,
        0.00151776969412999,
        0.0014762701203720912,
        0.0005264357688713239,
        -0.0005948698621590584,
        -0.001396757822148771,
        -0.002511152686624441,
        -0.000986644984236014,
        0.000899161444261381,
        0.0023550587663085897,
        0.0025877870837460746,
        0.0010065643151625039,
        -0.0010339970308047642,
        -0.0025137593933266963,
        -0.002872399758491934,
        -0.001167011672301603,
        0.0011869859612578593,
        0.0029183199876750545,
        0.0027318103687557125,
        0.0011519494574725175,
        -0.0011802097789910342,
        -0.0029153427943539464,
        -0.003095675034651213,
        -0.00125463758620154,
        0.001312950122103698,
        0.0031412762175658487,
        0.0029846717205798835,
        0.0013238561850170234,
        -0.0011844613813633345,
        -0.0030809999516168882,
        -0.0030646563743079625,
        -0.0013144920955979252,
        0.0013572593767745783,
        0.002976649066270775,
        0.0031654172788828077,
        0.001278628160499518,
        -0.0013239880926613006,
        -0.002967407607353215,
        -0.002890746630180716,
        -0.001224624260470299,
        0.001182170059001933,
        0.0029418932287919902,
        0.002782244416206814,
        0.0011684847682321576,
        -0.0012820226178319786,
        -0.002836217561032751,
        -0.0024469809072646207,
        -0.0009624687005744095,
        0.0009657732767335799,
        0.0024357622049429655,
        0.0023766548934425597,
        0.0010935719214971266,
        -0.0009653317171676019,
        -0.002324905334620155,
        -0.0013602251698565137,
        -0.0006385609941866402,
        0.0006062933697310155,
        0.001345680857755103,
        0.0014197275776103321,
        0.0005835701134965968,
        -0.0005861980804636631,
        -0.0014824937165615398
    ]
}