{
    "bins": [
        [
            -1.0,
            -0.75,
            -0.5,
            -0.25,
            0.0,
            0.25,
            0.5,
            0.75,
            1.0
        ],
        [
            0.0,
            0.7853982,
            1.570796,
            2.356194,
            3.141593,
            3.926991,
            4.712389,
            5.497787,
            6.283185
        ]
    ],
    "zvals": [
        0.028143914768330256,
        0.012949875846354549,
        -0.011956786240861323,
        -0.033233029326495196,
        -0.03220024497133936,
        -0.011474645975670935,
        0.012971563462091834,
        0.030492275254075014,
        0.03997139794820004,
        0.015540990820193282,
        -0.014293155826727343,
        -0.037384198350137954,
        -0.04104005867089042,
        -0.015972615158174584,
        0.01630370334531028,
        0.03982592774618729,
        0.027389219888713776,
        0.011202465807772826,
        -0.011430306672540549,
        -0.028024741564478692,
        -0.025833806554129236,
        -0.011182060560378309,
        0.011288961774794437,
        0.028001441307464504,
        0.009640485552424236,
        0.004142888610077593,
        -0.004322723510882381,
        -0.009816574760090095,
        -0.009668708094494763,
        -0.004208775168767938,
        0.0037607969462616414,
        0.00959271095673786,
        -0.009697862816594181,
        -0.004242734064190146,
        0.004250420805757082,
        0.009397587722928091,
        0.009897453265732785,
        0.004097232740597762,
        -0.004241401174945697,
        -0.009072495728280441,
        -0.027530432333560225,
        -0.011768859041876613,
        0.011258857292735661,
        0.028197362105121096,
        0.026389305804190986,
        0.011232725318882914,
        -0.012166437907914208,
        -0.027589334324762738,
        -0.03881377879399265,
        -0.01522355168298154,
        0.015436295992605027,
        0.03856548327665301,
        0.03756176613640471,
        0.017374910554903377,
        -0.015298592560714443,
        -0.03679151207413313,
        -0.02960608771448674,
        -0.014013296192069803,
        0.013211243216814918,
        0.0294231899964222,
        0.030967387235516248,
        0.01279126251913043,
        -0.012851889105905545,
        -0.032318376160876405
    ]
}