{
    "bins": [
        -1.0,
        -0.75,
        -0.5,
        -0.25,
        0.0,
        0.25,
        0.5,
        0.75,
        1.0
    ],
    "yvals": [
        -0.0033828004,
        0.0023184568,
        0.0011083088,
        -0.0006910832,
        0.00030489828,
        -0.001552558,
        0.0022078052,
        -0.0018822332
    ]
}