{
    "bins": [
        [
            -1.0,
            -0.75,
            -0.5,
            -0.25,
            0.0,
            0.25,
            0.5,
            0.75,
            1.0
        ],
        [
            0.0,
            0.7853982,
            1.570796,
            2.356194,
            3.141593,
            3.926991,
            4.712389,
            5.497787,
            6.283185
        ]
    ],
    "zvals": [
        0.006615869504157254,
        0.018461289298238422,
        0.01641189817137299,
        0.007830236605852567,
        -0.007412649382860662,
        -0.016686994364640606,
        -0.01786797012470111,
        -0.007500793228401398,
        0.012886884640173608,
        0.03004684250452446,
        0.028012650910748442,
        0.012821870157716016,
        -0.01330126127135541,
        -0.030182791400029035,
        -0.031974137952986904,
        -0.01286905747149853,
        0.015120666179270591,
        0.03659867649234566,
        0.03662463617172441,
        0.015230174726476607,
        -0.014643408819477507,
        -0.03705333601562521,
        -0.03595649594218474,
        -0.01489680900638912,
        0.016385588864349317,
        0.039681506619957424,
        0.03883757789044536,
        0.016606321118310566,
        -0.015384877476133114,
        -0.03892292060840492,
        -0.03789157089781233,
        -0.016146763806375877,
        0.01608582754582325,
        0.0384871309799951,
        0.0411434049997581,
        0.015560712453160751,
        -0.016367080130074173,
        -0.03786458330680751,
        -0.03907746645649722,
        -0.015660299618792006,
        0.014808381277166155,
        0.03667055344438194,
        0.03534490283907014,
        0.015321287651244781,
        -0.014688776900374073,
        -0.03484925604597924,
        -0.038070389789635325,
        -0.014621346120056332,
        0.012954906186441476,
        0.02906290799388539,
        0.03011198398773616,
        0.012242052765537007,
        -0.012480953605687814,
        -0.03259141479861167,
        -0.030190629464297087,
        -0.012380795469303464,
        0.007139349186183518,
        0.019456285719160405,
        0.017678899105931012,
        0.007012053745930413,
        -0.007576907504220787,
        -0.018300133180884092,
        -0.017541480879757782,
        -0.008050226764010095
    ]
}