{
    "bins": [
        0.0,
        0.7853982,
        1.570796,
        2.356194,
        3.141593,
        3.926991,
        4.712389,
        5.497787,
        6.283185
    ],
    "yvals": [
        9.693364461492273,
        10.045024317613315,
        9.667153468687216,
        9.907548901895725,
        9.909505753770697,
        9.874067670149405,
        9.889494243682822,
        9.839612527661137
    ]
}