{
    "bins": [
        0.0,
        0.7853982,
        1.570796,
        2.356194,
        3.141593,
        3.926991,
        4.712389,
        5.497787,
        6.283185
    ],
    "yvals": [
        0.02549937089237026,
        0.06211629317016167,
        0.061041484699477226,
        0.02565618239900993,
        -0.025463981319025504,
        -0.06161286379644462,
        -0.0621425315572487,
        -0.025531526690926135
    ]
}