{
    "bins": [
        [
            -1.0,
            -0.75,
            -0.5,
            -0.25,
            0.0,
            0.25,
            0.5,
            0.75,
            1.0
        ],
        [
            0.0,
            0.7853982,
            1.570796,
            2.356194,
            3.141593,
            3.926991,
            4.712389,
            5.497787,
            6.283185
        ]
    ],
    "zvals": [
        -0.00284039968515334,
        -0.007984274975050859,
        -0.0070623047168442005,
        -0.0033736258895160297,
        0.003187256906689346,
        0.007195414299501655,
        0.007686900144894693,
        0.0032279639112908366,
        -0.004048711086936537,
        -0.00935403689697119,
        -0.008768288180005553,
        -0.0040085785696187546,
        0.004152497459886578,
        0.009449878914894107,
        0.01000197606818454,
        0.004014081013702608,
        -0.002859254834044692,
        -0.006935512169756523,
        -0.006950427681252055,
        -0.0028862955007582136,
        0.0027305809283955386,
        0.0070583576734343624,
        0.006813890537027088,
        0.002806022933595452,
        -0.001018195356190019,
        -0.0025399984568329577,
        -0.0025093590765446314,
        -0.0010335225789694156,
        0.0009626156420057089,
        0.0024528628797119427,
        0.002375193723437035,
        0.000996813844700394,
        0.001000730584816721,
        0.002444742778754919,
        0.0025538425104214687,
        0.0009781306062268988,
        -0.0010317596938112903,
        -0.0023568274938311536,
        -0.0024551394324915524,
        -0.000930808074377577,
        0.002792123536825014,
        0.006950521124454385,
        0.006629759688718333,
        0.0028992081731705793,
        -0.002756316160723607,
        -0.00655218373359749,
        -0.007136448017438294,
        -0.002811576296349113,
        0.004042095843866207,
        0.009035329612586131,
        0.009461007030830231,
        0.0038040002597405902,
        -0.003866836941270539,
        -0.01021106241676195,
        -0.00944443454146815,
        -0.0038743057659938024,
        0.0030602158242786907,
        0.008395699605983107,
        0.007597992355468185,
        0.0030336162893000885,
        -0.0032605613968968586,
        -0.007903009684261993,
        -0.0075256977990776665,
        -0.0034583408666688745
    ]
}