{
    "bins": [
        -1.0,
        -0.75,
        -0.5,
        -0.25,
        0.0,
        0.25,
        0.5,
        0.75,
        1.0
    ],
    "yvals": [
        0.000155304,
        -0.000154708,
        -0.00011458564,
        0.00011544072,
        8.436176e-05,
        -0.00012473308,
        0.00013515032,
        -8.81248e-05
    ]
}