{"bins": [-1.0, -0.95, -0.9, -0.85, -0.8, -0.75, -0.7, -0.65, -0.6, -0.55, -0.5, -0.45, -0.4, -0.35, -0.3, -0.25, -0.2, -0.15, -0.1, -0.05, 0.0, 0.05, 0.1, 0.15, 0.2, 0.25, 0.3, 0.35, 0.4, 0.45, 0.5, 0.55, 0.6, 0.65, 0.7, 0.75, 0.8, 0.85, 0.9, 0.95, 1.0], "yvals": [4.429993999999996, 3.9428380000000054, 3.7980779999999963, 3.3614800000000047, 3.330373999999997, 3.3887439999999973, 3.241496000000004, 3.405113999999997, 3.443994000000005, 3.5300859999999967, 3.789552000000001, 3.814034000000001, 3.8805659999999964, 3.9487920000000005, 3.941986000000001, 3.998332000000001, 4.235827999999999, 4.405950000000001, 4.364792, 4.492483999999999, 4.583806, 4.585641999999999, 4.3143400000000005, 4.396663999999999, 4.0999300000000005, 4.014312000000001, 3.9475940000000005, 3.8033519999999963, 3.719254000000001, 3.674546000000001, 3.6114819999999965, 3.469592000000005, 3.324069999999997, 3.3232540000000044, 3.2230359999999973, 3.367677999999997, 3.4850880000000046, 3.5896519999999965, 4.062720000000006, 4.111397999999997]}