{"bins": [0.0, 0.1570796, 0.3141593, 0.4712389, 0.6283185, 0.7853982, 0.9424778, 1.099557, 1.256637, 1.413717, 1.570796, 1.727876, 1.884956, 2.042035, 2.199115, 2.356194, 2.513274, 2.670354, 2.827433, 2.984513, 3.141593, 3.298672, 3.455752, 3.612832, 3.769911, 3.926991, 4.08407, 4.24115, 4.39823, 4.555309, 4.712389, 4.869469, 5.026548, 5.183628, 5.340708, 5.497787, 5.654867, 5.811946, 5.969026, 6.126106, 6.283185], "yvals": [0.4114933447755151, 0.4317239592385268, 0.5833315083562727, 0.9346681555084175, 1.459615087118195, 1.578368546902335, 1.6163992431843313, 1.708364527629232, 1.7491068245480021, 1.7575111886375623, 1.6814260249554378, 1.6657964094728788, 1.7017608973828484, 1.6439470333587969, 1.5317629982365566, 1.4663967405143865, 0.9396676852559199, 0.5492046677149716, 0.4774700152788385, 0.45874420677361955, 0.49226255578403233, 0.45284740259740225, 0.5649599567099562, 0.9889577855728647, 1.4077272727272718, 1.6283952660763104, 1.6719295900178193, 1.6620397249809051, 1.7105411926482808, 1.6872249809014552, 1.6897918258212412, 1.6805989342942043, 1.7306678125795811, 1.6508333333333276, 1.5942194691843006, 1.397711357270176, 0.9326650920874238, 0.5945032467532446, 0.5320180799592575, 0.42861159034626023]}