{"bins": [-1.0, -0.95, -0.9, -0.85, -0.8, -0.75, -0.7, -0.65, -0.6, -0.55, -0.5, -0.45, -0.4, -0.35, -0.3, -0.25, -0.2, -0.15, -0.1, -0.05, 0.0, 0.05, 0.1, 0.15, 0.2, 0.25, 0.3, 0.35, 0.4, 0.45, 0.5, 0.55, 0.6, 0.65, 0.7, 0.75, 0.8, 0.85, 0.9, 0.95, 1.0], "yvals": [-0.5762449999999996, -0.48655660000000067, -0.4432193999999996, -0.37015180000000053, -0.3446879999999997, -0.3276803999999997, -0.2916776000000004, -0.28388479999999977, -0.26405840000000036, -0.24700979999999978, -0.24002980000000004, -0.21608280000000005, -0.19381795999999982, -0.17141864000000004, -0.14454362000000004, -0.12016940000000002, -0.09885657999999997, -0.07357226000000001, -0.0435567, -0.014794663999999999, 0.015285205999999999, 0.04609885999999999, 0.07198290000000002, 0.10238465999999996, 0.12277180000000003, 0.14732738000000004, 0.17116196000000003, 0.19008759999999983, 0.21062620000000004, 0.23296820000000004, 0.2529577999999998, 0.2656650000000004, 0.27704979999999974, 0.2988170000000004, 0.3116909999999997, 0.34833639999999966, 0.38326720000000053, 0.41863199999999967, 0.5012500000000008, 0.5345633999999995]}