{"bins": [0.0, 0.1570796, 0.3141593, 0.4712389, 0.6283185, 0.7853982, 0.9424778, 1.099557, 1.256637, 1.413717, 1.570796, 1.727876, 1.884956, 2.042035, 2.199115, 2.356194, 2.513274, 2.670354, 2.827433, 2.984513, 3.141593, 3.298672, 3.455752, 3.612832, 3.769911, 3.926991, 4.08407, 4.24115, 4.39823, 4.555309, 4.712389, 4.869469, 5.026548, 5.183628, 5.340708, 5.497787, 5.654867, 5.811946, 5.969026, 6.126106, 6.283185], "yvals": [0.0011139734249386933, -2.4781954638314187e-06, -0.0008157787516647608, 0.00020073096697470586, 0.0007979344243718313, -0.0004327710918540664, -1.9386933470504067e-05, -0.00019622740005092933, 0.00013219130379424506, -0.00016638926909389522, 1.4059943977591045e-05, -0.00036219786096256657, -0.0001302875623094114, 0.0003145025464731345, -0.0002659065183761038, 0.0008197714540361594, -3.476093710211355e-05, 0.00048646680969448503, 0.0004917696715049653, 0.0001562074738986507, -0.00048133175026578997, 0.0006978686019862485, -9.996212121212114e-05, 0.0005502862890647383, -0.0008167920804685505, -0.0007112147390803375, -0.0006221183473389334, 3.228325693913936e-05, -7.033231685966915e-05, 0.0001664849121466772, 7.124025974025989e-05, -0.0001103078068997126, -0.0006555239368474676, 0.00044189680417621444, 0.00015289624965781595, 0.0005051617010440522, -0.001608341025853238, 0.0005775143875732091, -0.0003427548382989567, -0.000354565218775267]}