{"bins": [-1.0, -0.95, -0.9, -0.85, -0.8, -0.75, -0.7, -0.65, -0.6, -0.55, -0.5, -0.45, -0.4, -0.35, -0.3, -0.25, -0.2, -0.15, -0.1, -0.05, 0.0, 0.05, 0.1, 0.15, 0.2, 0.25, 0.3, 0.35, 0.4, 0.45, 0.5, 0.55, 0.6, 0.65, 0.7, 0.75, 0.8, 0.85, 0.9, 0.95, 1.0], "yvals": [-0.0019196445999999983, 0.0012551002000000017, 0.00029550119999999973, -0.0005144786000000007, -0.0017307565999999986, -0.005454979999999995, 0.003990848000000005, -0.0038910719999999963, -5.7610040000000076e-05, 0.0005534243999999995, -0.00028698540000000005, -0.0026793320000000004, -0.004049995999999997, 0.0006622624000000002, 0.004129026000000001, 0.005412982000000001, 0.0032921479999999986, 0.003411716000000001, -0.0002152814, 0.001103847, 0.00252952, 0.0016457940000000001, 0.0011297964, -0.0011947595999999997, 0.007384140000000001, 0.0013644886000000005, -0.004444152000000001, 0.003106749999999997, 0.0011133838000000002, 0.0008207900000000002, 0.0006547841999999995, -0.0004606478000000006, 0.00015476505999999985, -0.006621840000000009, -0.009117823999999991, 0.0031234279999999975, -0.0008174240000000012, -0.0019257703999999984, 0.001491785200000002, -0.00010929731999999991]}