{"bins": [0.0, 0.1570796, 0.3141593, 0.4712389, 0.6283185, 0.7853982, 0.9424778, 1.099557, 1.256637, 1.413717, 1.570796, 1.727876, 1.884956, 2.042035, 2.199115, 2.356194, 2.513274, 2.670354, 2.827433, 2.984513, 3.141593, 3.298672, 3.455752, 3.612832, 3.769911, 3.926991, 4.08407, 4.24115, 4.39823, 4.555309, 4.712389, 4.869469, 5.026548, 5.183628, 5.340708, 5.497787, 5.654867, 5.811946, 5.969026, 6.126106, 6.283185], "yvals": [-0.005130414133980478, -0.01706296867131781, -0.03612480551261907, -0.08502370772525522, -0.1547482583682041, -0.1643624633625245, -0.15013426347982434, -0.1215838426279602, -0.0807830404889229, -0.027946880232239794, 0.02722383498854089, 0.07714139292080463, 0.12317655447259042, 0.1523474025974025, 0.16410863323550573, 0.1569449325184618, 0.0862824038706391, 0.031921549029469254, 0.017248013750954916, 0.005640195441813101, -0.005628319508018259, -0.017723389355742285, -0.037034205500381945, -0.08745045486665946, -0.1491997071555894, -0.16871134906639385, -0.1524378660555126, -0.12152756557168348, -0.07795383214815454, -0.02592836134453787, 0.027211268143621143, 0.07774317381699634, 0.12479628214922359, 0.1506010949834474, 0.1672758293597494, 0.1480471097529916, 0.08543987420342657, 0.03729607206518958, 0.019537184873949624, 0.005533352007588555]}