{"bins": [0.0, 0.1570796, 0.3141593, 0.4712389, 0.6283185, 0.7853982, 0.9424778, 1.099557, 1.256637, 1.413717, 1.570796, 1.727876, 1.884956, 2.042035, 2.199115, 2.356194, 2.513274, 2.670354, 2.827433, 2.984513, 3.141593, 3.298672, 3.455752, 3.612832, 3.769911, 3.926991, 4.08407, 4.24115, 4.39823, 4.555309, 4.712389, 4.869469, 5.026548, 5.183628, 5.340708, 5.497787, 5.654867, 5.811946, 5.969026, 6.126106, 6.283185], "yvals": [-2.6282852770187852e-05, -2.3417908233845627e-05, 0.0001957967170784748, -5.517507684002251e-05, -0.0004105485941213281, 0.00022170631959847112, 6.98544428543054e-05, 0.00011221657754010688, -0.00014283982683982696, 0.0010974522374092004, -3.181161828367713e-05, -0.0006834485612426784, -0.0001755826049312769, 0.0003092963458110515, -0.00018571992436926645, 0.00034430162974280595, 1.3393939393939385e-05, 0.00011272041456846557, 8.949325184619297e-05, -3.317920804685518e-05, 4.083775679753501e-05, -0.00010526349630761387, 4.57426470588235e-05, -0.000151036421163873, 0.0003528656735421439, 0.0005235573819543049, 0.0006279131652661042, 1.3600636618283706e-06, 8.922446666963734e-05, -0.0007213859180035667, -2.469286987522287e-05, -2.1778270806409456e-05, -0.0008933218742042291, 0.00032552253628724103, 7.638220258596016e-05, 0.00020446021135726945, -0.0005162126700577432, 0.00012743328240387018, -4.5117984466513974e-05, -2.6507292508865042e-05]}