{
    "bins": [
        0.0,
        0.7853982,
        1.570796,
        2.356194,
        3.141593,
        3.926991,
        4.712389,
        5.497787,
        6.283185
    ],
    "yvals": [
        0.15683662121965647,
        -0.5366611671181152,
        -0.5272151189587955,
        0.1538499539724395,
        0.1658354108362893,
        -0.5269083954886569,
        -0.5382634027588561,
        0.1604624661636521
    ]
}