{
    "bins": [
        0.0,
        0.7853982,
        1.570796,
        2.356194,
        3.141593,
        3.926991,
        4.712389,
        5.497787,
        6.283185
    ],
    "yvals": [
        -0.00012016673835004968,
        -8.717726227397122e-06,
        -0.00030660544080835455,
        0.0002964384981391624,
        -0.00010596366428231289,
        -0.0002589810516451532,
        3.243721017878834e-05,
        -0.00015458697373815571
    ]
}