{
    "bins": [
        0.0,
        0.7853982,
        1.570796,
        2.356194,
        3.141593,
        3.926991,
        4.712389,
        5.497787,
        6.283185
    ],
    "yvals": [
        -0.11006579847012636,
        0.25401229797180486,
        0.3971220960583043,
        -0.2550763369955908,
        -0.258414077957927,
        0.27679940616095283,
        0.3551454167186574,
        -0.2399088105648347
    ]
}