{
    "bins": [
        [
            -1.0,
            -0.75,
            -0.5,
            -0.25,
            0.0,
            0.25,
            0.5,
            0.75,
            1.0
        ],
        [
            0.0,
            0.7853982,
            1.570796,
            2.356194,
            3.141593,
            3.926991,
            4.712389,
            5.497787,
            6.283185
        ]
    ],
    "zvals": [
        0.0031591847294786257,
        0.013811951090262793,
        0.012162816813895633,
        0.003973038417415861,
        -0.003698952632932601,
        -0.012713391172373753,
        -0.013395868082169807,
        -0.0039759026633630346,
        0.004767688033917063,
        0.025845048203598227,
        0.02352994532708258,
        0.005624320886581216,
        -0.0047131971306267634,
        -0.025882184573935766,
        -0.026959004224609694,
        -0.004679380899874969,
        0.007689439573454586,
        0.03296438569091994,
        0.0320455310555922,
        0.007193357771018299,
        -0.007564898306336403,
        -0.03287443563645439,
        -0.032623790740490814,
        -0.0069928774965049584,
        0.010061938008006638,
        0.037049337291242726,
        0.035774504136756154,
        0.009999208045846761,
        -0.008939824140117491,
        -0.035429664959676505,
        -0.03463565224255728,
        -0.009468147359682608,
        0.009455147719971857,
        0.03518001705632483,
        0.037645799963839995,
        0.0089559268601055,
        -0.009254502812586737,
        -0.03525473199575248,
        -0.03654072457531087,
        -0.009296708165796197,
        0.0072147300566769825,
        0.03284655495597263,
        0.03158706795790161,
        0.007329823440060403,
        -0.006906572209249322,
        -0.030956009564577454,
        -0.03408464498254389,
        -0.006497480258416754,
        0.0047118605568487425,
        0.02444671477307423,
        0.026209055790821983,
        0.004330078342345738,
        -0.005199045579438703,
        -0.027635904344039588,
        -0.02581764150150625,
        -0.004708888487110994,
        0.0038581127382262908,
        0.014441003017833765,
        0.013461332980221495,
        0.0038492913792861974,
        -0.004183047575878725,
        -0.013775726446973386,
        -0.01297500630253706,
        -0.00432438483418598
    ]
}