{
    "bins": [
        0.0,
        0.7853982,
        1.570796,
        2.356194,
        3.141593,
        3.926991,
        4.712389,
        5.497787,
        6.283185
    ],
    "yvals": [
        3.908118200423683,
        8.37049454429335,
        8.045129985052165,
        4.0905908971108955,
        4.147410612199164,
        8.26710788670203,
        8.26870198294368,
        4.039159763584833
    ]
}