{
    "bins": [
        [
            -1.0,
            -0.75,
            -0.5,
            -0.25,
            0.0,
            0.25,
            0.5,
            0.75,
            1.0
        ],
        [
            0.0,
            0.7853982,
            1.570796,
            2.356194,
            3.141593,
            3.926991,
            4.712389,
            5.497787,
            6.283185
        ]
    ],
    "zvals": [
        0.005705421784771087,
        0.009653110818492234,
        0.008523306654715191,
        0.007146828554658206,
        0.006721122284497794,
        0.008823882923053026,
        0.009081958446545574,
        0.006349840463051855,
        0.0025438815622444767,
        0.007406295255729008,
        0.006824702889490425,
        0.002906405024707187,
        0.002595214655499504,
        0.0075443329369313415,
        0.007810990096740762,
        0.002568216878576213,
        0.0018996340964366864,
        0.0048652069053414715,
        0.00475962200056532,
        0.0017938861648665201,
        0.001919808810310186,
        0.004843360436364749,
        0.004843104769810976,
        0.0017889335088706621,
        0.0007983919494595226,
        0.0017135510183501912,
        0.0016769164168994577,
        0.0007595894570785041,
        0.0007463247932895167,
        0.0016265063063567774,
        0.0015593999475425203,
        0.0007965011370031502,
        -0.0007448822775504196,
        -0.0016458339964792363,
        -0.0016709744613558988,
        -0.0007178170585906017,
        -0.0007528004909612703,
        -0.0015916638443184224,
        -0.0016703296927163048,
        -0.0007000715560773011,
        -0.0017781767261498688,
        -0.0048705886367392415,
        -0.004654633192343246,
        -0.0017942732292758204,
        -0.001766530599772344,
        -0.0045521226180866275,
        -0.004976052396364648,
        -0.0016809362896264063,
        -0.0025146958574644046,
        -0.0069754817240384424,
        -0.007614941723813915,
        -0.002288313073991691,
        -0.0027788713493031546,
        -0.008100254902609889,
        -0.0074693442051036564,
        -0.0025132546810661604,
        -0.006390241281428962,
        -0.010181128594961687,
        -0.00907042289387037,
        -0.0066205533747814805,
        -0.007108126071112987,
        -0.009629965953567493,
        -0.009049979755487029,
        -0.007227576337092787
    ]
}