{
    "bins": [
        0.0,
        0.7853982,
        1.570796,
        2.356194,
        3.141593,
        3.926991,
        4.712389,
        5.497787,
        6.283185
    ],
    "yvals": [
        -0.0017515751882293594,
        -0.0017542053211760968,
        0.0017315437523395788,
        0.0017619235573256397,
        0.001799151512990865,
        0.0017611122004385043,
        -0.0017646479873898334,
        -0.0017590928421004387
    ]
}