{
    "bins": [
        -1.0,
        -0.75,
        -0.5,
        -0.25,
        0.0,
        0.25,
        0.5,
        0.75,
        1.0
    ],
    "yvals": [
        -0.0016963632,
        -0.0001391674,
        0.000257361,
        -3.316168e-05,
        -8.307356e-05,
        -0.0007183984,
        0.0021647428,
        -4.1849e-05
    ]
}