{
    "bins": [
        -1.0,
        -0.75,
        -0.5,
        -0.25,
        0.0,
        0.25,
        0.5,
        0.75,
        1.0
    ],
    "yvals": [
        -0.10142368,
        -0.5473352,
        -0.8284856,
        -0.8644864,
        -0.8458208,
        -0.815874,
        -0.5703544,
        -0.11367352
    ]
}