{
    "bins": [
        [
            -1.0,
            -0.75,
            -0.5,
            -0.25,
            0.0,
            0.25,
            0.5,
            0.75,
            1.0
        ],
        [
            0.0,
            0.7853982,
            1.570796,
            2.356194,
            3.141593,
            3.926991,
            4.712389,
            5.497787,
            6.283185
        ]
    ],
    "zvals": [
        -0.00320311709397857,
        -0.005750787690008808,
        0.005201999495797036,
        0.004028786387555879,
        -0.003707395740758188,
        -0.005260772245409335,
        0.005860483474620513,
        0.004059836159501298,
        -0.007470075688994448,
        -0.01744991391623455,
        0.015263252516558487,
        0.008762740976242649,
        -0.007370026406993649,
        -0.017735705973277248,
        0.018006575010376908,
        0.007279881028472191,
        -0.01406309309086779,
        -0.025532151987184074,
        0.02570567788560705,
        0.013106545844850834,
        -0.013820106493777674,
        -0.02497783289491443,
        0.026312030333665228,
        0.012907132434765562,
        -0.019690129159959876,
        -0.030833144681586835,
        0.03117534294714273,
        0.01952017764219206,
        -0.01772037616596935,
        -0.03127660625568184,
        0.028111673317222613,
        0.01872741208915735,
        -0.018598713366035215,
        -0.03100407971603689,
        0.032360179170306015,
        0.017609984224578847,
        -0.018300112809047128,
        -0.03091867308040001,
        0.0322346937476286,
        0.018358213288039955,
        -0.013174402487808094,
        -0.02660133247126488,
        0.025612211897662083,
        0.013335117564448135,
        -0.012724009992386022,
        -0.025207942979228373,
        0.028164864183509514,
        0.011826406484355706,
        -0.007409306514835404,
        -0.016598620469779772,
        0.017122004385037908,
        0.006805534511757718,
        -0.008143300594093694,
        -0.019115796067726176,
        0.01696933783890461,
        0.007330321696770302,
        -0.0038796895638416283,
        -0.0059289649143402234,
        0.006041095088095464,
        0.0037958647770114304,
        -0.004185474370955871,
        -0.005673235735257794,
        0.005487999714794284,
        0.004361614875515345
    ]
}