{
    "bins": [
        [
            -1.0,
            -0.75,
            -0.5,
            -0.25,
            0.0,
            0.25,
            0.5,
            0.75,
            1.0
        ],
        [
            0.0,
            0.7853982,
            1.570796,
            2.356194,
            3.141593,
            3.926991,
            4.712389,
            5.497787,
            6.283185
        ]
    ],
    "zvals": [
        -0.0005920273308494977,
        -0.00043073072015225916,
        0.0003846303148212754,
        0.0007628494561363079,
        0.0006845400675835688,
        0.00038630854674954617,
        -0.00042883638613798366,
        -0.0006746913030081566,
        -0.0006454697757137716,
        -0.000841744654746932,
        0.0007353199269669647,
        0.0007367108947172076,
        0.0006668216623928248,
        0.0008640999849757706,
        -0.0008641804537317388,
        -0.000648916854893952,
        -0.0009495748780682206,
        -0.0010466904796524767,
        0.0010478386754231616,
        0.000908395350643431,
        0.0009747715171161624,
        0.0010173746304421455,
        -0.0010757949472751398,
        -0.0009296234520587016,
        -0.0013442490700895416,
        -0.0011692306752068822,
        0.0011943401943982543,
        0.0012871923697381842,
        0.0012346285577503377,
        0.0011923763493158885,
        -0.0010667829559026126,
        -0.0012956208189987756,
        -0.0012790699036488752,
        -0.0011961398414917892,
        0.001241018693706885,
        0.0011844909402736698,
        0.0013020960073746046,
        0.0011900498855357414,
        -0.00123853638537404,
        -0.0012710707182855064,
        -0.0008915589569723994,
        -0.0010917917009698778,
        0.0010550686403581371,
        0.0009037159456531012,
        0.0008871293280604225,
        0.0010365969864960189,
        -0.0011577635797391898,
        -0.0008229208630528726,
        -0.0006482546051162327,
        -0.0007944157724913413,
        0.0008239104250329135,
        0.0005978326939555564,
        0.0007168686449417999,
        0.0009277706334877351,
        -0.000816204268409138,
        -0.0006361600105933554,
        -0.0006560972510504863,
        -0.0004460754537382203,
        0.0004440507869895265,
        0.0006665070874803762,
        0.0007297523039274353,
        0.0004298717847511708,
        -0.00041049378786296893,
        -0.0007573688753982059
    ]
}