{
    "bins": [
        0.0,
        0.7853982,
        1.570796,
        2.356194,
        3.141593,
        3.926991,
        4.712389,
        5.497787,
        6.283185
    ],
    "yvals": [
        -0.021872128049185747,
        -0.039924748961609004,
        0.039620447212750744,
        0.021741191419902495,
        -0.021492695423212173,
        -0.04004164767417285,
        0.040286911858700945,
        0.021212709989075606
    ]
}