{
    "bins": [
        [
            -1.0,
            -0.75,
            -0.5,
            -0.25,
            0.0,
            0.25,
            0.5,
            0.75,
            1.0
        ],
        [
            0.0,
            0.7853982,
            1.570796,
            2.356194,
            3.141593,
            3.926991,
            4.712389,
            5.497787,
            6.283185
        ]
    ],
    "zvals": [
        0.0131323753988741,
        0.009431378595661968,
        -0.008378890702548264,
        -0.016916996329254304,
        -0.015218933585265045,
        -0.00840200255157258,
        0.009302870646474783,
        0.014890340948156224,
        0.01028791255187496,
        0.013186958252238545,
        -0.01166292758575907,
        -0.011692288887559063,
        -0.010594470574154755,
        -0.013667872849179655,
        0.013568117056575141,
        0.010397393423461737,
        0.008973308062076028,
        0.010054232390261342,
        -0.010095987002768024,
        -0.008514688712361487,
        -0.009169720320143415,
        -0.009825260568527042,
        0.010288551791575737,
        0.008617251380828575,
        0.004079803085874146,
        0.0038349814578039305,
        -0.0038963261938533083,
        -0.0038705814496835366,
        -0.0038878769744766332,
        -0.003785024153359189,
        0.0033517788433380285,
        0.0041310270716248335,
        -0.003844629641371727,
        -0.0038751970020797105,
        0.0038246988151230342,
        0.003686230310962963,
        0.003914342027863578,
        0.0037603457100731106,
        -0.0039487352908971,
        -0.0036228322455621235,
        -0.008422234733922231,
        -0.010487745191035677,
        0.010051087474121404,
        0.008459857983012456,
        0.008438040331144207,
        0.009935365254304189,
        -0.010929979449909475,
        -0.007959098444355602,
        -0.010253794826624252,
        -0.012458293109555438,
        0.013107662611822288,
        0.009364422414594367,
        0.01131716149009801,
        0.014727081046806844,
        -0.012909892818672828,
        -0.010138121054548142,
        -0.014490881186129533,
        -0.00978571113899224,
        0.009670439700635858,
        0.014760741992286722,
        0.016104263061530583,
        0.009434966730243776,
        -0.008993259468447846,
        -0.01675385982648288
    ]
}