{
    "bins": [
        [
            -1.0,
            -0.75,
            -0.5,
            -0.25,
            0.0,
            0.25,
            0.5,
            0.75,
            1.0
        ],
        [
            0.0,
            0.7853982,
            1.570796,
            2.356194,
            3.141593,
            3.926991,
            4.712389,
            5.497787,
            6.283185
        ]
    ],
    "zvals": [
        2.9872958710626025,
        5.064049326341378,
        4.47359377029226,
        3.742834915756195,
        3.5181077619245262,
        4.630978433864105,
        4.769401500895089,
        3.3275032531277144,
        1.4724327099298165,
        4.312307470176259,
        3.9552603902734673,
        1.6852575569869583,
        1.5034655041138372,
        4.377496759604686,
        4.531910190756789,
        1.4834440627554442,
        1.5145789740796451,
        3.8413985880785506,
        3.74623515720692,
        1.440647110576917,
        1.5393937850618409,
        3.815150535142693,
        3.817768825487206,
        1.4490900155080613,
        1.7612074995842872,
        3.5732216209416423,
        3.483130845762277,
        1.6976482017420444,
        1.6028907636637724,
        3.4442226743638265,
        3.3301485361561918,
        1.68758922227966,
        1.6678953427700751,
        3.4400875581775248,
        3.6527060165673975,
        1.5525178921796439,
        1.6831822846505842,
        3.437664470752409,
        3.5620971787552307,
        1.649409853348239,
        1.4208074324591018,
        3.847696033780588,
        3.6975515598460915,
        1.4417604300489306,
        1.403707674325628,
        3.6185322600770577,
        3.9826951430994235,
        1.3189012449738862,
        1.4604011060886055,
        4.062419324322018,
        4.408908604299986,
        1.3353910560110211,
        1.6153629115429369,
        4.691519458924011,
        4.330280443800469,
        1.454753386181274,
        3.34785284712901,
        5.340799273947545,
        4.763135633143961,
        3.4663069344371458,
        3.723530235625758,
        5.052868991263029,
        4.750506622120251,
        3.7859464882772818
    ]
}