{
    "bins": [
        [
            -1.0,
            -0.75,
            -0.5,
            -0.25,
            0.0,
            0.25,
            0.5,
            0.75,
            1.0
        ],
        [
            0.0,
            0.7853982,
            1.570796,
            2.356194,
            3.141593,
            3.926991,
            4.712389,
            5.497787,
            6.283185
        ]
    ],
    "zvals": [
        -1.5997917998793478,
        -2.6071119628804666,
        -2.2970748588613676,
        -1.986981903465627,
        -1.8960817318098586,
        -2.3820406978372755,
        -2.4113170647238733,
        -1.7519896918505016,
        -0.1401323303261963,
        -0.3410886050355629,
        -0.3636644351016938,
        -0.15168499068626265,
        -0.1371629670561931,
        -0.3854924000315765,
        -0.4040811410265879,
        -0.14790600434429427,
        0.5218677608377509,
        1.2952310281490473,
        1.2537220619354776,
        0.5048309457995236,
        0.5385045543787988,
        1.2831496897114587,
        1.2845650230838381,
        0.5157945398384005,
        1.1263616341366711,
        2.2688528029999575,
        2.211299239366538,
        1.08838284744442,
        1.0218472672453962,
        2.1929442142709816,
        2.1216152829520833,
        1.0721000053476075,
        1.0696377964706312,
        2.184120199980188,
        2.3344383357227807,
        0.9910819850801951,
        1.0795647557034773,
        2.191176957415222,
        2.2698621590582104,
        1.0627345626039284,
        0.49352020414612613,
        1.298609188872187,
        1.2643317146211224,
        0.5028234566124989,
        0.48013007417895115,
        1.240795622092239,
        1.3812156384406382,
        0.4377827801955188,
        -0.1258729138925961,
        -0.3177124764036772,
        -0.41111074894512095,
        -0.10057069082084392,
        -0.1367734066040402,
        -0.4329036233858503,
        -0.3867419575807426,
        -0.13923152338050265,
        -1.7858533416552265,
        -2.7648511365832706,
        -2.4034525170677803,
        -1.8681872525939045,
        -1.9836847050794622,
        -2.600432392239349,
        -2.434535865892198,
        -2.0089198088103104
    ]
}