{
    "bins": [
        -1.0,
        -0.75,
        -0.5,
        -0.25,
        0.0,
        0.25,
        0.5,
        0.75,
        1.0
    ],
    "yvals": [
        -0.000531808,
        -0.0019373832,
        -0.000128242,
        0.0034649404,
        0.0006991848,
        0.0004189908,
        -0.0028775144,
        0.0002761274
    ]
}