{
    "bins": [
        -1.0,
        -0.75,
        -0.5,
        -0.25,
        0.0,
        0.25,
        0.5,
        0.75,
        1.0
    ],
    "yvals": [
        0.048699,
        0.031573036,
        0.020980776,
        0.00760044,
        -0.007456864,
        -0.020477928,
        -0.03161632,
        -0.0512692
    ]
}