{
    "bins": [
        -1.0,
        -0.75,
        -0.5,
        -0.25,
        0.0,
        0.25,
        0.5,
        0.75,
        1.0
    ],
    "yvals": [
        25.536248,
        18.31672,
        16.622372,
        16.16354,
        16.214984,
        16.2826,
        18.34614,
        26.88492
    ]
}