{
    "bins": [
        [
            -1.0,
            -0.75,
            -0.5,
            -0.25,
            0.0,
            0.25,
            0.5,
            0.75,
            1.0
        ],
        [
            0.0,
            0.7853982,
            1.570796,
            2.356194,
            3.141593,
            3.926991,
            4.712389,
            5.497787,
            6.283185
        ]
    ],
    "zvals": [
        -0.0013762007603276912,
        -0.005952973130304159,
        -0.005218684030262364,
        -0.001731265254985046,
        0.0016125485422677415,
        0.005470235472970393,
        0.005739551157502312,
        0.0017219702622110068,
        -0.0014810815711062235,
        -0.007999238093103902,
        -0.0073545081601939415,
        -0.0017432555936536716,
        0.001469116549825693,
        0.008070537485453238,
        0.008416150792337136,
        0.001460354622751777,
        -0.0014465375652758052,
        -0.0062361417360731084,
        -0.006090888950570286,
        -0.0013359589202430867,
        0.0014041344643098144,
        0.0062374286667396675,
        0.006192019842169195,
        0.0012848858795158637,
        -0.0006226115618803303,
        -0.002361798314179133,
        -0.0022947005212643787,
        -0.000600302266745947,
        0.0005537992202679404,
        0.0022269911560762828,
        0.0021600253629370085,
        0.000595322626235361,
        0.0005625044722536924,
        0.0022392835834274044,
        0.002292065424154378,
        0.0005541606240904305,
        -0.0005549746752601864,
        -0.002164637037527471,
        -0.0022759660707055538,
        -0.0005272144823388907,
        0.0013470094532938833,
        0.00621030514727696,
        0.005929783370978792,
        0.001361641153095433,
        -0.0012980033053305454,
        -0.005799204989062871,
        -0.006331353021016098,
        -0.0012433955777834936,
        0.001454874228130393,
        0.00756019433718811,
        0.008209850292463185,
        0.0013156711429477249,
        -0.0016006121737004674,
        -0.00865208722201992,
        -0.008066442746225483,
        -0.0014655199020114646,
        0.0016721459254681256,
        0.006226775781648484,
        0.00577366379848179,
        0.0016857266179355972,
        -0.0018177708626709,
        -0.005927109567378579,
        -0.005557355633704187,
        -0.001879072266545115
    ]
}