{
    "bins": [
        0.0,
        0.7853982,
        1.570796,
        2.356194,
        3.141593,
        3.926991,
        4.712389,
        5.497787,
        6.283185
    ],
    "yvals": [
        0.012729527518652322,
        0.05414625556628755,
        0.05310401859948715,
        0.01281376726988448,
        -0.012615010478763629,
        -0.05363051599316526,
        -0.054258083162931424,
        -0.01248594215926193
    ]
}