{
    "bins": [
        -1.0,
        -0.75,
        -0.5,
        -0.25,
        0.0,
        0.25,
        0.5,
        0.75,
        1.0
    ],
    "yvals": [
        -13.298668,
        -1.6267264,
        5.653032,
        10.291388,
        10.3536,
        5.575704,
        -1.6107864,
        -14.019292
    ]
}