{
    "bins": [
        0.0,
        0.7853982,
        1.570796,
        2.356194,
        3.141593,
        3.926991,
        4.712389,
        5.497787,
        6.283185
    ],
    "yvals": [
        2.7525897054513237e-05,
        -7.839944293197664e-05,
        0.0003116447966508701,
        -0.000123395675319169,
        -5.794058553752364e-05,
        -0.00013446214530722007,
        6.915787918991392e-05,
        -1.3167196758840743e-05
    ]
}