{
    "bins": [
        [
            -1.0,
            -0.75,
            -0.5,
            -0.25,
            0.0,
            0.25,
            0.5,
            0.75,
            1.0
        ],
        [
            0.0,
            0.7853982,
            1.570796,
            2.356194,
            3.141593,
            3.926991,
            4.712389,
            5.497787,
            6.283185
        ]
    ],
    "zvals": [
        0.0403957482968512,
        -0.0824956728934051,
        -0.07279794448165136,
        0.05278814971753211,
        0.04541194655448574,
        -0.07649018714078724,
        -0.0795809003842638,
        0.043632074438692235,
        0.05372999326965607,
        -0.233050614605745,
        -0.21622311235832029,
        0.05863251672080051,
        0.05835023771387244,
        -0.22895036656574125,
        -0.24416889271426723,
        0.054791023150046234,
        0.0841822148306426,
        -0.35495510682612047,
        -0.34167925052011855,
        0.0817259507587863,
        0.09010005118424032,
        -0.36003616001059346,
        -0.3448738092024682,
        0.09067519907104425,
        0.13881427281091296,
        -0.4321986641673811,
        -0.40208826607656256,
        0.1270129959421899,
        0.13431340543265957,
        -0.39863564714959815,
        -0.40737801726003897,
        0.13946111398297428,
        0.1346845460048164,
        -0.38889943414661965,
        -0.4259298852301637,
        0.12210939917163124,
        0.1440133537391233,
        -0.39225264133598514,
        -0.4070056710101122,
        0.13634722777496253,
        0.07836946914316839,
        -0.3455676091784316,
        -0.32969821670032273,
        0.07884848338233179,
        0.08310543189567579,
        -0.3243757177889428,
        -0.3540950193405128,
        0.07460961194197084,
        0.05515479918339512,
        -0.22311990178734903,
        -0.2410731883707369,
        0.0503748489621199,
        0.060535015368004486,
        -0.24410803185136712,
        -0.23658573105610153,
        0.052624172712433706,
        0.04201545661805693,
        -0.08635771579701394,
        -0.07937051023812133,
        0.04390759855818508,
        0.04751214034158476,
        -0.08278477918201983,
        -0.07936541727888283,
        0.04970951288391364
    ]
}