{
    "bins": [
        -1.0,
        -0.75,
        -0.5,
        -0.25,
        0.0,
        0.25,
        0.5,
        0.75,
        1.0
    ],
    "yvals": [
        0.00020827192,
        0.0006582256,
        7.022632e-06,
        -0.0002696072,
        9.834896e-05,
        0.00013884412,
        -0.0009770956,
        0.00013901572
    ]
}