{
    "bins": [
        -1.0,
        -0.75,
        -0.5,
        -0.25,
        0.0,
        0.25,
        0.5,
        0.75,
        1.0
    ],
    "yvals": [
        7.229076e-05,
        2.0739664e-06,
        -4.186336e-05,
        2.5647304e-05,
        -5.274772e-05,
        -6.402772e-05,
        0.00013457692,
        1.1558888e-07
    ]
}