{
    "bins": [
        [
            -1.0,
            -0.75,
            -0.5,
            -0.25,
            0.0,
            0.25,
            0.5,
            0.75,
            1.0
        ],
        [
            0.0,
            0.7853982,
            1.570796,
            2.356194,
            3.141593,
            3.926991,
            4.712389,
            5.497787,
            6.283185
        ]
    ],
    "zvals": [
        0.08237467312759311,
        0.08237471508068905,
        0.08237469410413577,
        0.08237458922152945,
        0.08871120119990117,
        0.09504770829566668,
        0.09504770829566668,
        0.09504770829566668,
        0.019009541911351464,
        0.12673032697570583,
        0.09504770829566668,
        0.03168253588303525,
        0.019009546752092564,
        0.16474938820827154,
        0.11405728051255544,
        0.019009546752092574,
        0.006336515668103135,
        0.12039381826636132,
        0.08871120119990122,
        0.006336509213788151,
        0.04435560569290982,
        0.0760381870083703,
        0.10772077341678998,
        0.03801909350418515,
        0.05069211006595126,
        0.19643202463770587,
        0.18375896042516027,
        0.050692058431446946,
        0.04435560569290982,
        0.1203937876083209,
        0.09504770829566668,
        0.06336517281683937,
        0.03801908382270293,
        0.10772080084767234,
        0.06970167991260483,
        0.0190095225484117,
        0.05069212297459375,
        0.12673029470408637,
        0.14573986692097513,
        0.04435560569290985,
        0.012673026243248328,
        0.1330668356850503,
        0.08871120119990122,
        0.057028542180471334,
        0.019009546752092564,
        0.06336517281683937,
        0.1203937876083209,
        0.03801909350418515,
        0.025346052486496656,
        0.12039381826636132,
        0.08871120119990122,
        0.006336509213788151,
        0.03801909350418513,
        0.1203937876083209,
        0.1203937876083209,
        0.05702861479148153,
        0.12673026243248328,
        0.09504773249937802,
        0.11405728051255544,
        0.057028542180471334,
        0.10772077341678993,
        0.08237469410413577,
        0.08871120119990122,
        0.1203937876083209
    ]
}