{
    "bins": [
        -1.0,
        -0.75,
        -0.5,
        -0.25,
        0.0,
        0.25,
        0.5,
        0.75,
        1.0
    ],
    "yvals": [
        0.1841374,
        0.8062232,
        2.3937864,
        2.7074344,
        2.96662,
        2.1426728,
        0.9903608,
        0.20902084
    ]
}