{
    "bins": [
        0.0,
        0.7853982,
        1.570796,
        2.356194,
        3.141593,
        3.926991,
        4.712389,
        5.497787,
        6.283185
    ],
    "yvals": [
        0.09663183592730414,
        0.10296840658326264,
        0.13148263682871617,
        0.08237458922152945,
        0.08079056733019435,
        0.14890806953926547,
        0.1251461806625431,
        0.08395883361047522
    ]
}