{
    "bins": [
        [
            -1.0,
            -0.75,
            -0.5,
            -0.25,
            0.0,
            0.25,
            0.5,
            0.75,
            1.0
        ],
        [
            0.0,
            0.7853982,
            1.570796,
            2.356194,
            3.141593,
            3.926991,
            4.712389,
            5.497787,
            6.283185
        ]
    ],
    "zvals": [
        0.019009541911351464,
        0.06970169766200006,
        0.05069212297459378,
        0.044355549217658795,
        0.11405728051255537,
        0.04435560569290985,
        0.08237469410413577,
        0.0760381870083703,
        0.05069211006595126,
        0.03801910318567228,
        0.06336517281683937,
        0.050692058431446946,
        0.04435560569290982,
        0.08871120119990122,
        0.08871120119990122,
        0.04435560569290985,
        0.04435559439784812,
        0.08237471508068905,
        0.05702861479148153,
        0.0760380901936468,
        0.031682576222501195,
        0.06970167991260483,
        0.08871120119990122,
        0.06336517281683937,
        0.025346057579454597,
        0.06970169766200006,
        0.05069212297459378,
        0.006336509213788151,
        0.03801909350418513,
        0.06970167991260483,
        0.06970167991260483,
        0.04435560569290985,
        0.05069211006595126,
        0.07603820637134456,
        0.10138426632102453,
        0.03168253588303525,
        0.03801909350418513,
        0.06970167991260483,
        0.09504770829566668,
        0.03801909350418515,
        0.019009541911351464,
        0.0443556169879773,
        0.12673029470408637,
        0.03168253588303525,
        0.019009546752092564,
        0.0760381870083703,
        0.08237469410413577,
        0.019009546752092574,
        0.03801908382270293,
        0.08237471508068905,
        0.10138426632102453,
        0.02534603176219985,
        0.06970167991260479,
        0.09504770829566668,
        0.0760381870083703,
        0.06970167991260483,
        0.10138424050373428,
        0.08237471508068905,
        0.0760381870083703,
        0.06336509213788151,
        0.09504770829566662,
        0.09504770829566668,
        0.10138426632102453,
        0.09504770829566668
    ]
}