{
    "bins": [
        -1.0,
        -0.75,
        -0.5,
        -0.25,
        0.0,
        0.25,
        0.5,
        0.75,
        1.0
    ],
    "yvals": [
        0.5772956,
        0.4976688,
        0.666876,
        0.6917596,
        0.7465028,
        0.7017128,
        0.4877152,
        0.5922256
    ]
}