{
    "bins": [
        [
            -1.0,
            -0.75,
            -0.5,
            -0.25,
            0.0,
            0.25,
            0.5,
            0.75,
            1.0
        ],
        [
            0.0,
            0.7853982,
            1.570796,
            2.356194,
            3.141593,
            3.926991,
            4.712389,
            5.497787,
            6.283185
        ]
    ],
    "zvals": [
        0.03168256815459979,
        0.13940339532400012,
        0.09504770829566668,
        0.0190095225484117,
        0.019009546752092564,
        0.1203937876083209,
        0.10856564442486487,
        0.03168257622250121,
        0.019009541911351464,
        0.13940339532400012,
        0.25979714743353055,
        0.02534603176219985,
        0.019009546752092564,
        0.20910498880822215,
        0.22811456102511088,
        0.006336517281683937,
        0.08871117860978037,
        0.335835419961706,
        0.31048925512924663,
        0.050692058431446946,
        0.04435560569290982,
        0.37385442794608603,
        0.32949877641654307,
        0.06336517281683937,
        0.12673026243248328,
        0.3548449460897395,
        0.3801909350418515,
        0.08237458922152945,
        0.14573986692097504,
        0.32949877641654307,
        0.3485083486334318,
        0.12673029470408637,
        0.09504768409196761,
        0.4002438509504356,
        0.4082603215185168,
        0.14573968135941096,
        0.11405728051255537,
        0.2914796829123579,
        0.28514317581659243,
        0.08237469410413577,
        0.03168256815459979,
        0.3104893341947227,
        0.2407875752166418,
        0.057028542180471334,
        0.057028614791481504,
        0.2534606403377651,
        0.3041527480334812,
        0.06336517281683937,
        0.019009541911351464,
        0.3168258429040672,
        0.23445106812087635,
        0.01267301333462355,
        0.031682576222501195,
        0.21544154683357997,
        0.28514317581659243,
        0.006336517281683937,
        0.04435559439784812,
        0.09504773249937802,
        0.13306680179985184,
        0.0253460266692471,
        0.025346064033776494,
        0.13306680179985184,
        0.1520763740167406,
        0.019009546752092574
    ]
}