{
    "bins": [
        [
            -1.0,
            -0.75,
            -0.5,
            -0.25,
            0.0,
            0.25,
            0.5,
            0.75,
            1.0
        ],
        [
            0.0,
            0.7853982,
            1.570796,
            2.356194,
            3.141593,
            3.926991,
            4.712389,
            5.497787,
            6.283185
        ]
    ],
    "zvals": [
        0.06336515668103135,
        0.1330668356850503,
        0.08237469410413577,
        0.09504758727729473,
        0.057028614791481504,
        0.08237469410413577,
        0.12673029470408637,
        0.09504770829566668,
        0.057028600269264686,
        0.14573990403334464,
        0.0760381870083703,
        0.06336509213788151,
        0.04435560569290982,
        0.10772077341678998,
        0.09504770829566668,
        0.04435560569290985,
        0.006336515668103135,
        0.17742249850967243,
        0.19643197461669118,
        0.02534603176219985,
        0.03801909350418513,
        0.15841288111250604,
        0.20276848171245665,
        0.04435560569290985,
        0.05069211006595126,
        0.17742249850967243,
        0.1520763740167406,
        0.050692058431446946,
        0.06336517281683934,
        0.13940335982520966,
        0.19643197461669118,
        0.05069212297459378,
        0.03801908382270293,
        0.21544160169534468,
        0.26613365452929605,
        0.044355549217658795,
        0.05069212297459375,
        0.12673029470408637,
        0.17742245332939482,
        0.03168257622250121,
        0.057028600269264686,
        0.13940339532400012,
        0.12673029470408637,
        0.050692058431446946,
        0.06336517281683934,
        0.19643197461669118,
        0.22177805392934544,
        0.03801909350418515,
        0.025346057579454597,
        0.06336518895265558,
        0.10138426632102453,
        0.06970159116576415,
        0.019009546752092564,
        0.1203937876083209,
        0.1520763740167406,
        0.06970167991260483,
        0.12039375695029603,
        0.09504773249937802,
        0.0760381870083703,
        0.057028542180471334,
        0.06970167991260479,
        0.12673029470408637,
        0.10138426632102453,
        0.10772077341678998
    ]
}