{
    "bins": [
        [
            -1.0,
            -0.75,
            -0.5,
            -0.25,
            0.0,
            0.25,
            0.5,
            0.75,
            1.0
        ],
        [
            0.0,
            0.7853982,
            1.570796,
            2.356194,
            3.141593,
            3.926991,
            4.712389,
            5.497787,
            6.283185
        ]
    ],
    "zvals": [
        0.0697016621632186,
        0.06336518895265558,
        0.05702861479148153,
        0.10138413723470492,
        0.08237469410413571,
        0.12673029470408637,
        0.06336517281683937,
        0.08237469410413577,
        0.025346057579454597,
        0.1330668356850503,
        0.09504770829566668,
        0.050692058431446946,
        0.04435560569290982,
        0.1203937876083209,
        0.1203937876083209,
        0.05069212297459378,
        0.03801908382270293,
        0.13940339532400012,
        0.19643197461669118,
        0.03168253588303525,
        0.025346064033776494,
        0.10138426632102453,
        0.18375896042516027,
        0.02534606403377651,
        0.06336515668103135,
        0.1647494301613781,
        0.15841288111250604,
        0.057028542180471334,
        0.03801909350418513,
        0.23445106812087635,
        0.17108589530403698,
        0.04435560569290985,
        0.04435559439784812,
        0.17742249850967243,
        0.22177805392934544,
        0.057028542180471334,
        0.05069212297459375,
        0.14573986692097513,
        0.21544154683357997,
        0.05069212297459378,
        0.019009541911351464,
        0.1330668356850503,
        0.13940335982520966,
        0.01267301333462355,
        0.031682576222501195,
        0.11405728051255544,
        0.1203937876083209,
        0.03801909350418515,
        0.03168256815459979,
        0.12039381826636132,
        0.17742245332939482,
        0.044355549217658795,
        0.03801909350418513,
        0.11405728051255544,
        0.1203937876083209,
        0.03801909350418515,
        0.057028600269264686,
        0.10138429213832786,
        0.05069212297459378,
        0.10772063626258756,
        0.10772077341678993,
        0.12673029470408637,
        0.10772077341678998,
        0.10138426632102453
    ]
}