{
    "bins": [
        0.0,
        0.7853982,
        1.570796,
        2.356194,
        3.141593,
        3.926991,
        4.712389,
        5.497787,
        6.283185
    ],
    "yvals": [
        0.3580130435745842,
        0.44038791552510076,
        0.4229623706706664,
        0.4271218832720694,
        0.38019093504185125,
        0.358635494360821,
        0.3802772607009441,
        0.3628142674160108
    ]
}