{
    "bins": [
        [
            -1.0,
            -0.75,
            -0.5,
            -0.25,
            0.0,
            0.25,
            0.5,
            0.75,
            1.0
        ],
        [
            0.0,
            0.7853982,
            1.570796,
            2.356194,
            3.141593,
            3.926991,
            4.712389,
            5.497787,
            6.283185
        ]
    ],
    "zvals": [
        0.012673026243248328,
        0.1647494301613781,
        0.11405728051255544,
        0.0,
        0.006336517281683934,
        0.10138426632102453,
        0.17742245332939482,
        0.012673029470408636,
        0.006336515668103135,
        0.24712414524206713,
        0.278806668720827,
        0.01267301333462355,
        0.0,
        0.19643197461669118,
        0.31048925512924663,
        0.012673029470408636,
        0.08871117860978037,
        0.37385452314737827,
        0.3485083486334318,
        0.06336509213788151,
        0.07603818700837026,
        0.34217184153766633,
        0.39286394923338236,
        0.08237469410413577,
        0.19643192459570188,
        0.48791183270439514,
        0.4815751504332836,
        0.17108567747094153,
        0.15841288111250595,
        0.3358353344419009,
        0.3231622693207776,
        0.19643197461669118,
        0.1585488736796188,
        0.3421719286710505,
        0.3611813628249627,
        0.17108567747094153,
        0.17742245332939474,
        0.3611813628249627,
        0.3302196847967528,
        0.16474938820827154,
        0.07603816764540586,
        0.27247023100905043,
        0.39286394923338236,
        0.09504758727729473,
        0.06970167991260479,
        0.3485083486334318,
        0.3168257622250121,
        0.06970167991260483,
        0.012673026243248328,
        0.20910504205639488,
        0.28514317581659243,
        0.01267301333462355,
        0.03801909350418513,
        0.3675178699207282,
        0.20910498880822215,
        0.012673029470408636,
        0.03168256815459979,
        0.1837590072190169,
        0.1203937876083209,
        0.006336509213788151,
        0.01267302947040863,
        0.18375896042516027,
        0.13306680179985184,
        0.0
    ]
}