{
    "bins": [
        0.0,
        0.7853982,
        1.570796,
        2.356194,
        3.141593,
        3.926991,
        4.712389,
        5.497787,
        6.283185
    ],
    "yvals": [
        0.08712706497162839,
        0.25821309914542667,
        0.27405430113140095,
        0.11564126004744087,
        0.1045525071365091,
        0.27088597118912966,
        0.2756384661025366,
        0.10772076068439189
    ]
}