{
    "bins": [
        -1.0,
        -0.75,
        -0.5,
        -0.25,
        0.0,
        0.25,
        0.5,
        0.75,
        1.0
    ],
    "yvals": [
        0.4435888,
        0.711666,
        1.2541248,
        1.4880292,
        1.4312672,
        1.0351508,
        0.8808736,
        0.492692
    ]
}