{
    "bins": [
        0.0,
        0.7853982,
        1.570796,
        2.356194,
        3.141593,
        3.926991,
        4.712389,
        5.497787,
        6.283185
    ],
    "yvals": [
        0.10455248051243304,
        0.2867274392670822,
        0.26930193354197496,
        0.1140571352904702,
        0.10138424085622827,
        0.26454956595254897,
        0.31840990173135153,
        0.1203937876083209
    ]
}