{
    "bins": [
        -1.0,
        -0.75,
        -0.5,
        -0.25,
        0.0,
        0.25,
        0.5,
        0.75,
        1.0
    ],
    "yvals": [
        0.4180416,
        0.8360832,
        1.2839852,
        1.5485512,
        1.6174232,
        1.3138452,
        0.8659436,
        0.4727852
    ]
}