{
    "bins": [
        0.0,
        0.7853982,
        1.570796,
        2.356194,
        3.141593,
        3.926991,
        4.712389,
        5.497787,
        6.283185
    ],
    "yvals": [
        0.1108889859946203,
        0.31524177938873776,
        0.2978162664025119,
        0.12673014607861738,
        0.08395883361047517,
        0.3408409494294613,
        0.3247464342919132,
        0.08712708715835794
    ]
}