{
    "bins": [
        0.0,
        0.7853982,
        1.570796,
        2.356194,
        3.141593,
        3.926991,
        4.712389,
        5.497787,
        6.283185
    ],
    "yvals": [
        0.09029531771272202,
        0.3374195853362461,
        0.24395580329972835,
        0.1140571352904702,
        0.09346360698652145,
        0.3469242345918885,
        0.2946479364602406,
        0.09044161049557041
    ]
}