{
    "bins": [
        [
            -1.0,
            -0.75,
            -0.5,
            -0.25,
            0.0,
            0.25,
            0.5,
            0.75,
            1.0
        ],
        [
            0.0,
            0.7853982,
            1.570796,
            2.356194,
            3.141593,
            3.926991,
            4.712389,
            5.497787,
            6.283185
        ]
    ],
    "zvals": [
        0.06336515668103135,
        0.12673032697570583,
        0.06336517281683937,
        0.06970159116576415,
        0.07603818700837026,
        0.06336517281683937,
        0.10772077341678998,
        0.06970167991260483,
        0.04435559439784812,
        0.20910504205639488,
        0.06336517281683937,
        0.02534603176219985,
        0.031682576222501195,
        0.17108589530403698,
        0.14573986692097513,
        0.019009546752092574,
        0.03168256815459979,
        0.2217781104046892,
        0.17108589530403698,
        0.06336509213788151,
        0.031682576222501195,
        0.20910498880822215,
        0.22177805392934544,
        0.03168257622250121,
        0.03801908382270293,
        0.1837590072190169,
        0.22177805392934544,
        0.050692058431446946,
        0.04435560569290982,
        0.22811456102511088,
        0.13940335982520966,
        0.04435560569290985,
        0.0697016621632186,
        0.20910504205639488,
        0.19009546752092574,
        0.06336509213788151,
        0.057028614791481504,
        0.23445106812087635,
        0.19643197461669118,
        0.06336517281683937,
        0.03168256815459979,
        0.1647494301613781,
        0.08871120119990122,
        0.03168253588303525,
        0.06336517281683934,
        0.18375896042516027,
        0.13306680179985184,
        0.03801909350418515,
        0.012673026243248328,
        0.12039381826636132,
        0.09504770829566668,
        0.03168253588303525,
        0.019009546752092564,
        0.19643197461669118,
        0.13306680179985184,
        0.04435560569290985,
        0.0697016621632186,
        0.11405730955701683,
        0.08237469410413577,
        0.12039363431835284,
        0.05069212297459375,
        0.10138426632102453,
        0.10138426632102453,
        0.05127718685303504
    ]
}