{
    "bins": [
        [
            -1.0,
            -0.75,
            -0.5,
            -0.25,
            0.0,
            0.25,
            0.5,
            0.75,
            1.0
        ],
        [
            0.0,
            0.7853982,
            1.570796,
            2.356194,
            3.141593,
            3.926991,
            4.712389,
            5.497787,
            6.283185
        ]
    ],
    "zvals": [
        0.10138424050373428,
        0.10772080084767234,
        0.08871120119990122,
        0.0760380901936468,
        0.03801909350418513,
        0.10772077341678998,
        0.1520763740167406,
        0.06336517281683937,
        0.019009541911351464,
        0.24078763653272264,
        0.17108589530403698,
        0.03168253588303525,
        0.02534605894081726,
        0.18375896042516027,
        0.14573986692097513,
        0.02534606403377651,
        0.03801908382270293,
        0.17108593887072257,
        0.19643197461669118,
        0.0380190450968234,
        0.031682576222501195,
        0.23445106812087635,
        0.20276848171245665,
        0.06336517281683937,
        0.05069211006595126,
        0.25979721359036145,
        0.2978162409377157,
        0.09504758727729473,
        0.09504770829566662,
        0.25979714743353055,
        0.19009546752092574,
        0.08237469410413577,
        0.12673026243248328,
        0.20910504205639488,
        0.2914796829123579,
        0.057028542180471334,
        0.057028614791481504,
        0.16497597396479238,
        0.26613365452929605,
        0.06336517281683937,
        0.06336515668103135,
        0.20276853334705036,
        0.3358353344419009,
        0.050692058431446946,
        0.057028614791481504,
        0.20276848171245665,
        0.24712408231240726,
        0.05069212297459378,
        0.019009541911351464,
        0.1837590072190169,
        0.20276848171245665,
        0.03168253588303525,
        0.03801909350418513,
        0.13940335982520966,
        0.18375896042516027,
        0.019009546752092574,
        0.0697016621632186,
        0.08871122379003353,
        0.05069212297459378,
        0.06970159116576415,
        0.08237469410413571,
        0.10138426632102453,
        0.12673029470408637,
        0.0760381870083703
    ]
}