{
    "bins": [
        0.0,
        0.7853982,
        1.570796,
        2.356194,
        3.141593,
        3.926991,
        4.712389,
        5.497787,
        6.283185
    ],
    "yvals": [
        0.11564137783865559,
        0.275638536293328,
        0.2677177685708393,
        0.11880950956138218,
        0.09504773376046281,
        0.29147973384195025,
        0.23445106812087635,
        0.11880966083437955
    ]
}