{
    "bins": [
        -1.0,
        -0.75,
        -0.5,
        -0.25,
        0.0,
        0.25,
        0.5,
        0.75,
        1.0
    ],
    "yvals": [
        0.39315824,
        0.3682748,
        0.4031116,
        0.29362452,
        0.39315824,
        0.32846132,
        0.4379484,
        0.5573888
    ]
}