{
    "bins": [
        -1.0,
        -0.75,
        -0.5,
        -0.25,
        0.0,
        0.25,
        0.5,
        0.75,
        1.0
    ],
    "yvals": [
        0.05972024,
        0.960772,
        1.70218,
        2.08221,
        2.2476012,
        1.7468168,
        0.985384,
        0.04976688
    ]
}