{
    "bins": [
        [
            -1.0,
            -0.75,
            -0.5,
            -0.25,
            0.0,
            0.25,
            0.5,
            0.75,
            1.0
        ],
        [
            0.0,
            0.7853982,
            1.570796,
            2.356194,
            3.141593,
            3.926991,
            4.712389,
            5.497787,
            6.283185
        ]
    ],
    "zvals": [
        0.0,
        0.07603820637134456,
        0.09504770829566668,
        0.0,
        0.01267302947040863,
        0.14573986692097513,
        0.1520763740167406,
        0.006336517281683937,
        0.006336515668103135,
        0.2978163167760337,
        0.26613365452929605,
        0.0,
        0.006336517281683934,
        0.2914796829123579,
        0.2724701616250615,
        0.0,
        0.10772074598592153,
        0.37385452314737827,
        0.2978162409377157,
        0.12039363431835284,
        0.06970167991260479,
        0.3041527480334812,
        0.34217184153766633,
        0.12673029470408637,
        0.21544149197184306,
        0.44989272951872283,
        0.38652744213761697,
        0.2661333156777638,
        0.23445106812087624,
        0.3675178699207282,
        0.437219549833333,
        0.24712408231240726,
        0.15207633529081171,
        0.4372196611704285,
        0.5259305473148647,
        0.17108567747094153,
        0.14573986692097504,
        0.38652744213761697,
        0.39286394923338236,
        0.23445106812087635,
        0.09504768409196761,
        0.36751796350842847,
        0.4055369634249133,
        0.10138413723470492,
        0.09504770829566662,
        0.2914796829123579,
        0.34217184153766633,
        0.05702861479148153,
        0.006336515668103135,
        0.25979721359036145,
        0.16474938820827154,
        0.006336509213788151,
        0.025346064033776494,
        0.31048925512924663,
        0.2978162409377157,
        0.012673029470408636,
        0.0,
        0.1647494301613781,
        0.10152534129193098,
        0.01267301333462355,
        0.0,
        0.11405728051255544,
        0.1203937876083209,
        0.006336517281683937
    ]
}