{
    "bins": [
        0.0,
        0.7853982,
        1.570796,
        2.356194,
        3.141593,
        3.926991,
        4.712389,
        5.497787,
        6.283185
    ],
    "yvals": [
        0.38494320460627485,
        0.460981556098069,
        0.49872319511890795,
        0.38231102917116017,
        0.4107023445437853,
        0.4847434039811664,
        0.5021688366917156,
        0.4023687353418268
    ]
}