{
    "bins": [
        -1.0,
        -0.75,
        -0.5,
        -0.25,
        0.0,
        0.25,
        0.5,
        0.75,
        1.0
    ],
    "yvals": [
        0.4678084,
        0.8808736,
        1.5179524,
        2.1399752,
        2.211316,
        1.3586356,
        0.9760628,
        0.4130648
    ]
}