{
    "bins": [
        [
            -1.0,
            -0.75,
            -0.5,
            -0.25,
            0.0,
            0.25,
            0.5,
            0.75,
            1.0
        ],
        [
            0.0,
            0.7853982,
            1.570796,
            2.356194,
            3.141593,
            3.926991,
            4.712389,
            5.497787,
            6.283185
        ]
    ],
    "zvals": [
        0.03168256815459979,
        0.10138429213832786,
        0.08237469410413577,
        0.0190095225484117,
        0.03801909350418513,
        0.10772077341678998,
        0.11405728051255544,
        0.03168257622250121,
        0.025346057579454597,
        0.1837590072190169,
        0.20276848171245665,
        0.0,
        0.025346064033776494,
        0.2407875752166418,
        0.22811456102511088,
        0.006336517281683937,
        0.04435559439784812,
        0.3231623516134117,
        0.22811456102511088,
        0.1140571352904702,
        0.025346064033776494,
        0.22177805392934544,
        0.3168257622250121,
        0.03801909350418515,
        0.09504768409196761,
        0.2978163167760337,
        0.25979714743353055,
        0.1267301333462355,
        0.1520763740167405,
        0.278806668720827,
        0.3485083486334318,
        0.1203937876083209,
        0.08871117860978037,
        0.30415282548537825,
        0.32949877641654307,
        0.1267301333462355,
        0.14573986692097504,
        0.3168257622250121,
        0.3041527480334812,
        0.08237469410413577,
        0.04435559439784812,
        0.2788067397183949,
        0.2978162409377157,
        0.0760380901936468,
        0.05730327808321384,
        0.3231622693207776,
        0.278806668720827,
        0.08871120119990122,
        0.025346057579454597,
        0.23445112782337815,
        0.22811456102511088,
        0.0190095225484117,
        0.01267302947040863,
        0.25979714743353055,
        0.19009546752092574,
        0.019009546752092574,
        0.025346057579454597,
        0.14573990403334464,
        0.13306680179985184,
        0.03168253588303525,
        0.025346064033776494,
        0.18375896042516027,
        0.17742245332939482,
        0.05069212297459378
    ]
}