{
    "bins": [
        0.0,
        0.7853982,
        1.570796,
        2.356194,
        3.141593,
        3.926991,
        4.712389,
        5.497787,
        6.283185
    ],
    "yvals": [
        0.10138421503894457,
        0.4340513813509536,
        0.49424813916001836,
        0.10138411176994114,
        0.08712708715835789,
        0.47840687142060473,
        0.4356354357917897,
        0.09830589077130322
    ]
}