{
    "bins": [
        -1.0,
        -0.75,
        -0.5,
        -0.25,
        0.0,
        0.25,
        0.5,
        0.75,
        1.0
    ],
    "yvals": [
        0.08460368,
        1.0898944,
        2.008648,
        2.4147548,
        2.440262,
        1.9023916,
        1.0799408,
        0.05972024
    ]
}