{
    "bins": [
        -1.0,
        -0.75,
        -0.5,
        -0.25,
        0.0,
        0.25,
        0.5,
        0.75,
        1.0
    ],
    "yvals": [
        0.711666,
        0.5623656,
        0.8112,
        1.0251976,
        0.970454,
        0.8510132,
        0.711666,
        0.622086
    ]
}