{
    "bins": [
        0.0,
        0.7853982,
        1.570796,
        2.356194,
        3.141593,
        3.926991,
        4.712389,
        5.497787,
        6.283185
    ],
    "yvals": [
        0.1108889859946203,
        0.16316534118124598,
        0.2059367352603394,
        0.09979998701297048,
        0.1045525071365091,
        0.16474933727867913,
        0.17742240239980245,
        0.09504773376046287
    ]
}