{
    "bins": [
        0.0,
        0.7853982,
        1.570796,
        2.356194,
        3.141593,
        3.926991,
        4.712389,
        5.497787,
        6.283185
    ],
    "yvals": [
        0.18534305273426907,
        0.6463247032268234,
        0.6389547719754827,
        0.17266981496029407,
        0.17742240239980234,
        0.5766229351233388,
        0.6132591374054939,
        0.1615811346603888
    ]
}