{
    "bins": [
        0.0,
        0.7853982,
        1.570796,
        2.356194,
        3.141593,
        3.926991,
        4.712389,
        5.497787,
        6.283185
    ],
    "yvals": [
        0.09980008866839775,
        0.2249463902241641,
        0.27405430113140095,
        0.11880950956138218,
        0.10930488745833318,
        0.24712413324199967,
        0.24712413324199967,
        0.10772076068439189
    ]
}