{
    "bins": [
        -1.0,
        -0.75,
        -0.5,
        -0.25,
        0.0,
        0.25,
        0.5,
        0.75,
        1.0
    ],
    "yvals": [
        0.13437052,
        0.9474324,
        2.2992292,
        2.8735744,
        2.8018744,
        2.204728,
        1.045104,
        0.17418404
    ]
}