{
    "bins": [
        0.0,
        0.7853982,
        1.570796,
        2.356194,
        3.141593,
        3.926991,
        4.712389,
        5.497787,
        6.283185
    ],
    "yvals": [
        0.11405725146810877,
        0.5230234920444137,
        0.5155227031390456,
        0.10455237401626435,
        0.11405728051255537,
        0.481575201362876,
        0.5103007647078298,
        0.09980011408228696
    ]
}