{
    "bins": [
        -1.0,
        -0.75,
        -0.5,
        -0.25,
        0.0,
        0.25,
        0.5,
        0.75,
        1.0
    ],
    "yvals": [
        0.2637644,
        0.8609668,
        1.63733,
        2.5629936,
        2.667504,
        1.7169568,
        0.8311068,
        0.31850792
    ]
}