{
    "bins": [
        0.0,
        0.7853982,
        1.570796,
        2.356194,
        3.141593,
        3.926991,
        4.712389,
        5.497787,
        6.283185
    ],
    "yvals": [
        0.21544141557747395,
        0.6098897908804939,
        0.5734546051810676,
        0.2217777206235302,
        0.20276853264204894,
        0.5813753027127648,
        0.5766229351233388,
        0.255044703449716
    ]
}