{
    "bins": [
        0.0,
        0.7853982,
        1.570796,
        2.356194,
        3.141593,
        3.926991,
        4.712389,
        5.497787,
        6.283185
    ],
    "yvals": [
        0.10296835414188624,
        0.4546451492479352,
        0.4562290711206294,
        0.10930474828717633,
        0.11405728051255537,
        0.4894957715705923,
        0.45784583103089144,
        0.10613663391045053
    ]
}