{
    "bins": [
        [
            -1.0,
            -0.75,
            -0.5,
            -0.25,
            0.0,
            0.25,
            0.5,
            0.75,
            1.0
        ],
        [
            0.0,
            0.7853982,
            1.570796,
            2.356194,
            3.141593,
            3.926991,
            4.712389,
            5.497787,
            6.283185
        ]
    ],
    "zvals": [
        0.0,
        0.1647494301613781,
        0.11405728051255544,
        0.0190095225484117,
        0.01267302947040863,
        0.13940335982520966,
        0.13306680179985184,
        0.012673029470408636,
        0.019009541911351464,
        0.25979721359036145,
        0.2914796829123579,
        0.02534603176219985,
        0.031682576222501195,
        0.22177805392934544,
        0.25979714743353055,
        0.012673029470408636,
        0.10772074598592153,
        0.335835419961706,
        0.43729991673011653,
        0.09504758727729473,
        0.10138426632102447,
        0.3231622693207776,
        0.39286394923338236,
        0.13940335982520966,
        0.24078751390059205,
        0.5005848501230841,
        0.45622912205022176,
        0.24712376766458832,
        0.22811456102511074,
        0.4055369634249133,
        0.43088304273756756,
        0.21544154683357997,
        0.22177799745403032,
        0.589296277631539,
        0.4836980486326679,
        0.17108567747094153,
        0.22177805392934533,
        0.4689021362417527,
        0.4815751504332836,
        0.17742245332939482,
        0.13306676791467054,
        0.37385452314737827,
        0.3548448557291972,
        0.10138413723470492,
        0.07603818700837026,
        0.2724701616250615,
        0.34217184153766633,
        0.0760381870083703,
        0.019009541911351464,
        0.2914797571370839,
        0.278806668720827,
        0.02534603176219985,
        0.019009546752092564,
        0.2914796829123579,
        0.30495784302990336,
        0.012673029470408636,
        0.0,
        0.06970169766200006,
        0.13940335982520966,
        0.006336509213788151,
        0.019009546752092564,
        0.18375896042516027,
        0.10772077341678998,
        0.0
    ]
}