{
    "bins": [
        0.0,
        0.7853982,
        1.570796,
        2.356194,
        3.141593,
        3.926991,
        4.712389,
        5.497787,
        6.283185
    ],
    "yvals": [
        0.27564730858817854,
        0.5496929072121159,
        0.5943382845385398,
        0.2885617374099025,
        0.37702260509957997,
        0.5401879047311046,
        0.5908800378916168,
        0.33473652848619434
    ]
}