{
    "bins": [
        0.0,
        0.7853982,
        1.570796,
        2.356194,
        3.141593,
        3.926991,
        4.712389,
        5.497787,
        6.283185
    ],
    "yvals": [
        0.09029531771272202,
        0.24554003079713235,
        0.20276853264204905,
        0.07762221495061745,
        0.10296838036256772,
        0.21227326782090106,
        0.22177800299975306,
        0.11880966083437955
    ]
}