{
    "bins": [
        0.0,
        0.7853982,
        1.570796,
        2.356194,
        3.141593,
        3.926991,
        4.712389,
        5.497787,
        6.283185
    ],
    "yvals": [
        0.12197789605323771,
        0.5528611106371828,
        0.5338513721705429,
        0.12831427083558802,
        0.11247315373861401,
        0.5481086022628019,
        0.5483637595206509,
        0.11405728051255544
    ]
}