{
    "bins": [
        -1.0,
        -0.75,
        -0.5,
        -0.25,
        0.0,
        0.25,
        0.5,
        0.75,
        1.0
    ],
    "yvals": [
        0.5673424,
        0.5872492,
        0.7216196,
        0.6867828,
        0.8617624,
        0.7017128,
        0.537482,
        0.637016
    ]
}