{
    "bins": [
        0.0,
        0.7853982,
        1.570796,
        2.356194,
        3.141593,
        3.926991,
        4.712389,
        5.497787,
        6.283185
    ],
    "yvals": [
        0.10138421503894457,
        0.3976164690046241,
        0.37227023751015414,
        0.10296824925929368,
        0.10138424085622827,
        0.37227023751015414,
        0.4007845703706911,
        0.14573986692097513
    ]
}