{
    "bins": [
        0.0,
        0.7853982,
        1.570796,
        2.356194,
        3.141593,
        3.926991,
        4.712389,
        5.497787,
        6.283185
    ],
    "yvals": [
        0.11880963057974923,
        0.1980162154770487,
        0.21860980038146272,
        0.10772062353020567,
        0.11880966083437948,
        0.24237176565257368,
        0.1885113025497901,
        0.10930488745833325
    ]
}