{
    "bins": [
        -1.0,
        -0.75,
        -0.5,
        -0.25,
        0.0,
        0.25,
        0.5,
        0.75,
        1.0
    ],
    "yvals": [
        0.462832,
        0.8360832,
        1.3884956,
        1.8463508,
        1.6230728,
        1.288962,
        0.9007804,
        0.5275288
    ]
}