{
    "bins": [
        [
            -1.0,
            -0.75,
            -0.5,
            -0.25,
            0.0,
            0.25,
            0.5,
            0.75,
            1.0
        ],
        [
            0.0,
            0.7853982,
            1.570796,
            2.356194,
            3.141593,
            3.926991,
            4.712389,
            5.497787,
            6.283185
        ]
    ],
    "zvals": [
        0.0,
        0.0443556169879773,
        0.03801909350418515,
        0.0,
        0.0,
        0.03168257622250121,
        0.05702861479148153,
        0.0,
        0.03801908382270293,
        0.25979721359036145,
        0.19643197461669118,
        0.057028542180471334,
        0.057028614791481504,
        0.26850437612522576,
        0.2724701616250615,
        0.05702861479148153,
        0.38652734370921654,
        0.39286404927541174,
        0.4245465356418021,
        0.3294983568861178,
        0.34217184153766617,
        0.31048925512924663,
        0.4055369634249133,
        0.3358353344419009,
        0.42454642753191946,
        0.44989272951872283,
        0.5071857071191932,
        0.5702854218047133,
        0.44365109154848864,
        0.38652744213761697,
        0.37385442794608603,
        0.5028053547373434,
        0.44989250039024786,
        0.39286404927541174,
        0.43088304273756756,
        0.4815745372734114,
        0.5069212297459376,
        0.44355605692909844,
        0.37385442794608603,
        0.4879117084586415,
        0.38652734370921654,
        0.39920055798475623,
        0.3992714521809326,
        0.33583490684352796,
        0.2661336545292959,
        0.32949877641654307,
        0.34217184153766633,
        0.3485083486334318,
        0.05069211006595126,
        0.23445112782337815,
        0.2724701616250615,
        0.050692058431446946,
        0.06336517281683934,
        0.26613365452929605,
        0.3358353344419009,
        0.05702861479148153,
        0.0,
        0.06336518895265558,
        0.05702861479148153,
        0.0,
        0.0,
        0.04435560569290985,
        0.05702861479148153,
        0.0
    ]
}