{
    "bins": [
        [
            -1.0,
            -0.75,
            -0.5,
            -0.25,
            0.0,
            0.25,
            0.5,
            0.75,
            1.0
        ],
        [
            0.0,
            0.7853982,
            1.570796,
            2.356194,
            3.141593,
            3.926991,
            4.712389,
            5.497787,
            6.283185
        ]
    ],
    "zvals": [
        0.07603816764540586,
        0.07603820637134456,
        0.09504770829566668,
        0.057028542180471334,
        0.10772077341678993,
        0.06970167991260483,
        0.05702861479148153,
        0.08237469410413577,
        0.019009541911351464,
        0.11405730955701683,
        0.11405728051255544,
        0.0380190450968234,
        0.019009546752092564,
        0.12673029470408637,
        0.08871120119990122,
        0.05069212297459378,
        0.019009541911351464,
        0.08871122379003353,
        0.11405728051255544,
        0.044355549217658795,
        0.05069212297459375,
        0.13940335982520966,
        0.09504770829566668,
        0.03801909350418515,
        0.006336515668103135,
        0.12673032697570583,
        0.12673029470408637,
        0.050692058431446946,
        0.03801909350418513,
        0.13306680179985184,
        0.12673029470408637,
        0.04435560569290985,
        0.04435559439784812,
        0.11405730955701683,
        0.15841288111250604,
        0.044355549217658795,
        0.05069212297459375,
        0.1520763740167406,
        0.10772077341678998,
        0.04435560569290985,
        0.08237467312759311,
        0.12039381826636132,
        0.10772077341678998,
        0.01267301333462355,
        0.04435560569290982,
        0.15841288111250604,
        0.13940335982520966,
        0.012673029470408636,
        0.025346057579454597,
        0.11405730955701683,
        0.1203937876083209,
        0.044355549217658795,
        0.025346064033776494,
        0.1203937876083209,
        0.11405728051255544,
        0.012673029470408636,
        0.11405725146810877,
        0.11405730955701683,
        0.09504770829566668,
        0.10138413723470492,
        0.07603818700837026,
        0.06336517281683937,
        0.10138426632102453,
        0.08237469410413577
    ]
}