{
    "bins": [
        -1.0,
        -0.75,
        -0.5,
        -0.25,
        0.0,
        0.25,
        0.5,
        0.75,
        1.0
    ],
    "yvals": [
        0.24385764,
        0.8161764,
        1.8620684,
        2.7688988,
        2.7477056,
        1.6423348,
        0.8510132,
        0.22395088
    ]
}