{
    "bins": [
        -1.0,
        -0.75,
        -0.5,
        -0.25,
        0.0,
        0.25,
        0.5,
        0.75,
        1.0
    ],
    "yvals": [
        0.537482,
        0.39813492,
        0.3682748,
        0.4031116,
        0.4678084,
        0.4180416,
        0.4031116,
        0.39315824
    ]
}