{
    "bins": [
        -1.0,
        -0.75,
        -0.5,
        -0.25,
        0.0,
        0.25,
        0.5,
        0.75,
        1.0
    ],
    "yvals": [
        0.4877152,
        0.4479016,
        0.462832,
        0.5125988,
        0.5623656,
        0.5325056,
        0.4528784,
        0.5872492
    ]
}