{
    "bins": [
        [
            -1.0,
            -0.75,
            -0.5,
            -0.25,
            0.0,
            0.25,
            0.5,
            0.75,
            1.0
        ],
        [
            0.0,
            0.7853982,
            1.570796,
            2.356194,
            3.141593,
            3.926991,
            4.712389,
            5.497787,
            6.283185
        ]
    ],
    "zvals": [
        0.057028600269264686,
        0.15207641274268913,
        0.13940335982520966,
        0.0760380901936468,
        0.031682576222501195,
        0.15841288111250604,
        0.14573986692097513,
        0.04435560569290985,
        0.012673026243248328,
        0.25979721359036145,
        0.19643197461669118,
        0.0190095225484117,
        0.025346064033776494,
        0.22177805392934544,
        0.20910498880822215,
        0.02534606403377651,
        0.0697016621632186,
        0.25346070488101696,
        0.3358353344419009,
        0.0380190450968234,
        0.057028614791481504,
        0.3611813628249627,
        0.31048925512924663,
        0.02534606403377651,
        0.09504768409196761,
        0.25346070488101696,
        0.21544154683357997,
        0.057028542180471334,
        0.10138426632102447,
        0.3168257622250121,
        0.2978162409377157,
        0.10138426632102453,
        0.06336515668103135,
        0.3168258429040672,
        0.3168257622250121,
        0.09504758727729473,
        0.11405728051255537,
        0.26613365452929605,
        0.2852734027843209,
        0.09504770829566668,
        0.06336515668103135,
        0.25979721359036145,
        0.31048925512924663,
        0.06970159116576415,
        0.057028614791481504,
        0.25979714743353055,
        0.3041527480334812,
        0.05702861479148153,
        0.006336515668103135,
        0.21544160169534468,
        0.16474938820827154,
        0.0380190450968234,
        0.04435560569290982,
        0.278806668720827,
        0.14573986692097513,
        0.012673029470408636,
        0.04435559439784812,
        0.10772080084767234,
        0.14573986692097513,
        0.044355549217658795,
        0.02534605894081726,
        0.09504770829566668,
        0.13306680179985184,
        0.06336517281683937
    ]
}