{
    "bins": [
        -1.0,
        -0.75,
        -0.5,
        -0.25,
        0.0,
        0.25,
        0.5,
        0.75,
        1.0
    ],
    "yvals": [
        0.5424588,
        0.4727852,
        0.5175752,
        0.6718528,
        0.6469692,
        0.5325056,
        0.4528784,
        0.651946
    ]
}