{
    "bins": [
        [
            -1.0,
            -0.75,
            -0.5,
            -0.25,
            0.0,
            0.25,
            0.5,
            0.75,
            1.0
        ],
        [
            0.0,
            0.7853982,
            1.570796,
            2.356194,
            3.141593,
            3.926991,
            4.712389,
            5.497787,
            6.283185
        ]
    ],
    "zvals": [
        0.0,
        0.07603820637134456,
        0.06970167991260483,
        0.0,
        0.0,
        0.06336517281683937,
        0.06970167991260483,
        0.0,
        0.025346057579454597,
        0.3168258429040672,
        0.2724701616250615,
        0.03168253588303525,
        0.04435560569290982,
        0.23479280568577976,
        0.28514317581659243,
        0.012673029470408636,
        0.25979708127673323,
        0.361181454799084,
        0.3485083486334318,
        0.24712376766458832,
        0.25346064033776494,
        0.34217184153766633,
        0.28514317581659243,
        0.26613365452929605,
        0.5674354741327393,
        0.38057824964623016,
        0.3611813628249627,
        0.4879110872308216,
        0.4815751504332833,
        0.3675178699207282,
        0.4752386433375182,
        0.46256562914598726,
        0.42454642753191946,
        0.5069213588324286,
        0.5639499973261966,
        0.4879110872308216,
        0.4245465356418019,
        0.45622912205022176,
        0.557613337441654,
        0.5069212297459379,
        0.25346057579454595,
        0.4372196611704285,
        0.37385442794608603,
        0.3294983568861178,
        0.2914796829123577,
        0.31048925512924663,
        0.4498926149544563,
        0.24712408231240726,
        0.025346057579454597,
        0.23445112782337815,
        0.2407875752166418,
        0.006336509213788151,
        0.031682576222501195,
        0.16474938820827154,
        0.3168257622250121,
        0.019009546752092574,
        0.0,
        0.08871122379003353,
        0.05702861479148153,
        0.0,
        0.0,
        0.05702861479148153,
        0.06970167991260483,
        0.0
    ]
}