{
    "bins": [
        [
            -1.0,
            -0.75,
            -0.5,
            -0.25,
            0.0,
            0.25,
            0.5,
            0.75,
            1.0
        ],
        [
            0.0,
            0.7853982,
            1.570796,
            2.356194,
            3.141593,
            3.926991,
            4.712389,
            5.497787,
            6.283185
        ]
    ],
    "zvals": [
        0.0,
        0.07603820637134456,
        0.08237469410413577,
        0.0,
        0.0,
        0.03168257622250121,
        0.04435560569290985,
        0.0,
        0.03801908382270293,
        0.14573990403334464,
        0.26613365452929605,
        0.02534603176219985,
        0.031682576222501195,
        0.2407875752166418,
        0.25979714743353055,
        0.019009546752092574,
        0.3358352489221391,
        0.41821013504239507,
        0.4055369634249133,
        0.3611809029550585,
        0.3611813628249625,
        0.43088304273756756,
        0.46256562914598726,
        0.2724701616250615,
        0.46890201683680965,
        0.37385452314737827,
        0.43088304273756756,
        0.3865269499961167,
        0.4689021362417525,
        0.34217184153766633,
        0.3801909350418515,
        0.5957809925668262,
        0.4562290058724351,
        0.42454664375173956,
        0.5329226710534023,
        0.5069205843144695,
        0.4372195498333327,
        0.5005847226501724,
        0.519594396726246,
        0.39920045632914786,
        0.2091049355600764,
        0.4118736263330506,
        0.4055369634249133,
        0.2661333156777638,
        0.304152748033481,
        0.4343175816592353,
        0.4118735214502712,
        0.28514317581659243,
        0.06336515668103135,
        0.2217781104046892,
        0.28514317581659243,
        0.02534603176219985,
        0.019009546752092564,
        0.2914796829123579,
        0.2724701616250615,
        0.08237469410413577,
        0.0,
        0.06970169766200006,
        0.08237469410413577,
        0.0,
        0.0,
        0.06970167991260483,
        0.04435560569290985,
        0.0
    ]
}