{
    "bins": [
        0.0,
        0.7853982,
        1.570796,
        2.356194,
        3.141593,
        3.926991,
        4.712389,
        5.497787,
        6.283185
    ],
    "yvals": [
        0.3928639001209832,
        0.5354356734892814,
        0.622726439333943,
        0.3928634999535268,
        0.4055369379601169,
        0.5854021782586665,
        0.5988007354233142,
        0.4134948140942555
    ]
}