{
    "bins": [
        [
            -1.0,
            -0.75,
            -0.5,
            -0.25,
            0.0,
            0.25,
            0.5,
            0.75,
            1.0
        ],
        [
            0.0,
            0.7853982,
            1.570796,
            2.356194,
            3.141593,
            3.926991,
            4.712389,
            5.497787,
            6.283185
        ]
    ],
    "zvals": [
        0.019009541911351464,
        0.11405730955701683,
        0.13940335982520966,
        0.0,
        0.0,
        0.13940335982520966,
        0.10772077341678998,
        0.012673029470408636,
        0.006336515668103135,
        0.27247023100905043,
        0.19643197461669118,
        0.0,
        0.006336517281683934,
        0.31048925512924663,
        0.23445106812087635,
        0.03801909350418515,
        0.05069211006595126,
        0.25346070488101696,
        0.39286394923338236,
        0.08237458922152945,
        0.05069212297459375,
        0.37385442794608603,
        0.3675178699207282,
        0.06336517281683937,
        0.12039375695029603,
        0.39920055798475623,
        0.3548448557291972,
        0.15841267941517626,
        0.10772077341678993,
        0.32949877641654307,
        0.3875480202394201,
        0.11405728051255544,
        0.16474934625518622,
        0.41821013504239507,
        0.3485083486334318,
        0.15841267941517626,
        0.13940335982520957,
        0.2978162409377157,
        0.3675178699207282,
        0.16474938820827154,
        0.08871117860978037,
        0.361181454799084,
        0.26613365452929605,
        0.08237458922152945,
        0.10138426632102447,
        0.37385442794608603,
        0.3675178699207282,
        0.03168257622250121,
        0.012673026243248328,
        0.27247023100905043,
        0.2534606403377651,
        0.01267301333462355,
        0.019009546752092564,
        0.2724701616250615,
        0.24712408231240726,
        0.012673029470408636,
        0.025346057579454597,
        0.12039381826636132,
        0.18375896042516027,
        0.0190095225484117,
        0.025346064033776494,
        0.09504770829566668,
        0.11405728051255544,
        0.019009546752092574
    ]
}