{
    "bins": [
        -1.0,
        -0.75,
        -0.5,
        -0.25,
        0.0,
        0.25,
        0.5,
        0.75,
        1.0
    ],
    "yvals": [
        0.38320488,
        0.8958036,
        1.3685888,
        2.045418,
        1.9210008,
        1.378542,
        0.8510132,
        0.4081992
    ]
}