{
    "bins": [
        -1.0,
        -0.75,
        -0.5,
        -0.25,
        0.0,
        0.25,
        0.5,
        0.75,
        1.0
    ],
    "yvals": [
        0.5872492,
        0.477762,
        0.6071556,
        0.666876,
        0.7017128,
        0.5524124,
        0.5723188,
        0.6021792
    ]
}