{
    "bins": [
        -1.0,
        -0.75,
        -0.5,
        -0.25,
        0.0,
        0.25,
        0.5,
        0.75,
        1.0
    ],
    "yvals": [
        0.2189742,
        0.9607688,
        1.856304,
        2.81487,
        3.0855456,
        2.1150916,
        0.8161764,
        0.21399752
    ]
}