{
    "bins": [
        -1.0,
        -0.75,
        -0.5,
        -0.25,
        0.0,
        0.25,
        0.5,
        0.75,
        1.0
    ],
    "yvals": [
        0.5079044,
        0.6270624,
        0.9057568,
        1.3536588,
        1.2342184,
        1.0799408,
        0.7564564,
        0.5424588
    ]
}