{
    "bins": [
        -1.0,
        -0.75,
        -0.5,
        -0.25,
        0.0,
        0.25,
        0.5,
        0.75,
        1.0
    ],
    "yvals": [
        0.4727852,
        0.4180416,
        0.39315824,
        0.3682748,
        0.4429252,
        0.4279952,
        0.4279952,
        0.4379484
    ]
}