{
    "bins": [
        -1.0,
        -0.75,
        -0.5,
        -0.25,
        0.0,
        0.25,
        0.5,
        0.75,
        1.0
    ],
    "yvals": [
        0.4678084,
        0.36329812,
        0.2886478,
        0.34836804,
        0.2886478,
        0.36329812,
        0.36329812,
        0.5275288
    ]
}