{
    "bins": [
        0.0,
        0.7853982,
        1.570796,
        2.356194,
        3.141593,
        3.926991,
        4.712389,
        5.497787,
        6.283185
    ],
    "yvals": [
        0.43405116029041063,
        0.5591976448113299,
        0.5814592092162192,
        0.4562284902323533,
        0.4198178503128349,
        0.5201869625336455,
        0.5544451348233636,
        0.447279468498774
    ]
}