{
    "bins": [
        [
            -1.0,
            -0.75,
            -0.5,
            -0.25,
            0.0,
            0.25,
            0.5,
            0.75,
            1.0
        ],
        [
            0.0,
            0.7853982,
            1.570796,
            2.356194,
            3.141593,
            3.926991,
            4.712389,
            5.497787,
            6.283185
        ]
    ],
    "zvals": [
        0.0,
        0.06970169766200006,
        0.08871120119990122,
        0.0,
        0.0,
        0.0760381870083703,
        0.10138426632102453,
        0.0,
        0.0,
        0.27247023100905043,
        0.25979714743353055,
        0.0190095225484117,
        0.019009546752092564,
        0.2724701616250615,
        0.24712408231240726,
        0.006336517281683937,
        0.12673026243248328,
        0.3421719286710505,
        0.28514317581659243,
        0.22177777155305778,
        0.16474938820827142,
        0.4055369634249133,
        0.3611813628249627,
        0.17742245332939482,
        0.3611812708508881,
        0.4689022556467563,
        0.5766228077993579,
        0.32316185785823515,
        0.3611813628249625,
        0.4182100285460366,
        0.4245465356418021,
        0.32949877641654307,
        0.38652734370921654,
        0.4815752730654453,
        0.4752386433375182,
        0.33583490684352796,
        0.38652744213761675,
        0.4815751504332836,
        0.5005847226501724,
        0.3485083486334318,
        0.18375891363132738,
        0.39286404927541174,
        0.3485083486334318,
        0.18375872645623434,
        0.17742245332939474,
        0.39286394923338236,
        0.39286394923338236,
        0.11405728051255544,
        0.012673026243248328,
        0.24712414524206713,
        0.2534606403377651,
        0.006336509213788151,
        0.006336517281683934,
        0.22811456102511088,
        0.2724701616250615,
        0.03168257622250121,
        0.0,
        0.10772080084767234,
        0.1203937876083209,
        0.0,
        0.0,
        0.1203937876083209,
        0.05702861479148153,
        0.0
    ]
}