{
    "bins": [
        [
            -1.0,
            -0.75,
            -0.5,
            -0.25,
            0.0,
            0.25,
            0.5,
            0.75,
            1.0
        ],
        [
            0.0,
            0.7853982,
            1.570796,
            2.356194,
            3.141593,
            3.926991,
            4.712389,
            5.497787,
            6.283185
        ]
    ],
    "zvals": [
        0.0,
        0.012673032697570582,
        0.012673029470408636,
        0.0,
        0.0,
        0.02534606403377651,
        0.02534606403377651,
        0.0,
        0.09504768409196761,
        0.17108593887072257,
        0.20276848171245665,
        0.20276822353988228,
        0.14573986692097504,
        0.13940335982520966,
        0.15875833653765356,
        0.10772077341678998,
        0.19643192459570188,
        0.335835419961706,
        0.3168257622250121,
        0.23445076960882305,
        0.2724701616250613,
        0.31048925512924663,
        0.19643197461669118,
        0.30434785930190816,
        0.3611812708508881,
        0.3168258429040672,
        0.3358353344419009,
        0.4308824941208227,
        0.3231622693207774,
        0.2369405575262479,
        0.2914796829123579,
        0.3548448557291972,
        0.38652734370921654,
        0.36751796350842847,
        0.3548448557291972,
        0.33980170588452496,
        0.4182100285460364,
        0.3041527480334812,
        0.37385442794608603,
        0.3168257622250121,
        0.24078751390059205,
        0.3104893341947227,
        0.3041527480334812,
        0.3294983568861178,
        0.209104988808222,
        0.278806668720827,
        0.28514317581659243,
        0.26613365452929605,
        0.15207633529081171,
        0.23445112782337815,
        0.13306680179985184,
        0.17108567747094153,
        0.1520763740167405,
        0.13306680179985184,
        0.17742245332939482,
        0.10138426632102453,
        0.0,
        0.012673032697570582,
        0.03168257622250121,
        0.0,
        0.0,
        0.006336517281683937,
        0.012673029470408636,
        0.0
    ]
}