{
    "bins": [
        0.0,
        0.7853982,
        1.570796,
        2.356194,
        3.141593,
        3.926991,
        4.712389,
        5.497787,
        6.283185
    ],
    "yvals": [
        0.09663183592730414,
        0.2170256906754768,
        0.2328669031497407,
        0.09821586225599982,
        0.10296838036256772,
        0.240787600681438,
        0.20752090023147504,
        0.09187946748018205
    ]
}