{
    "bins": [
        [
            -1.0,
            -0.75,
            -0.5,
            -0.25,
            0.0,
            0.25,
            0.5,
            0.75,
            1.0
        ],
        [
            0.0,
            0.7853982,
            1.570796,
            2.356194,
            3.141593,
            3.926991,
            4.712389,
            5.497787,
            6.283185
        ]
    ],
    "zvals": [
        0.08237467312759311,
        0.13940339532400012,
        0.12673029470408637,
        0.0887110882494121,
        0.07603818700837026,
        0.1203937876083209,
        0.08237469410413577,
        0.11405728051255544,
        0.03801908382270293,
        0.1647494301613781,
        0.16474938820827154,
        0.044355549217658795,
        0.031682576222501195,
        0.19009546752092574,
        0.19009546752092574,
        0.04435560569290985,
        0.025346057579454597,
        0.24712414524206713,
        0.20276848171245665,
        0.057028542180471334,
        0.05069212297459375,
        0.24712408231240726,
        0.21544154683357997,
        0.03801909350418515,
        0.057028600269264686,
        0.23445112782337815,
        0.2534606403377651,
        0.0760380901936468,
        0.08237469410413571,
        0.28514317581659243,
        0.14573986692097513,
        0.06336517281683937,
        0.03801908382270293,
        0.1837590072190169,
        0.20276848171245665,
        0.06970159116576415,
        0.06336517281683934,
        0.3041527480334812,
        0.22811456102511088,
        0.08237469410413577,
        0.05069211006595126,
        0.1900955159283614,
        0.2407875752166418,
        0.057028542180471334,
        0.03801909350418513,
        0.20910498880822215,
        0.20276848171245665,
        0.05702861479148153,
        0.03801908382270293,
        0.17742249850967243,
        0.15841288111250604,
        0.0380190450968234,
        0.06970167991260479,
        0.20910498880822215,
        0.16474938820827154,
        0.019009546752092574,
        0.0697016621632186,
        0.08237471508068905,
        0.13940335982520966,
        0.050692058431446946,
        0.11405728051255537,
        0.17108589530403698,
        0.1203937876083209,
        0.09504770829566668
    ]
}