{
    "bins": [
        [
            -1.0,
            -0.75,
            -0.5,
            -0.25,
            0.0,
            0.25,
            0.5,
            0.75,
            1.0
        ],
        [
            0.0,
            0.7853982,
            1.570796,
            2.356194,
            3.141593,
            3.926991,
            4.712389,
            5.497787,
            6.283185
        ]
    ],
    "zvals": [
        0.0,
        0.10772080084767234,
        0.06336517281683937,
        0.0,
        0.0,
        0.05702861479148153,
        0.08237469410413577,
        0.0,
        0.025346052486496656,
        0.21544160169534468,
        0.2724701616250615,
        0.0190095225484117,
        0.019009546752092564,
        0.20910498880822215,
        0.25979714743353055,
        0.019009546752092574,
        0.20276843007788914,
        0.39920055798475623,
        0.3675178699207282,
        0.17208853079772193,
        0.22177805392934533,
        0.437219549833333,
        0.3801909350418515,
        0.19009546752092574,
        0.37385433274484203,
        0.41821013504239507,
        0.5073495985474882,
        0.3675174019829412,
        0.532267207199407,
        0.44355605692909844,
        0.4118735214502712,
        0.4708435213738768,
        0.2914796086876695,
        0.4118736263330506,
        0.46329723274059786,
        0.3865269499961167,
        0.48791170845864124,
        0.38652744213761697,
        0.5259305473148647,
        0.5449405269684926,
        0.20280428450179794,
        0.36751796350842847,
        0.34217184153766633,
        0.18375872645623434,
        0.24078757521664165,
        0.32949877641654307,
        0.32949877641654307,
        0.09504770829566668,
        0.006336515668103135,
        0.21544160169534468,
        0.25979714743353055,
        0.02534603176219985,
        0.006336517281683934,
        0.25979714743353055,
        0.2914796829123579,
        0.019009546752092574,
        0.0,
        0.06336518895265558,
        0.10138426632102453,
        0.0,
        0.0,
        0.03801909350418515,
        0.08237469410413577,
        0.0
    ]
}