{
    "bins": [
        [
            -1.0,
            -0.75,
            -0.5,
            -0.25,
            0.0,
            0.25,
            0.5,
            0.75,
            1.0
        ],
        [
            0.0,
            0.7853982,
            1.570796,
            2.356194,
            3.141593,
            3.926991,
            4.712389,
            5.497787,
            6.283185
        ]
    ],
    "zvals": [
        0.006336515668103135,
        0.11405730955701683,
        0.10772077341678998,
        0.0,
        0.0,
        0.08871120119990122,
        0.10772077341678998,
        0.0,
        0.019009541911351464,
        0.23445112782337815,
        0.2724701616250615,
        0.006336509213788151,
        0.01267302947040863,
        0.20910498880822215,
        0.28514317581659243,
        0.019009546752092574,
        0.14573982980862446,
        0.3801910318567228,
        0.3675178699207282,
        0.1647491784430589,
        0.13306680179985175,
        0.45622912205022176,
        0.3611813628249627,
        0.14573986692097513,
        0.25979708127673323,
        0.5069213588324286,
        0.4118735214502712,
        0.32316185785823515,
        0.31048925512924647,
        0.4182100285460366,
        0.3611813628249627,
        0.3041527480334812,
        0.25979708127673323,
        0.5005848501230841,
        0.4498926149544563,
        0.27246981470564646,
        0.24078757521664165,
        0.4182100285460366,
        0.4245465356418021,
        0.4055369634249133,
        0.14573982980862446,
        0.3801910318567228,
        0.3231622693207776,
        0.10138413723470492,
        0.09504770829566662,
        0.3801909350418515,
        0.39286394923338236,
        0.13306680179985184,
        0.025346057579454597,
        0.2217781104046892,
        0.278806668720827,
        0.0190095225484117,
        0.019009546752092564,
        0.28514317581659243,
        0.2978162409377157,
        0.006336517281683937,
        0.0,
        0.10138429213832786,
        0.08237469410413577,
        0.0,
        0.0,
        0.06970167991260483,
        0.0760381870083703,
        0.006336517281683937
    ]
}