{
    "bins": [
        [
            -1.0,
            -0.75,
            -0.5,
            -0.25,
            0.0,
            0.25,
            0.5,
            0.75,
            1.0
        ],
        [
            0.0,
            0.7853982,
            1.570796,
            2.356194,
            3.141593,
            3.926991,
            4.712389,
            5.497787,
            6.283185
        ]
    ],
    "zvals": [
        0.006336515668103135,
        0.10772080084767234,
        0.13306680179985184,
        0.0380190450968234,
        0.04435560569290982,
        0.16474938820827154,
        0.13306680179985184,
        0.019369140232086156,
        0.019009541911351464,
        0.12673032697570583,
        0.20910498880822215,
        0.0190095225484117,
        0.01267302947040863,
        0.23445106812087635,
        0.14573986692097513,
        0.03168257622250121,
        0.019009541911351464,
        0.20910504205639488,
        0.2407875752166418,
        0.06970159116576415,
        0.03801909350418513,
        0.22811456102511088,
        0.28514317581659243,
        0.06336517281683937,
        0.09504768409196761,
        0.3168258429040672,
        0.4118735214502712,
        0.10138413723470492,
        0.08237469410413571,
        0.3801909350418515,
        0.26613365452929605,
        0.06970167991260483,
        0.10772074598592153,
        0.2978163167760337,
        0.3231622693207776,
        0.06336509213788151,
        0.057028614791481504,
        0.31048925512924663,
        0.3231622693207776,
        0.08871120119990122,
        0.08237467312759311,
        0.30415282548537825,
        0.2978162409377157,
        0.050692058431446946,
        0.025346064033776494,
        0.28514317581659243,
        0.26613365452929605,
        0.06336517281683937,
        0.019009541911351464,
        0.20910504205639488,
        0.2534606403377651,
        0.02534603176219985,
        0.025346064033776494,
        0.23445106812087635,
        0.17742245332939482,
        0.019009546752092574,
        0.057028600269264686,
        0.1647494301613781,
        0.10772077341678998,
        0.0380190450968234,
        0.06336517281683934,
        0.0760381870083703,
        0.14573986692097513,
        0.03801909350418515
    ]
}