{
    "bins": [
        [
            -1.0,
            -0.75,
            -0.5,
            -0.25,
            0.0,
            0.25,
            0.5,
            0.75,
            1.0
        ],
        [
            0.0,
            0.7853982,
            1.570796,
            2.356194,
            3.141593,
            3.926991,
            4.712389,
            5.497787,
            6.283185
        ]
    ],
    "zvals": [
        0.06336515668103135,
        0.08871122379003353,
        0.13306680179985184,
        0.08237458922152945,
        0.03801909350418513,
        0.08871120119990122,
        0.10138426632102453,
        0.04435560569290985,
        0.019009541911351464,
        0.2217781104046892,
        0.14573986692097513,
        0.03168253588303525,
        0.03801909350418513,
        0.16474938820827154,
        0.20910498880822215,
        0.03168257622250121,
        0.04435559439784812,
        0.1837590072190169,
        0.23445106812087635,
        0.0760380901936468,
        0.07603818700837026,
        0.2534606403377651,
        0.20910498880822215,
        0.03801909350418515,
        0.10772074598592153,
        0.20910504205639488,
        0.2914796829123579,
        0.0760380901936468,
        0.07603818700837026,
        0.24712408231240726,
        0.32949877641654307,
        0.03803313479280569,
        0.08871117860978037,
        0.335835419961706,
        0.31048925512924663,
        0.08237458922152945,
        0.05069212297459375,
        0.2914796829123579,
        0.2407875752166418,
        0.06336517281683937,
        0.06336515668103135,
        0.3168258429040672,
        0.2534606403377651,
        0.08237458922152945,
        0.04435560569290982,
        0.3231622693207776,
        0.31048925512924663,
        0.06336517281683937,
        0.012673026243248328,
        0.1647494301613781,
        0.20276848171245665,
        0.0190095225484117,
        0.025346064033776494,
        0.1520763740167406,
        0.22811456102511088,
        0.03168257622250121,
        0.057028600269264686,
        0.12673032697570583,
        0.10138426632102453,
        0.050692058431446946,
        0.08871120119990117,
        0.12673029470408637,
        0.13306680179985184,
        0.06336517281683937
    ]
}