{
    "bins": [
        -1.0,
        -0.75,
        -0.5,
        -0.25,
        0.0,
        0.25,
        0.5,
        0.75,
        1.0
    ],
    "yvals": [
        0.6768292,
        0.4429252,
        0.4727852,
        0.4727852,
        0.4479016,
        0.537482,
        0.507622,
        0.5325056
    ]
}