{
    "bins": [
        [
            -1.0,
            -0.75,
            -0.5,
            -0.25,
            0.0,
            0.25,
            0.5,
            0.75,
            1.0
        ],
        [
            0.0,
            0.7853982,
            1.570796,
            2.356194,
            3.141593,
            3.926991,
            4.712389,
            5.497787,
            6.283185
        ]
    ],
    "zvals": [
        0.07603816764540586,
        0.05069213588324286,
        0.10138426632102453,
        0.06336509213788151,
        0.11405728051255537,
        0.10772077341678998,
        0.04435560569290985,
        0.0760381870083703,
        0.05069211006595126,
        0.06970169766200006,
        0.12673029470408637,
        0.050692058431446946,
        0.06970167991260479,
        0.0760381870083703,
        0.0760381870083703,
        0.03168257622250121,
        0.03801908382270293,
        0.11405730955701683,
        0.0760381870083703,
        0.0380190450968234,
        0.025346064033776494,
        0.08237469410413577,
        0.10138426632102453,
        0.02534606403377651,
        0.04435559439784812,
        0.08871122379003353,
        0.13306680179985184,
        0.03168253588303525,
        0.025346064033776494,
        0.08237469410413577,
        0.11405728051255544,
        0.05069212297459378,
        0.057028600269264686,
        0.10138429213832786,
        0.11405728051255544,
        0.02534603176219985,
        0.04435560569290982,
        0.11405728051255544,
        0.06970167991260483,
        0.03801909350418515,
        0.04435559439784812,
        0.06970169766200006,
        0.11405728051255544,
        0.050692058431446946,
        0.019009546752092564,
        0.06336517281683937,
        0.12673029470408637,
        0.03801909350418515,
        0.04435559439784812,
        0.05069213588324286,
        0.10138426632102453,
        0.01267301333462355,
        0.05069212297459375,
        0.05702861479148153,
        0.08871120119990122,
        0.04435560569290985,
        0.08871117860978037,
        0.10772080084767234,
        0.05702861479148153,
        0.1267301333462355,
        0.06970167991260479,
        0.0760381870083703,
        0.08871120119990122,
        0.0760381870083703
    ]
}