{
    "bins": [
        -1.0,
        -0.75,
        -0.5,
        -0.25,
        0.0,
        0.25,
        0.5,
        0.75,
        1.0
    ],
    "yvals": [
        0.5772956,
        0.6618992,
        0.7664096,
        1.045104,
        0.970632,
        0.9505472,
        0.6419924,
        0.522552
    ]
}