{
    "bins": [
        -1.0,
        -0.75,
        -0.5,
        -0.25,
        0.0,
        0.25,
        0.5,
        0.75,
        1.0
    ],
    "yvals": [
        0.5524124,
        0.462832,
        0.38320488,
        0.6320392,
        0.4727852,
        0.4180416,
        0.4528784,
        0.622086
    ]
}