{
    "bins": [
        [
            -1.0,
            -0.75,
            -0.5,
            -0.25,
            0.0,
            0.25,
            0.5,
            0.75,
            1.0
        ],
        [
            0.0,
            0.7853982,
            1.570796,
            2.356194,
            3.141593,
            3.926991,
            4.712389,
            5.497787,
            6.283185
        ]
    ],
    "zvals": [
        0.06336515668103135,
        0.05069213588324286,
        0.11405728051255544,
        0.08237458922152945,
        0.10138426632102447,
        0.10772077341678998,
        0.11405728051255544,
        0.11405728051255544,
        0.057028600269264686,
        0.1330668356850503,
        0.09504770829566668,
        0.02534603176219985,
        0.03801909350418513,
        0.10772077341678998,
        0.10138426632102453,
        0.05069212297459378,
        0.03801908382270293,
        0.1900955159283614,
        0.15841288111250604,
        0.06336509213788151,
        0.057028614791481504,
        0.1203937876083209,
        0.09504770829566668,
        0.05069212297459378,
        0.05069211006595126,
        0.15207641274268913,
        0.17742245332939482,
        0.050692058431446946,
        0.05069212297459375,
        0.20276848171245665,
        0.11405728051255544,
        0.05069212297459378,
        0.03168256815459979,
        0.1900955159283614,
        0.13306680179985184,
        0.0380190450968234,
        0.04435560569290982,
        0.19009546752092574,
        0.22811456102511088,
        0.03801909350418515,
        0.03801908382270293,
        0.13940339532400012,
        0.09504770829566668,
        0.044355549217658795,
        0.006336517281683934,
        0.22811456102511088,
        0.10772077341678998,
        0.04435560569290985,
        0.057028600269264686,
        0.1330668356850503,
        0.18375896042516027,
        0.057028542180471334,
        0.031682576222501195,
        0.12673029470408637,
        0.1203937876083209,
        0.019009546752092574,
        0.12673026243248328,
        0.11405730955701683,
        0.11405728051255544,
        0.1140571352904702,
        0.05069212297459375,
        0.08237469410413577,
        0.05702861479148153,
        0.10772077341678998
    ]
}