{
    "bins": [
        0.0,
        0.7853982,
        1.570796,
        2.356194,
        3.141593,
        3.926991,
        4.712389,
        5.497787,
        6.283185
    ],
    "yvals": [
        0.3889829388455436,
        0.6004818195314527,
        0.5718705675339129,
        0.3976158614920569,
        0.3817751000129869,
        0.49908606846465114,
        0.6273150682838512,
        0.3786067700707158
    ]
}