{
    "bins": [
        [
            -1.0,
            -0.75,
            -0.5,
            -0.25,
            0.0,
            0.25,
            0.5,
            0.75,
            1.0
        ],
        [
            0.0,
            0.7853982,
            1.570796,
            2.356194,
            3.141593,
            3.926991,
            4.712389,
            5.497787,
            6.283185
        ]
    ],
    "zvals": [
        0.08871117860978037,
        0.10772080084767234,
        0.03801909350418515,
        0.0760380901936468,
        0.057028614791481504,
        0.08237469410413577,
        0.08237469410413577,
        0.06970167991260483,
        0.019009541911351464,
        0.12039381826636132,
        0.0760381870083703,
        0.050692058431446946,
        0.03801909350418513,
        0.06336517281683937,
        0.13306680179985184,
        0.03168257622250121,
        0.019009541911351464,
        0.08871122379003353,
        0.10138426632102453,
        0.0380190450968234,
        0.03801909350418513,
        0.0760381870083703,
        0.08237469410413577,
        0.05702861479148153,
        0.025346057579454597,
        0.10772080084767234,
        0.08871120119990122,
        0.01267301333462355,
        0.031682576222501195,
        0.09504770829566668,
        0.0760381870083703,
        0.03168257622250121,
        0.025346057579454597,
        0.12673032697570583,
        0.09504770829566668,
        0.03168253588303525,
        0.03801909350418513,
        0.1203937876083209,
        0.08871120119990122,
        0.03801909350418515,
        0.05069211006595126,
        0.10138429213832786,
        0.10138426632102453,
        0.044355549217658795,
        0.031682576222501195,
        0.08871120119990122,
        0.09504770829566668,
        0.03168257622250121,
        0.08871117860978037,
        0.11405730955701683,
        0.08871120119990122,
        0.0190095225484117,
        0.025346064033776494,
        0.09504770829566668,
        0.05702861479148153,
        0.05702861479148153,
        0.06336515668103135,
        0.0443556169879773,
        0.09504770829566668,
        0.06336509213788151,
        0.07603818700837026,
        0.08871120119990122,
        0.04435560569290985,
        0.08237469410413577
    ]
}