{
    "bins": [
        0.0,
        0.7853982,
        1.570796,
        2.356194,
        3.141593,
        3.926991,
        4.712389,
        5.497787,
        6.283185
    ],
    "yvals": [
        0.4039527974472057,
        0.521368789166458,
        0.49741646910228965,
        0.40870474752323344,
        0.39286400016297457,
        0.5296975546156217,
        0.5496927672339376,
        0.42771473826009243
    ]
}