{
    "bins": [
        -1.0,
        -0.75,
        -0.5,
        -0.25,
        0.0,
        0.25,
        0.5,
        0.75,
        1.0
    ],
    "yvals": [
        0.11944048,
        1.090492,
        2.000628,
        2.5032732,
        2.7521076,
        2.1518088,
        0.9953372,
        0.10948712
    ]
}