{
    "bins": [
        0.0,
        0.7853982,
        1.570796,
        2.356194,
        3.141593,
        3.926991,
        4.712389,
        5.497787,
        6.283185
    ],
    "yvals": [
        0.09029531771272202,
        0.16950187535539316,
        0.15524460209982713,
        0.08079046446455879,
        0.11247315373861401,
        0.1473240318921108,
        0.21227326782090106,
        0.11088901423227461
    ]
}