{
    "bins": [
        0.0,
        0.7853982,
        1.570796,
        2.356194,
        3.141593,
        3.926991,
        4.712389,
        5.497787,
        6.283185
    ],
    "yvals": [
        0.09504770955675731,
        0.46731809027221616,
        0.44038780338121575,
        0.12831427083558802,
        0.12046245343125393,
        0.48315923901003066,
        0.4894957715705923,
        0.10930488745833325
    ]
}