{
    "bins": [
        [
            -1.0,
            -0.75,
            -0.5,
            -0.25,
            0.0,
            0.25,
            0.5,
            0.75,
            1.0
        ],
        [
            0.0,
            0.7853982,
            1.570796,
            2.356194,
            3.141593,
            3.926991,
            4.712389,
            5.497787,
            6.283185
        ]
    ],
    "zvals": [
        0.10138424050373428,
        0.10772080084767234,
        0.09504770829566668,
        0.1267301333462355,
        0.08237469410413571,
        0.12673029470408637,
        0.08237469410413577,
        0.13940335982520966,
        0.04435559439784812,
        0.08237471508068905,
        0.09504770829566668,
        0.0380190450968234,
        0.06970167991260479,
        0.14573986692097513,
        0.06970167991260483,
        0.019009546752092574,
        0.03801908382270293,
        0.12673032697570583,
        0.15841288111250604,
        0.01267301333462355,
        0.03801909350418513,
        0.10138426632102453,
        0.11405728051255544,
        0.012673029470408636,
        0.025346057579454597,
        0.08237471508068905,
        0.13306680179985184,
        0.044355549217658795,
        0.057028614791481504,
        0.13940335982520966,
        0.0760381870083703,
        0.04435560569290985,
        0.057028600269264686,
        0.07603820637134456,
        0.10772077341678998,
        0.0190095225484117,
        0.04435560569290982,
        0.11405728051255544,
        0.1203937876083209,
        0.03168257622250121,
        0.04435559439784812,
        0.13940339532400012,
        0.09504770829566668,
        0.044355549217658795,
        0.031682576222501195,
        0.14573986692097513,
        0.13306680179985184,
        0.05069212297459378,
        0.057028600269264686,
        0.08237471508068905,
        0.12673029470408637,
        0.0380190450968234,
        0.07603818700837026,
        0.11405728051255544,
        0.08871120119990122,
        0.06336517281683937,
        0.10772074598592153,
        0.09504773249937802,
        0.06336517281683937,
        0.10772063626258756,
        0.07603818700837026,
        0.08237469410413577,
        0.06970167991260483,
        0.0760381870083703
    ]
}