{
    "bins": [
        [
            -1.0,
            -0.75,
            -0.5,
            -0.25,
            0.0,
            0.25,
            0.5,
            0.75,
            1.0
        ],
        [
            0.0,
            0.7853982,
            1.570796,
            2.356194,
            3.141593,
            3.926991,
            4.712389,
            5.497787,
            6.283185
        ]
    ],
    "zvals": [
        0.06336515668103135,
        0.10772080084767234,
        0.17742245332939482,
        0.06336509213788151,
        0.08237469410413571,
        0.1203937876083209,
        0.15841288111250604,
        0.13306680179985184,
        0.05069211006595126,
        0.1647494301613781,
        0.1203937876083209,
        0.01267301333462355,
        0.019009546752092564,
        0.19009546752092574,
        0.13940335982520966,
        0.019009546752092574,
        0.06336515668103135,
        0.2217781104046892,
        0.17742245332939482,
        0.050692058431446946,
        0.057028614791481504,
        0.18375896042516027,
        0.22811456102511088,
        0.05069212297459378,
        0.0697016621632186,
        0.25979721359036145,
        0.26613365452929605,
        0.06970159116576415,
        0.06336517281683934,
        0.2724701616250615,
        0.22177805392934544,
        0.08237469410413577,
        0.04435559439784812,
        0.26613372229970594,
        0.19009546752092574,
        0.057028542180471334,
        0.06336517281683934,
        0.22177805392934544,
        0.3041527480334812,
        0.08871120119990122,
        0.03801908382270293,
        0.24078763653272264,
        0.26613365452929605,
        0.06336509213788151,
        0.01267302947040863,
        0.12673029470408637,
        0.278806668720827,
        0.05702861479148153,
        0.025346052486496656,
        0.20276853334705036,
        0.13306680179985184,
        0.050692058431446946,
        0.03801909350418513,
        0.23445106812087635,
        0.19009546752092574,
        0.03168257622250121,
        0.05069211006595126,
        0.12673032697570583,
        0.15841288111250604,
        0.044355549217658795,
        0.06970167991260479,
        0.13940335982520966,
        0.08237469410413577,
        0.1203937876083209
    ]
}