{
    "bins": [
        [
            -1.0,
            -0.75,
            -0.5,
            -0.25,
            0.0,
            0.25,
            0.5,
            0.75,
            1.0
        ],
        [
            0.0,
            0.7853982,
            1.570796,
            2.356194,
            3.141593,
            3.926991,
            4.712389,
            5.497787,
            6.283185
        ]
    ],
    "zvals": [
        0.05069211006595126,
        0.07603820637134456,
        0.08871120119990122,
        0.1394031823315283,
        0.10138426632102447,
        0.09504770829566668,
        0.05069212297459378,
        0.08871120119990122,
        0.06336515668103135,
        0.12039381826636132,
        0.13940335982520966,
        0.0190095225484117,
        0.025346064033776494,
        0.08237469410413577,
        0.1203937876083209,
        0.03168257622250121,
        0.025346057579454597,
        0.10772080084767234,
        0.15841288111250604,
        0.050692058431446946,
        0.025346064033776494,
        0.1203937876083209,
        0.1520763740167406,
        0.019009546752092574,
        0.057028600269264686,
        0.15207641274268913,
        0.19643197461669118,
        0.06970159116576415,
        0.04435560569290982,
        0.13940335982520966,
        0.1520763740167406,
        0.04435560569290985,
        0.0697016621632186,
        0.17108593887072257,
        0.13940335982520966,
        0.03168253588303525,
        0.05069212297459375,
        0.17108589530403698,
        0.16474938820827154,
        0.02534606403377651,
        0.006336515668103135,
        0.12039381826636132,
        0.1520763740167406,
        0.057028542180471334,
        0.031682576222501195,
        0.13940335982520966,
        0.14573986692097513,
        0.02534606403377651,
        0.04435559439784812,
        0.10138429213832786,
        0.11405728051255544,
        0.03168253588303525,
        0.031682576222501195,
        0.11405728051255544,
        0.10772077341678998,
        0.03168257622250121,
        0.08237467312759311,
        0.05069213588324286,
        0.10772077341678998,
        0.0760380901936468,
        0.1267302947040863,
        0.12673029470408637,
        0.09504770829566668,
        0.16474938820827154
    ]
}