{
    "bins": [
        -1.0,
        -0.75,
        -0.5,
        -0.25,
        0.0,
        0.25,
        0.5,
        0.75,
        1.0
    ],
    "yvals": [
        0.4976688,
        0.4329716,
        0.39315824,
        0.4479016,
        0.4429252,
        0.4130648,
        0.35334476,
        0.5424588
    ]
}