{
    "bins": [
        0.0,
        0.7853982,
        1.570796,
        2.356194,
        3.141593,
        3.926991,
        4.712389,
        5.497787,
        6.283185
    ],
    "yvals": [
        0.26771770039707243,
        0.5956325571576595,
        0.6019689380416046,
        0.27246978924088266,
        0.2788066687208268,
        0.5988007354233142,
        0.5892958729204812,
        0.25187650083142565
    ]
}