{
    "bins": [
        -1.0,
        -0.75,
        -0.5,
        -0.25,
        0.0,
        0.25,
        0.5,
        0.75,
        1.0
    ],
    "yvals": [
        0.507622,
        0.5026452,
        0.5822724,
        0.7315728,
        0.7564564,
        0.477762,
        0.537482,
        0.5972024
    ]
}