{
    "bins": [
        -1.0,
        -0.75,
        -0.5,
        -0.25,
        0.0,
        0.25,
        0.5,
        0.75,
        1.0
    ],
    "yvals": [
        0.5026452,
        0.6768292,
        0.8758968,
        1.079952,
        1.1496144,
        1.144638,
        0.6569228,
        0.5872492
    ]
}