{
    "bins": [
        0.0,
        0.7853982,
        1.570796,
        2.356194,
        3.141593,
        3.926991,
        4.712389,
        5.497787,
        6.283185
    ],
    "yvals": [
        0.12197789605323771,
        0.36593379813388827,
        0.4087052679023885,
        0.11247301053349953,
        0.10613663391045047,
        0.34856493141057154,
        0.3786067700707158,
        0.11088901423227461
    ]
}