{
    "bins": [
        [
            -1.0,
            -0.75,
            -0.5,
            -0.25,
            0.0,
            0.25,
            0.5,
            0.75,
            1.0
        ],
        [
            0.0,
            0.7853982,
            1.570796,
            2.356194,
            3.141593,
            3.926991,
            4.712389,
            5.497787,
            6.283185
        ]
    ],
    "zvals": [
        0.0,
        0.03168258429040672,
        0.02534606403377651,
        0.0,
        0.0,
        0.019009546752092574,
        0.03168257622250121,
        0.0,
        0.13306676791467054,
        0.25979721359036145,
        0.18375896042516027,
        0.17108567747094153,
        0.15841288111250595,
        0.19009546752092574,
        0.19643197461669118,
        0.09504770829566668,
        0.3358352489221391,
        0.2978163167760337,
        0.35871968097703344,
        0.25979681664988113,
        0.28514317581659226,
        0.2914796829123579,
        0.39920045632914786,
        0.32949877641654307,
        0.34217175440432634,
        0.3421719286710505,
        0.45758104808008176,
        0.34850790489929323,
        0.4055369634249131,
        0.44355605692909844,
        0.34217184153766633,
        0.39286394923338236,
        0.39286384919140377,
        0.37385452314737827,
        0.437219549833333,
        0.36966336855534576,
        0.35484485572919705,
        0.38652744213761697,
        0.4118735214502712,
        0.3801909350418515,
        0.22177799745403032,
        0.335835419961706,
        0.2914796829123579,
        0.25979681664988113,
        0.33115072867514295,
        0.3231622693207776,
        0.3611813628249627,
        0.2978162409377157,
        0.11405725146810877,
        0.17108593887072257,
        0.22177805392934544,
        0.12039363431835284,
        0.10772077341678993,
        0.2724701616250615,
        0.2534606403377651,
        0.11405728051255544,
        0.0,
        0.03168258429040672,
        0.019009546752092574,
        0.0,
        0.0,
        0.012673029470408636,
        0.012673029470408636,
        0.0
    ]
}