{
    "bins": [
        [
            -1.0,
            -0.75,
            -0.5,
            -0.25,
            0.0,
            0.25,
            0.5,
            0.75,
            1.0
        ],
        [
            0.0,
            0.7853982,
            1.570796,
            2.356194,
            3.141593,
            3.926991,
            4.712389,
            5.497787,
            6.283185
        ]
    ],
    "zvals": [
        0.05069211006595126,
        0.057028629313705746,
        0.08871120119990122,
        0.10138413723470492,
        0.06336517281683934,
        0.03801909350418515,
        0.06970167991260483,
        0.12673029470408637,
        0.03801908382270293,
        0.05069213588324286,
        0.08237469410413577,
        0.057028542180471334,
        0.05069212297459375,
        0.09504770829566668,
        0.06336517281683937,
        0.02534606403377651,
        0.012673026243248328,
        0.10772080084767234,
        0.05702861479148153,
        0.006336509213788151,
        0.006336517281683934,
        0.0760381870083703,
        0.0760381870083703,
        0.02534606403377651,
        0.025346057579454597,
        0.06336518895265558,
        0.05702861479148153,
        0.0380190450968234,
        0.057028614791481504,
        0.04435560569290985,
        0.1203937876083209,
        0.03801909350418515,
        0.012673026243248328,
        0.10138429213832786,
        0.06970167991260483,
        0.01267301333462355,
        0.025346064033776494,
        0.06970167991260483,
        0.06336517281683937,
        0.012673029470408636,
        0.019009541911351464,
        0.057028629313705746,
        0.08871120119990122,
        0.03168253588303525,
        0.03801909350418513,
        0.08237469410413577,
        0.10772077341678998,
        0.03801909350418515,
        0.03168256815459979,
        0.06336518895265558,
        0.06336517281683937,
        0.0380190450968234,
        0.06336517281683934,
        0.0760381870083703,
        0.05069212297459378,
        0.0760381870083703,
        0.10138424050373428,
        0.09504773249937802,
        0.09504770829566668,
        0.10772063626258756,
        0.07603818700837026,
        0.05702861479148153,
        0.05702861479148153,
        0.08237469410413577
    ]
}