{
    "bins": [
        0.0,
        0.7853982,
        1.570796,
        2.356194,
        3.141593,
        3.926991,
        4.712389,
        5.497787,
        6.283185
    ],
    "yvals": [
        0.07286990217191737,
        0.14890810745841151,
        0.15049223451040114,
        0.09821586225599982,
        0.09504773376046281,
        0.13465096677098748,
        0.15207639948153678,
        0.10613663391045053
    ]
}