{
    "bins": [
        0.0,
        0.7853982,
        1.570796,
        2.356194,
        3.141593,
        3.926991,
        4.712389,
        5.497787,
        6.283185
    ],
    "yvals": [
        0.14577382530288455,
        0.5702865477850841,
        0.5956324054810429,
        0.13306663237411814,
        0.1346509667709874,
        0.5591975024127895,
        0.5482887656958638,
        0.13781916938927782
    ]
}