{
    "bins": [
        -1.0,
        -0.75,
        -0.5,
        -0.25,
        0.0,
        0.25,
        0.5,
        0.75,
        1.0
    ],
    "yvals": [
        0.651946,
        0.681806,
        0.8510132,
        0.9405936,
        0.9206872,
        0.8211532,
        0.6867828,
        0.6618992
    ]
}