{
    "bins": [
        0.0,
        0.7853982,
        1.570796,
        2.356194,
        3.141593,
        3.926991,
        4.712389,
        5.497787,
        6.283185
    ],
    "yvals": [
        0.11405725146810877,
        0.4118735754034452,
        0.41821000308124046,
        0.1251460213216467,
        0.10930488745833318,
        0.4118734705206788,
        0.44038780338121575,
        0.09346710839599796
    ]
}