{
    "bins": [
        -1.0,
        -0.75,
        -0.5,
        -0.25,
        0.0,
        0.25,
        0.5,
        0.75,
        1.0
    ],
    "yvals": [
        0.6320392,
        0.7614332,
        1.1396612,
        1.129708,
        1.2193904,
        1.0849176,
        0.711666,
        0.5175752
    ]
}