{
    "bins": [
        -1.0,
        -0.75,
        -0.5,
        -0.25,
        0.0,
        0.25,
        0.5,
        0.75,
        1.0
    ],
    "yvals": [
        0.5026452,
        0.5573888,
        0.7713864,
        0.7465028,
        0.8510132,
        0.5772956,
        0.5125988,
        0.5429184
    ]
}