{
    "bins": [
        -1.0,
        -0.75,
        -0.5,
        -0.25,
        0.0,
        0.25,
        0.5,
        0.75,
        1.0
    ],
    "yvals": [
        0.4130648,
        0.7166428,
        1.030174,
        1.318822,
        1.333752,
        1.1349004,
        0.7763632,
        0.6071556
    ]
}