{
    "bins": [
        [
            -1.0,
            -0.75,
            -0.5,
            -0.25,
            0.0,
            0.25,
            0.5,
            0.75,
            1.0
        ],
        [
            0.0,
            0.7853982,
            1.570796,
            2.356194,
            3.141593,
            3.926991,
            4.712389,
            5.497787,
            6.283185
        ]
    ],
    "zvals": [
        0.08237467312759311,
        0.11405730955701683,
        0.10772077341678998,
        0.10772063626258756,
        0.06336517281683934,
        0.09504770829566668,
        0.1203937876083209,
        0.03168257622250121,
        0.012673026243248328,
        0.12039381826636132,
        0.14573986692097513,
        0.044355549217658795,
        0.019009546752092564,
        0.1520763740167406,
        0.21544154683357997,
        0.03801909350418515,
        0.03801908382270293,
        0.2217781104046892,
        0.19009546752092574,
        0.03168253588303525,
        0.019009546752092564,
        0.20276848171245665,
        0.18375896042516027,
        0.03168257622250121,
        0.05069211006595126,
        0.14573990403334464,
        0.20276848171245665,
        0.03168253588303525,
        0.01267302947040863,
        0.18375896042516027,
        0.20276848171245665,
        0.04435560569290985,
        0.0697016621632186,
        0.21544160169534468,
        0.17108589530403698,
        0.09504758727729473,
        0.06970167991260479,
        0.19744506606841378,
        0.19009546752092574,
        0.08871120119990122,
        0.03801908382270293,
        0.19643202463770587,
        0.15841288111250604,
        0.044355549217658795,
        0.025346064033776494,
        0.20276848171245665,
        0.18375896042516027,
        0.04435560569290985,
        0.03168256815459979,
        0.10772080084767234,
        0.13306680179985184,
        0.044355549217658795,
        0.025346064033776494,
        0.17742245332939482,
        0.13940335982520966,
        0.02534606403377651,
        0.12039375695029603,
        0.13940339532400012,
        0.08237469410413577,
        0.10772063626258756,
        0.10138426632102447,
        0.1520763740167406,
        0.06336517281683937,
        0.04435560569290985
    ]
}