{
    "bins": [
        -1.0,
        -0.75,
        -0.5,
        -0.25,
        0.0,
        0.25,
        0.5,
        0.75,
        1.0
    ],
    "yvals": [
        0.4180416,
        0.4031116,
        0.27869444,
        0.35832144,
        0.25878768,
        0.2986012,
        0.30855456,
        0.35334476
    ]
}