{
    "bins": [
        [
            -1.0,
            -0.75,
            -0.5,
            -0.25,
            0.0,
            0.25,
            0.5,
            0.75,
            1.0
        ],
        [
            0.0,
            0.7853982,
            1.570796,
            2.356194,
            3.141593,
            3.926991,
            4.712389,
            5.497787,
            6.283185
        ]
    ],
    "zvals": [
        0.0,
        0.07603820637134456,
        0.006336517281683937,
        0.0,
        0.0,
        0.03168257622250121,
        0.03801909350418515,
        0.0,
        0.09504768409196761,
        0.21620259185854607,
        0.2978162409377157,
        0.057028542180471334,
        0.10772077341678993,
        0.2914796829123579,
        0.2534606403377651,
        0.06970167991260483,
        0.28514310320548225,
        0.335835419961706,
        0.3485083486334318,
        0.29781586174670455,
        0.3231622693207774,
        0.3168257622250121,
        0.34217184153766633,
        0.2978162409377157,
        0.48791158421295083,
        0.3801910318567228,
        0.34217184153766633,
        0.3611809029550585,
        0.34217184153766617,
        0.44355605692909844,
        0.4182100285460366,
        0.4118735214502712,
        0.35484476536870085,
        0.4372196611704285,
        0.38652744213761697,
        0.4879110872308216,
        0.34217184153766617,
        0.5069212297459379,
        0.5005847226501724,
        0.4879117084586415,
        0.31048917606381066,
        0.34850843738039494,
        0.3358353344419009,
        0.32316185785823515,
        0.38652744213761675,
        0.31288350619685823,
        0.3231622693207776,
        0.39920045632914786,
        0.08237467312759311,
        0.25979721359036145,
        0.23445106812087635,
        0.10772063626258756,
        0.06970167991260479,
        0.20276848171245665,
        0.26613365452929605,
        0.04435560569290985,
        0.0,
        0.03168258429040672,
        0.03801909350418515,
        0.0,
        0.0,
        0.012673029470408636,
        0.05702861479148153,
        0.0
    ]
}