{
    "bins": [
        0.0,
        0.7853982,
        1.570796,
        2.356194,
        3.141593,
        3.926991,
        4.712389,
        5.497787,
        6.283185
    ],
    "yvals": [
        0.09504770955675731,
        0.20276858427665573,
        0.1710858698392408,
        0.08395872671088199,
        0.08395883361047517,
        0.17742240239980245,
        0.16474933727867913,
        0.09980011408228696
    ]
}