{
    "bins": [
        0.0,
        0.7853982,
        1.570796,
        2.356194,
        3.141593,
        3.926991,
        4.712389,
        5.497787,
        6.283185
    ],
    "yvals": [
        0.14573982980862446,
        0.6067214601314136,
        0.5608169361266518,
        0.1695016163758803,
        0.1473240318921107,
        0.5528609698522279,
        0.5892958729204812,
        0.17267003481037643
    ]
}