{
    "bins": [
        -1.0,
        -0.75,
        -0.5,
        -0.25,
        0.0,
        0.25,
        0.5,
        0.75,
        1.0
    ],
    "yvals": [
        0.333438,
        0.8311068,
        1.6920736,
        2.2743456,
        2.334066,
        1.5328196,
        0.9057568,
        0.2637644
    ]
}