{
    "bins": [
        0.0,
        0.7853982,
        1.570796,
        2.356194,
        3.141593,
        3.926991,
        4.712389,
        5.497787,
        6.283185
    ],
    "yvals": [
        0.08712706497162839,
        0.13623516643413058,
        0.1568287670709628,
        0.08237458922152945,
        0.11247315373861401,
        0.15207639948153678,
        0.1710858698392408,
        0.11247315373861408
    ]
}