{
    "bins": [
        0.0,
        0.7853982,
        1.570796,
        2.356194,
        3.141593,
        3.926991,
        4.712389,
        5.497787,
        6.283185
    ],
    "yvals": [
        0.09980008866839775,
        0.3548448951601341,
        0.37227023751015414,
        0.12039363431835284,
        0.1314826368287161,
        0.4340512708206541,
        0.3374194994130365,
        0.12831443421042582
    ]
}