{
    "bins": [
        -1.0,
        -0.75,
        -0.5,
        -0.25,
        0.0,
        0.25,
        0.5,
        0.75,
        1.0
    ],
    "yvals": [
        7.803444,
        7.664096,
        6.240764,
        6.051652,
        6.325368,
        6.255696,
        7.445124,
        7.942792
    ]
}