{
    "bins": [
        [
            -1.0,
            -0.75,
            -0.5,
            -0.25,
            0.0,
            0.25,
            0.5,
            0.75,
            1.0
        ],
        [
            0.0,
            0.7853982,
            1.570796,
            2.356194,
            3.141593,
            3.926991,
            4.712389,
            5.497787,
            6.283185
        ]
    ],
    "zvals": [
        1.2102742277738858,
        1.3686878165434129,
        1.1405728051255546,
        1.4383873674399892,
        1.4003697488407145,
        1.0835438847565186,
        1.115226674883308,
        1.1785917458409625,
        1.2482931588078505,
        1.2292843193602019,
        1.165918935367801,
        1.2989840832494057,
        1.191265065610047,
        1.222947346440913,
        1.1025538644101465,
        1.2989857371676528,
        0.8174100730050056,
        1.2229476578620413,
        1.222947346440913,
        0.7350348039658824,
        0.7413723997259986,
        1.2673029470408637,
        1.2166111958522943,
        0.722362929368295,
        0.7160260871491684,
        1.2989860679518073,
        1.222947346440913,
        0.7033525634741069,
        0.5069212297459376,
        1.2989857371676528,
        1.3053223970521954,
        0.6526611985260977,
        0.6780071561152037,
        1.482745177030035,
        1.4700714796829129,
        0.6083048234082296,
        0.5132577368417031,
        1.3053223970521954,
        1.387696938367554,
        0.6083055979261471,
        0.6463243740563703,
        1.2292843193602019,
        1.2673029470408637,
        0.716025357811762,
        0.8427564113990611,
        1.2039378760832091,
        1.425715879082962,
        0.6336517281683938,
        1.279975940866684,
        1.2039381826636133,
        1.1912650656100476,
        1.096215808779996,
        1.172255595252343,
        1.2039378760832091,
        1.2356206662099982,
        1.0962172045256038,
        1.279975940866684,
        1.1912653689633457,
        1.1722555952523437,
        1.3876951714988177,
        1.4320525389675038,
        1.2166111958522943,
        1.0455249440411107,
        1.387696938367554
    ]
}