{
    "bins": [
        0.0,
        0.7853982,
        1.570796,
        2.356194,
        3.141593,
        3.926991,
        4.712389,
        5.497787,
        6.283185
    ],
    "yvals": [
        1.969071230364419,
        2.5567846001096517,
        2.4633205075643185,
        1.995999485611772,
        1.9500622614266898,
        2.4506479517391186,
        2.4585675033549874,
        1.894617760676753
    ]
}