{"bins": [-1.0, -0.95, -0.9, -0.85, -0.8, -0.75, -0.7, -0.65, -0.6, -0.55, -0.5, -0.45, -0.4, -0.35, -0.3, -0.25, -0.2, -0.15, -0.1, -0.05, 0.0, 0.05, 0.1, 0.15, 0.2, 0.25, 0.3, 0.35, 0.4, 0.45, 0.5, 0.55, 0.6, 0.65, 0.7, 0.75, 0.8, 0.85, 0.9, 0.95, 1.0], "yvals": [7.370349999999993, 6.587690000000009, 7.051609999999994, 7.021856000000009, 4.893641999999996, 5.890621999999994, 6.404196000000009, 6.435429999999994, 7.30371400000001, 5.838621999999995, 4.856250000000001, 7.632598000000002, 7.357563999999993, 6.484044000000002, 6.368746000000001, 7.648804000000002, 5.848183999999998, 5.278944000000001, 4.562086, 6.713552, 4.995486, 5.793194, 7.615170000000002, 5.189131999999998, 6.1120420000000015, 7.692784000000002, 4.927048000000001, 6.534947999999995, 7.690724000000001, 6.038836000000001, 7.855925999999993, 6.680742000000008, 4.252267999999996, 5.1507440000000075, 6.0763759999999944, 6.775403999999995, 7.78542200000001, 6.006307999999994, 6.138414000000008, 5.4417759999999955]}