{"bins": [0.0, 0.1570796, 0.3141593, 0.4712389, 0.6283185, 0.7853982, 0.9424778, 1.099557, 1.256637, 1.413717, 1.570796, 1.727876, 1.884956, 2.042035, 2.199115, 2.356194, 2.513274, 2.670354, 2.827433, 2.984513, 3.141593, 3.298672, 3.455752, 3.612832, 3.769911, 3.926991, 4.08407, 4.24115, 4.39823, 4.555309, 4.712389, 4.869469, 5.026548, 5.183628, 5.340708, 5.497787, 5.654867, 5.811946, 5.969026, 6.126106, 6.283185], "yvals": [2.2901840850116755, 2.0547550065349, 1.6541575099503687, 2.085700498346062, 1.6960275579848951, 1.9455008798087086, 1.7088596071281255, 1.8982594856124255, 1.50599185128597, 2.250974350486058, 1.752461166284697, 1.7071199388846436, 2.0131748992545186, 1.848095238095237, 1.5117310397952626, 1.927432518461929, 2.03449643493761, 2.4168246551098496, 1.458206009676597, 2.3926152279093507, 1.8545623539747518, 2.0254322638146154, 2.093680290297936, 1.4403726787158055, 2.179120193531957, 2.6086835286702947, 1.4184300993124472, 2.804379297173421, 2.161956722413557, 2.5197517188693714, 2.4065374331550853, 1.4814450053794548, 1.5734205500382006, 2.4315278838808165, 1.9215795873414072, 1.6334536541889426, 2.250188758522788, 2.8083358798064584, 2.62485357779476, 1.919702824693313]}