{"bins": [0.0, 0.1570796, 0.3141593, 0.4712389, 0.6283185, 0.7853982, 0.9424778, 1.099557, 1.256637, 1.413717, 1.570796, 1.727876, 1.884956, 2.042035, 2.199115, 2.356194, 2.513274, 2.670354, 2.827433, 2.984513, 3.141593, 3.298672, 3.455752, 3.612832, 3.769911, 3.926991, 4.08407, 4.24115, 4.39823, 4.555309, 4.712389, 4.869469, 5.026548, 5.183628, 5.340708, 5.497787, 5.654867, 5.811946, 5.969026, 6.126106, 6.283185], "yvals": [6.995650612810319e-05, 0.008072258859674422, 0.00034620574536731684, -0.0012558263453688449, -0.007761734966389672, 0.0024482287961008304, -0.009693441270390997, 0.004919900687547743, -0.0012973911382734922, -0.00036074529376937676, -0.0013539623121976074, -0.0030549045072574463, 0.01021026999153294, 0.001280713649096001, 0.004671531522354994, 0.0002314125286478226, 0.008753093964858665, -0.0021500461551193987, 0.013426687038451735, 0.013891259230965144, 0.01975363988820912, -0.02353598166539341, -0.0035226209574738964, 0.00492502498742671, -0.0023527896613190716, -0.005939488410290381, 0.003063787878787868, 0.0024319550547491774, -0.006896077769784612, 0.002421605551311439, 0.0011972727272727298, 0.0015726901750074762, 0.00044856748153807073, 0.0013479685510567818, -0.005820277058040876, 0.0016514489432136433, -0.007452861299091563, 0.006390584415584393, 0.013288496307613985, -0.0014507349804875297]}