{"bins": [-1.0, -0.95, -0.9, -0.85, -0.8, -0.75, -0.7, -0.65, -0.6, -0.55, -0.5, -0.45, -0.4, -0.35, -0.3, -0.25, -0.2, -0.15, -0.1, -0.05, 0.0, 0.05, 0.1, 0.15, 0.2, 0.25, 0.3, 0.35, 0.4, 0.45, 0.5, 0.55, 0.6, 0.65, 0.7, 0.75, 0.8, 0.85, 0.9, 0.95, 1.0], "yvals": [-0.018679449999999983, -0.009062286000000011, 0.016342003999999986, 0.019312948000000024, 0.04475551999999996, -0.08962645999999992, 0.02584268000000003, -0.03231737999999997, 0.03785398000000005, 0.03249617999999997, 0.029599900000000005, -0.03943066000000001, -0.07375097999999994, -0.05516644000000002, 0.03676696000000001, -0.028354600000000008, -0.002009007999999999, -0.025279000000000006, -0.06762448, 0.014756686, -0.0414207, -0.013191037999999999, 0.022682360000000002, -0.014543731999999995, -0.038106320000000006, 0.07781786000000002, -0.07798826000000002, -0.03972101999999996, -0.019670130000000004, -0.06309032000000002, 0.006969091999999994, -0.056263240000000075, -0.005536857999999995, 0.02857112000000004, 0.0009711903999999992, 0.015717169999999985, -0.03093116000000004, -0.010111267999999991, -0.012748906000000018, -0.012473555999999988]}