{"bins": [-1.0, -0.95, -0.9, -0.85, -0.8, -0.75, -0.7, -0.65, -0.6, -0.55, -0.5, -0.45, -0.4, -0.35, -0.3, -0.25, -0.2, -0.15, -0.1, -0.05, 0.0, 0.05, 0.1, 0.15, 0.2, 0.25, 0.3, 0.35, 0.4, 0.45, 0.5, 0.55, 0.6, 0.65, 0.7, 0.75, 0.8, 0.85, 0.9, 0.95, 1.0], "yvals": [-0.9613429999999992, -0.8116962000000011, -0.8213277999999993, -0.7755576000000011, -0.5078613999999996, -0.5689371999999995, -0.5761156000000007, -0.5349289999999995, -0.5604464000000008, -0.40906639999999966, -0.30904360000000003, -0.4330882000000001, -0.36788939999999964, -0.28332340000000006, -0.23545140000000003, -0.23086660000000003, -0.13694435999999996, -0.08554206000000002, -0.04245342, -0.019853193999999998, 0.017774303999999998, 0.0608137, 0.12809418000000003, 0.12407983999999997, 0.18242230000000006, 0.28141240000000006, 0.21356940000000005, 0.32300039999999974, 0.43545940000000005, 0.3805116000000001, 0.5537005999999995, 0.5109248000000007, 0.3548643999999997, 0.4642036000000006, 0.5877789999999995, 0.6984453999999993, 0.8574038000000012, 0.7002961999999994, 0.762904200000001, 0.7071645999999994]}