{"bins": [-1.0, -0.95, -0.9, -0.85, -0.8, -0.75, -0.7, -0.65, -0.6, -0.55, -0.5, -0.45, -0.4, -0.35, -0.3, -0.25, -0.2, -0.15, -0.1, -0.05, 0.0, 0.05, 0.1, 0.15, 0.2, 0.25, 0.3, 0.35, 0.4, 0.45, 0.5, 0.55, 0.6, 0.65, 0.7, 0.75, 0.8, 0.85, 0.9, 0.95, 1.0], "yvals": [0.004583639999999996, -0.027025340000000037, 0.03383295999999997, -0.019153448000000028, -0.011508619999999989, 0.02170449999999998, -0.027582760000000036, -0.040593259999999964, 0.046021300000000064, -0.06581297999999994, -0.04143584000000001, -0.03355074000000001, -0.05033911999999995, 0.05542074000000002, 0.10111154000000003, 0.06330394000000002, 0.016286595999999993, -0.021449280000000005, -0.0043164679999999995, 0.03226266, 0.041539419999999994, 0.026257339999999997, 0.008018486000000002, 0.04163871999999998, -0.05279130000000001, -0.03900614000000001, -0.04252846000000001, 0.0036642659999999963, 0.04694014000000001, 0.04590966000000001, 0.038075679999999966, -0.008155626000000011, -0.05394703999999995, -0.009773410000000014, -0.07148603999999995, 0.03317845999999997, -0.0751519400000001, -0.039068839999999966, 0.018345498000000026, -0.008409117999999993]}