{"bins": [0.0, 0.1570796, 0.3141593, 0.4712389, 0.6283185, 0.7853982, 0.9424778, 1.099557, 1.256637, 1.413717, 1.570796, 1.727876, 1.884956, 2.042035, 2.199115, 2.356194, 2.513274, 2.670354, 2.827433, 2.984513, 3.141593, 3.298672, 3.455752, 3.612832, 3.769911, 3.926991, 4.08407, 4.24115, 4.39823, 4.555309, 4.712389, 4.869469, 5.026548, 5.183628, 5.340708, 5.497787, 5.654867, 5.811946, 5.969026, 6.126106, 6.283185], "yvals": [24.08389122457658, 20.707303362560538, 17.901923610704376, 22.500738479089584, 17.29558307025032, 18.7665616668237, 16.55198778705266, 20.057352941176458, 15.186942959001794, 23.342337295246313, 20.218500127323672, 16.923465749936327, 22.575901298072978, 18.97303921568626, 14.361703346723626, 19.422930990578035, 19.919716068245464, 26.294335971071888, 14.588337153043025, 22.495925642984513, 20.22227032257654, 20.21361726508784, 19.821205755029272, 15.500760763692158, 21.762509549274238, 25.796140795396024, 13.113515406162417, 28.998834988540935, 25.050528714850426, 25.918531958237896, 26.38750954927431, 16.403924140082335, 13.680901451489715, 24.18298955946006, 19.918009409278195, 17.702546473134646, 23.84579733764546, 27.86459129106178, 27.239024700789464, 20.827863686425363]}