{"bins": [-1.0, -0.95, -0.9, -0.85, -0.8, -0.75, -0.7, -0.65, -0.6, -0.55, -0.5, -0.45, -0.4, -0.35, -0.3, -0.25, -0.2, -0.15, -0.1, -0.05, 0.0, 0.05, 0.1, 0.15, 0.2, 0.25, 0.3, 0.35, 0.4, 0.45, 0.5, 0.55, 0.6, 0.65, 0.7, 0.75, 0.8, 0.85, 0.9, 0.95, 1.0], "yvals": [0.004593085999999996, 0.01540562200000002, -0.040675439999999966, 0.06273988000000008, -0.02123231999999998, -0.14262131999999988, -0.10453438000000015, 0.07375291999999994, 0.11659058000000015, -0.05614057999999995, -0.04087004000000001, 0.23158940000000006, 0.07180497999999993, 0.04730018000000001, 0.22971140000000007, -0.026844000000000007, 0.04133491999999998, -0.19602630000000004, 0.03166094, -0.07320224, -0.11306012, 0.12665456, 0.08077456000000002, -0.052874619999999976, -0.019843348000000007, -0.08060592000000003, 0.00028434380000000005, -0.06688191999999994, -0.11788744000000002, -0.13027090000000002, 0.11722163999999989, -0.1497160000000002, -0.010443363999999991, 0.027414120000000035, 0.08813485999999993, 0.007145761999999994, 0.027611180000000037, -0.019444485999999983, 0.018702880000000022, 0.0037755479999999966]}