{"bins": [0.0, 0.1570796, 0.3141593, 0.4712389, 0.6283185, 0.7853982, 0.9424778, 1.099557, 1.256637, 1.413717, 1.570796, 1.727876, 1.884956, 2.042035, 2.199115, 2.356194, 2.513274, 2.670354, 2.827433, 2.984513, 3.141593, 3.298672, 3.455752, 3.612832, 3.769911, 3.926991, 4.08407, 4.24115, 4.39823, 4.555309, 4.712389, 4.869469, 5.026548, 5.183628, 5.340708, 5.497787, 5.654867, 5.811946, 5.969026, 6.126106, 6.283185], "yvals": [0.0026145877631468376, -0.0006912701004649234, -0.0028977862179430038, 0.0010521557223216766, 0.003230009351940447, -0.0029381574692066955, -0.0003038829456732657, 0.0005010541762159406, 0.0008297237076648848, -0.005618281247015826, -0.0012777056277056287, 0.001636785714285713, -3.745281036930468e-05, -0.0016622205245734646, 0.0019424798986497245, -0.004137191876750697, 0.0028153380443086307, -0.0019233729524634105, -0.0021948446651387813, -0.000796361726508787, 0.0004332083855894169, -0.0016337114845938366, 0.00026721014769544164, -0.0019358036402065209, 0.0025560504201680655, 0.004636523023446815, 0.0013393385536032546, 0.0011291469314998752, -0.0002772342579211727, -0.005416990068754786, -0.001812063916475685, 0.00018698374703174787, -0.005780234912146689, 0.0005548989050165502, 0.0012428294043124834, 0.003010162974280611, -0.0039024579988413593, 0.0019399637127578237, -0.0006385421441303808, -0.001668750119366693]}