{"bins": [0.0, 0.1570796, 0.3141593, 0.4712389, 0.6283185, 0.7853982, 0.9424778, 1.099557, 1.256637, 1.413717, 1.570796, 1.727876, 1.884956, 2.042035, 2.199115, 2.356194, 2.513274, 2.670354, 2.827433, 2.984513, 3.141593, 3.298672, 3.455752, 3.612832, 3.769911, 3.926991, 4.08407, 4.24115, 4.39823, 4.555309, 4.712389, 4.869469, 5.026548, 5.183628, 5.340708, 5.497787, 5.654867, 5.811946, 5.969026, 6.126106, 6.283185], "yvals": [4.669465035561587, 4.717302745039621, 6.349279600915713, 9.492384752698634, 14.337893438808448, 15.65524740322741, 16.13298896352924, 17.377591036414554, 17.602457346575008, 17.78946262708571, 16.94162210338682, 16.839183855360314, 17.15254744427966, 16.421893302775644, 14.951164700564687, 14.325910364145647, 9.49448688566335, 6.130391077101332, 5.380387063916472, 5.193799337916996, 5.7210492809350715, 4.960531576266867, 6.004665138782782, 10.180074994111244, 13.830112044817918, 16.19231724164279, 16.834039979628155, 16.663891010949868, 17.423449347143748, 17.23810160427811, 16.94695696460406, 16.95356476677336, 17.46458492487908, 16.637592309651076, 15.747413721757889, 13.738031576266824, 9.434641167820043, 6.437827858416072, 5.967561115355245, 4.797193768740585]}