{"bins": [-1.0, -0.95, -0.9, -0.85, -0.8, -0.75, -0.7, -0.65, -0.6, -0.55, -0.5, -0.45, -0.4, -0.35, -0.3, -0.25, -0.2, -0.15, -0.1, -0.05, 0.0, 0.05, 0.1, 0.15, 0.2, 0.25, 0.3, 0.35, 0.4, 0.45, 0.5, 0.55, 0.6, 0.65, 0.7, 0.75, 0.8, 0.85, 0.9, 0.95, 1.0], "yvals": [-0.0015586845999999988, 0.0009726932000000013, 0.00027550459999999975, -0.00035604340000000047, -0.001160250399999999, -0.003325169999999997, 0.0022883960000000033, -0.002052207999999998, -4.6074540000000065e-05, 0.0003185217999999997, -5.8591760000000014e-05, -0.0009250352000000002, -0.001226791599999999, 0.00021169280000000003, 0.0010887690000000003, 0.0010648070000000003, 0.0004901251999999999, 0.0004201604000000001, -6.03748e-05, 2.1721899999999996e-05, -4.6437479999999996e-05, -8.688893999999998e-05, -0.00011667052000000002, 0.0001981240799999999, -0.0014362754000000002, -0.00029929900000000005, 0.0012279814000000003, -0.0010343537999999992, -0.00043998440000000006, -0.0003784024000000001, -0.00023917299999999978, 0.0002453724000000003, 1.4282025999999987e-05, 0.003821874000000005, 0.005571273999999995, -0.0020269399999999983, 0.0005183360000000006, 0.0014571313999999986, -0.0012076784000000017, 9.944821999999991e-05]}