{"bins": [0.0, 0.1570796, 0.3141593, 0.4712389, 0.6283185, 0.7853982, 0.9424778, 1.099557, 1.256637, 1.413717, 1.570796, 1.727876, 1.884956, 2.042035, 2.199115, 2.356194, 2.513274, 2.670354, 2.827433, 2.984513, 3.141593, 3.298672, 3.455752, 3.612832, 3.769911, 3.926991, 4.08407, 4.24115, 4.39823, 4.555309, 4.712389, 4.869469, 5.026548, 5.183628, 5.340708, 5.497787, 5.654867, 5.811946, 5.969026, 6.126106, 6.283185], "yvals": [-0.9474922268709622, -0.6095863437477919, -0.7716342542252461, 0.20445971341918365, 1.3470709455136465, 1.1375595557920952, 0.952280123657366, 0.315229946524064, 0.7238133435192263, 0.5105902762304312, 0.6528978864272986, 0.5303841991341988, 0.6480197862222205, 0.9389915966386548, 1.6155819683089403, 1.5196275783040478, 0.3085254010695185, -1.0492726589805133, -1.0195289024700782, -1.0312191240132438, -1.4191865239783805, -0.6656900942195055, -0.44129844665138757, -0.07211530503759257, 1.2951215940921814, 1.087133225956369, 0.6743843901196819, 0.8196906035141347, 0.2654461767645573, 0.1515124777183604, 0.8231977336389119, 0.6096712482254136, 0.6152817035905284, 0.632102177234528, 1.286608649151068, 1.2725490196078386, 0.28314593293820395, -0.7164884135472345, -1.0778163992869898, -0.8461678518452525]}