{"bins": [-1.0, -0.95, -0.9, -0.85, -0.8, -0.75, -0.7, -0.65, -0.6, -0.55, -0.5, -0.45, -0.4, -0.35, -0.3, -0.25, -0.2, -0.15, -0.1, -0.05, 0.0, 0.05, 0.1, 0.15, 0.2, 0.25, 0.3, 0.35, 0.4, 0.45, 0.5, 0.55, 0.6, 0.65, 0.7, 0.75, 0.8, 0.85, 0.9, 0.95, 1.0], "yvals": [0.0015379985999999985, 0.0012125134000000016, -0.00024279779999999978, -0.0039337060000000056, 0.0007321129999999993, 0.0024543139999999974, 0.001402335600000002, -0.0017390537999999985, 0.001637967600000002, -0.0007584285999999993, -0.0011387360000000002, -0.0003679316000000001, 0.001019484999999999, -5.1957080000000017e-05, -7.370668000000002e-05, -0.0014268014000000002, 0.0004759187999999998, 0.0003496062000000001, 0.0007373722, 4.870638e-05, 0.00011999956, 0.0002586656, 0.0006576618000000002, -0.0005661571999999998, 1.9609374000000005e-05, -0.0016568826000000004, 0.0007827252000000001, -9.157997999999992e-05, -0.0010635142000000003, 0.0008034638000000002, -0.00020587859999999982, -0.0003578726000000005, 0.0020376879999999984, -0.0001601867400000002, -0.0031762999999999974, 0.0017510719999999983, -0.004038850000000005, 0.002029051999999998, -0.0015780604000000021, 0.0007500305999999994]}