{"bins": [-1.0, -0.95, -0.9, -0.85, -0.8, -0.75, -0.7, -0.65, -0.6, -0.55, -0.5, -0.45, -0.4, -0.35, -0.3, -0.25, -0.2, -0.15, -0.1, -0.05, 0.0, 0.05, 0.1, 0.15, 0.2, 0.25, 0.3, 0.35, 0.4, 0.45, 0.5, 0.55, 0.6, 0.65, 0.7, 0.75, 0.8, 0.85, 0.9, 0.95, 1.0], "yvals": [0.00026454959999999976, -0.003016754000000004, 0.005203511999999995, 0.009014368000000012, -0.0027357079999999977, -0.0018798063999999983, -5.354364000000007e-06, -0.0055942539999999956, -0.004352214000000005, -0.005658987999999994, 0.005529212000000001, -0.0029719480000000003, 0.0015614661999999986, -0.005378628000000002, 0.015074130000000003, 0.007312596000000002, -0.014956067999999996, 0.007850700000000002, -0.002437042, -0.00438078, 0.03246198, 0.003850812, -0.003874864000000001, -0.018593765999999994, -0.0038262120000000007, 0.013936212000000002, -0.0025980960000000007, -0.007814815999999994, -0.006035642000000001, 0.005220112000000002, -0.0042323059999999964, -0.005378380000000007, -0.005118107999999995, 0.0003375486000000005, 0.0038275179999999968, 0.0030336339999999973, -0.005306730000000007, -6.570735999999994e-06, -0.002103340000000003, 0.0007010909999999994]}