{"bins": [0.0, 0.1570796, 0.3141593, 0.4712389, 0.6283185, 0.7853982, 0.9424778, 1.099557, 1.256637, 1.413717, 1.570796, 1.727876, 1.884956, 2.042035, 2.199115, 2.356194, 2.513274, 2.670354, 2.827433, 2.984513, 3.141593, 3.298672, 3.455752, 3.612832, 3.769911, 3.926991, 4.08407, 4.24115, 4.39823, 4.555309, 4.712389, 4.869469, 5.026548, 5.183628, 5.340708, 5.497787, 5.654867, 5.811946, 5.969026, 6.126106, 6.283185], "yvals": [-0.01359559102518723, -0.014808183361694736, -0.019120426840913776, -0.03105049287113031, -0.04530734397888459, -0.04166958026376436, -0.034138453722708066, -0.02583801247771834, -0.0162022663610899, -0.005502867983626067, 0.005312981283422464, 0.01550717468805703, 0.026125236346042482, 0.034698599439775886, 0.04124515689557485, 0.04587035905271196, 0.03130087216704861, 0.01733387021817048, 0.015509676597911881, 0.01529280621339448, 0.01555613417452365, 0.015493264578558685, 0.019169639674051425, 0.03233974624233667, 0.04378235930735928, 0.04274027718536546, 0.03488155716832175, 0.025635975299210644, 0.015791907256857973, 0.00512426916221035, -0.005302012350394714, -0.01563801653944826, -0.02645693913929214, -0.0344702253628723, -0.04234306941093348, -0.043453074866310004, -0.03120475047587529, -0.019674102368219943, -0.017567258721670524, -0.0144698718479237]}