{"bins": [0.0, 0.1570796, 0.3141593, 0.4712389, 0.6283185, 0.7853982, 0.9424778, 1.099557, 1.256637, 1.413717, 1.570796, 1.727876, 1.884956, 2.042035, 2.199115, 2.356194, 2.513274, 2.670354, 2.827433, 2.984513, 3.141593, 3.298672, 3.455752, 3.612832, 3.769911, 3.926991, 4.08407, 4.24115, 4.39823, 4.555309, 4.712389, 4.869469, 5.026548, 5.183628, 5.340708, 5.497787, 5.654867, 5.811946, 5.969026, 6.126106, 6.283185], "yvals": [0.3040035115953949, 0.31669388215027156, 0.3411370413471895, 0.39157261668606236, 0.22908759056708147, -0.250473836195152, -0.7342741750658274, -1.1657397504456322, -1.5402953908836272, -1.6927017615340032, -1.6333479755538594, -1.4499357015533476, -1.1824922491230547, -0.74746371275783, -0.25116705606732925, 0.23522956455309382, 0.398410873440285, 0.3011510768466823, 0.3244052711993886, 0.3411436210847983, 0.3390591995110741, 0.3304524446142091, 0.34854691876750676, 0.40563353471819924, 0.2212078558696204, -0.26280451237912217, -0.7532824038706365, -1.1661968423733153, -1.4677448926973014, -1.5962216704863799, -1.6562764196587763, -1.4709146353108906, -1.2018067226890783, -0.7358015024191469, -0.254995002514659, 0.21861962057550216, 0.3951313033569108, 0.35134542908072197, 0.3655685637891528, 0.32880652410570577]}