{"bins": [-1.0, -0.95, -0.9, -0.85, -0.8, -0.75, -0.7, -0.65, -0.6, -0.55, -0.5, -0.45, -0.4, -0.35, -0.3, -0.25, -0.2, -0.15, -0.1, -0.05, 0.0, 0.05, 0.1, 0.15, 0.2, 0.25, 0.3, 0.35, 0.4, 0.45, 0.5, 0.55, 0.6, 0.65, 0.7, 0.75, 0.8, 0.85, 0.9, 0.95, 1.0], "yvals": [-0.015125409999999987, -0.09291062000000011, -0.18859845999999983, -0.3465328000000005, -0.5706857999999995, -0.9099135999999991, -0.9233688000000012, -1.175193599999999, -1.2300124000000017, -1.4368271999999989, -1.6058510000000004, -1.6770364000000002, -1.7003559999999986, -1.6753290000000005, -1.5146484000000002, -1.445569, -1.6101043999999995, -1.6414568000000003, -1.4691756, -1.5985463999999998, -1.5895039999999998, -1.7072702, -1.6892680000000002, -1.8598639999999993, -1.5699926000000004, -1.7154038000000003, -1.6408126000000005, -1.5769163999999984, -1.4879918000000003, -1.5527384000000004, -1.4542543999999986, -1.3728906000000016, -1.184859399999999, -1.0671040000000014, -0.8219243999999993, -0.5197819999999995, -0.3748492000000005, -0.16195427999999987, -0.08696062000000011, -0.003812615999999997]}