{"bins": [-1.0, -0.95, -0.9, -0.85, -0.8, -0.75, -0.7, -0.65, -0.6, -0.55, -0.5, -0.45, -0.4, -0.35, -0.3, -0.25, -0.2, -0.15, -0.1, -0.05, 0.0, 0.05, 0.1, 0.15, 0.2, 0.25, 0.3, 0.35, 0.4, 0.45, 0.5, 0.55, 0.6, 0.65, 0.7, 0.75, 0.8, 0.85, 0.9, 0.95, 1.0], "yvals": [6.4409679999999945, 6.4587140000000085, 6.499697999999995, 6.174608000000009, 6.0860539999999945, 6.308881999999994, 6.120028000000008, 6.2689279999999945, 6.309652000000009, 6.327555999999994, 6.292316000000001, 6.322514000000002, 6.3426559999999945, 6.184820000000001, 6.056744000000001, 6.066834000000001, 6.159099999999998, 6.4262640000000015, 6.290611999999999, 6.377821999999999, 6.416868, 6.404376, 6.270982000000002, 6.5928179999999985, 6.255980000000001, 6.174114000000002, 6.376302000000002, 6.168515999999995, 6.276158000000001, 6.307210000000001, 6.344689999999994, 6.273370000000009, 6.139769999999994, 6.232990000000009, 6.145967999999995, 6.1608999999999945, 6.378608000000009, 6.242933999999995, 6.597916000000009, 6.176647999999995]}