{"bins": [-1.0, -0.95, -0.9, -0.85, -0.8, -0.75, -0.7, -0.65, -0.6, -0.55, -0.5, -0.45, -0.4, -0.35, -0.3, -0.25, -0.2, -0.15, -0.1, -0.05, 0.0, 0.05, 0.1, 0.15, 0.2, 0.25, 0.3, 0.35, 0.4, 0.45, 0.5, 0.55, 0.6, 0.65, 0.7, 0.75, 0.8, 0.85, 0.9, 0.95, 1.0], "yvals": [-0.8374625999999993, -0.796782400000001, -0.7584089999999993, -0.6796836000000009, -0.6296845999999995, -0.6098989999999994, -0.5509060000000008, -0.5230309999999995, -0.48388940000000064, -0.4429681999999996, -0.39865740000000005, -0.35827840000000005, -0.31704999999999967, -0.26850580000000007, -0.22245620000000005, -0.18234850000000005, -0.14357809999999996, -0.10743352000000002, -0.06293904, -0.021037059999999996, 0.02162914, 0.06447278, 0.10467372000000003, 0.15374991999999996, 0.18739722000000003, 0.22655800000000006, 0.27646300000000007, 0.30850639999999974, 0.3557470000000001, 0.3997240000000001, 0.44421839999999957, 0.48074460000000063, 0.5117321999999995, 0.5607776000000008, 0.5944443999999994, 0.6368765999999993, 0.7018056000000009, 0.7282159999999993, 0.8138658000000011, 0.8025953999999993]}