{"bins": [0.0, 0.1570796, 0.3141593, 0.4712389, 0.6283185, 0.7853982, 0.9424778, 1.099557, 1.256637, 1.413717, 1.570796, 1.727876, 1.884956, 2.042035, 2.199115, 2.356194, 2.513274, 2.670354, 2.827433, 2.984513, 3.141593, 3.298672, 3.455752, 3.612832, 3.769911, 3.926991, 4.08407, 4.24115, 4.39823, 4.555309, 4.712389, 4.869469, 5.026548, 5.183628, 5.340708, 5.497787, 5.654867, 5.811946, 5.969026, 6.126106, 6.283185], "yvals": [0.10448033990409956, -0.1113075082267155, 0.06765932686357742, 0.19160291979353145, 0.14294660608595505, 0.10320837333428402, 0.10934229356910409, -0.6722173414820469, 0.03566281512605045, 0.017030844352204918, 0.1350516934046347, -0.007911140819964343, -0.13454675672750674, 0.16385949834479235, 0.6649055570763757, -0.023012261268143607, 0.2757266997708172, 0.19733802736202807, -0.039410039470333565, -0.26463687293099114, -0.5620617650990903, 0.04214745352686526, 0.2245164247517187, -0.2473198199632033, 0.08319716068245474, -0.00396124179552965, 0.11656117901706096, 0.14290979118920324, -0.46936815233099144, -0.6551527883880839, 0.35741501145912985, -0.013408074917716528, -0.23992959001782585, -0.30269728800611045, 0.1017598151248738, -0.08151496052966613, 0.028941067870307386, -0.11235402342755244, 0.0018405118411000804, -0.11857122849012317]}