{"bins": [-1.0, -0.95, -0.9, -0.85, -0.8, -0.75, -0.7, -0.65, -0.6, -0.55, -0.5, -0.45, -0.4, -0.35, -0.3, -0.25, -0.2, -0.15, -0.1, -0.05, 0.0, 0.05, 0.1, 0.15, 0.2, 0.25, 0.3, 0.35, 0.4, 0.45, 0.5, 0.55, 0.6, 0.65, 0.7, 0.75, 0.8, 0.85, 0.9, 0.95, 1.0], "yvals": [-64.71845999999995, -54.93072000000007, -45.73789999999996, -34.98466000000005, -26.616919999999975, -19.74499799999998, -12.194138000000017, -5.938767999999994, 0.25656160000000033, 5.934413999999995, 11.009146000000003, 15.706774000000003, 19.892293999999982, 22.872360000000004, 25.367960000000004, 27.884700000000002, 30.33753999999999, 33.205360000000006, 33.53798, 34.52332, 34.731559999999995, 34.13722, 32.40826000000001, 32.47121999999999, 28.789460000000005, 25.874600000000008, 23.60892000000001, 19.33176999999998, 15.582042000000003, 11.020578000000004, 5.944889999999996, 0.3060622000000004, -5.736701999999995, -12.370758000000016, -19.287865999999983, -26.839959999999977, -36.07390000000005, -43.88127999999996, -56.09328000000007, -61.94483999999995]}