{"bins": [0.0, 0.1570796, 0.3141593, 0.4712389, 0.6283185, 0.7853982, 0.9424778, 1.099557, 1.256637, 1.413717, 1.570796, 1.727876, 1.884956, 2.042035, 2.199115, 2.356194, 2.513274, 2.670354, 2.827433, 2.984513, 3.141593, 3.298672, 3.455752, 3.612832, 3.769911, 3.926991, 4.08407, 4.24115, 4.39823, 4.555309, 4.712389, 4.869469, 5.026548, 5.183628, 5.340708, 5.497787, 5.654867, 5.811946, 5.969026, 6.126106, 6.283185], "yvals": [0.0007497351661195979, 0.0019411782681021167, -0.0013683177191691342, 0.0008009684261992009, 0.0015991302504397445, 0.0010246499227143438, -0.00015229540257398827, -0.00017997249809014503, 0.0001734661319073085, -8.979538958103872e-05, 1.7879099821746893e-05, -0.00031722943722943704, 6.314301720790185e-05, 0.0009660746116628463, -0.0004356563894600807, 0.0006189654952890243, 0.0006295877896613187, -0.0006088465039884391, -0.00185175579322638, -0.0012920664629488187, 0.0013513601436219993, 0.0018910516934046333, -0.0006297867328749678, -1.9128177541237216e-05, -8.607079195314483e-06, -0.0006676640416605678, -0.0007928526865291544, -9.858097784568394e-06, -0.00014729862043939636, 0.0001182079195314492, 5.891337535014019e-05, -0.00017607802443356482, -0.00025632060096766033, 0.0002460105678635082, 0.0004031857218342375, 0.0012929812834224553, -0.0018174288097072228, 0.0017792615227909282, -0.002082861599185133, -0.003192725316560466]}