{"bins": [0.0, 0.1570796, 0.3141593, 0.4712389, 0.6283185, 0.7853982, 0.9424778, 1.099557, 1.256637, 1.413717, 1.570796, 1.727876, 1.884956, 2.042035, 2.199115, 2.356194, 2.513274, 2.670354, 2.827433, 2.984513, 3.141593, 3.298672, 3.455752, 3.612832, 3.769911, 3.926991, 4.08407, 4.24115, 4.39823, 4.555309, 4.712389, 4.869469, 5.026548, 5.183628, 5.340708, 5.497787, 5.654867, 5.811946, 5.969026, 6.126106, 6.283185], "yvals": [20.284575463650274, 20.296760179704957, 20.712148490319553, 20.207448962182234, 20.404546227170023, 20.51264454454939, 20.112287304748197, 21.229004329004315, 20.92832314744081, 21.053788221213505, 20.20152788388084, 20.067035905271187, 20.56773343349528, 20.355118411000753, 19.529001330540687, 21.029857397504443, 19.88622994652405, 19.699087720191756, 20.41631016042779, 21.623465749936386, 20.71225307011122, 20.69853577794753, 20.375343773873173, 21.175892385360235, 19.88071046600457, 20.729257252720032, 20.521320346320273, 20.279233511586494, 21.1401906047275, 20.919200407435746, 20.11902852049915, 20.33907142265988, 21.338152533740814, 20.914845938375276, 20.44933441134722, 20.103692386045257, 20.663564193813365, 20.750101858925316, 21.29845938375355, 19.97883867353376]}