{"bins": [-1.0, -0.95, -0.9, -0.85, -0.8, -0.75, -0.7, -0.65, -0.6, -0.55, -0.5, -0.45, -0.4, -0.35, -0.3, -0.25, -0.2, -0.15, -0.1, -0.05, 0.0, 0.05, 0.1, 0.15, 0.2, 0.25, 0.3, 0.35, 0.4, 0.45, 0.5, 0.55, 0.6, 0.65, 0.7, 0.75, 0.8, 0.85, 0.9, 0.95, 1.0], "yvals": [0.0006343493999999995, -0.002394396000000003, 0.004153477999999996, 0.009238892000000012, -0.0015562149999999986, -0.00012959999999999987, -0.002914884000000004, -0.002870539999999998, -0.003025400000000004, -0.0072016399999999935, 0.010039140000000004, 8.657434000000003e-05, -0.00039201019999999967, -0.0011502958000000002, 0.017734666000000003, 0.0020626880000000005, -0.011860985999999995, 0.007995046000000002, 0.000624025, -0.0013145274, 0.03391676, -0.004042924, -0.008046682000000001, -0.02543647999999999, -0.008430540000000002, 0.014431288000000002, -0.0014776266000000003, -0.006821681999999994, -0.006353244000000001, 0.011465448000000003, 0.009237281999999992, -0.017048988000000025, -0.015868023999999984, 0.0014407518000000019, 0.005733543999999995, 0.003509991999999997, -0.006210864000000009, 0.0007883917999999992, -0.0031872320000000042, 0.0007478963999999993]}