{"bins": [-1.0, -0.95, -0.9, -0.85, -0.8, -0.75, -0.7, -0.65, -0.6, -0.55, -0.5, -0.45, -0.4, -0.35, -0.3, -0.25, -0.2, -0.15, -0.1, -0.05, 0.0, 0.05, 0.1, 0.15, 0.2, 0.25, 0.3, 0.35, 0.4, 0.45, 0.5, 0.55, 0.6, 0.65, 0.7, 0.75, 0.8, 0.85, 0.9, 0.95, 1.0], "yvals": [-0.0021912079999999983, -0.001614353200000002, 0.0020072259999999982, -5.710990000000008e-06, -0.0012708743999999988, -0.006570069999999995, 0.004631650000000006, -0.005903803999999994, -0.002857420000000004, -0.0018742291999999984, -0.0011794996000000003, -0.0015290912000000003, -0.0008558333999999991, 0.0006275602000000001, 0.004169104000000001, 0.003310454000000001, 0.0009122973999999997, 0.003751342000000001, -0.0016085894, 0.0005318952, 0.0018358474, 0.0011781641999999998, 0.0022353960000000006, 0.0022974699999999994, 0.008908922000000001, 0.0002943756000000001, -0.0036520860000000006, 0.003708477999999997, -0.0006757622000000002, -0.0016841532000000002, -0.0010425821999999992, -0.0003080928000000004, 0.00016483311999999987, -0.004629334000000006, -0.008690497999999993, 0.002402331999999998, 0.0004293414000000006, -0.003641673999999997, -0.0006871104000000009, -0.001081853799999999]}