{"bins": [0.0, 0.1570796, 0.3141593, 0.4712389, 0.6283185, 0.7853982, 0.9424778, 1.099557, 1.256637, 1.413717, 1.570796, 1.727876, 1.884956, 2.042035, 2.199115, 2.356194, 2.513274, 2.670354, 2.827433, 2.984513, 3.141593, 3.298672, 3.455752, 3.612832, 3.769911, 3.926991, 4.08407, 4.24115, 4.39823, 4.555309, 4.712389, 4.869469, 5.026548, 5.183628, 5.340708, 5.497787, 5.654867, 5.811946, 5.969026, 6.126106, 6.283185], "yvals": [1.868566637551916, 1.6643538280248822, 1.3625951428447738, 0.8628606133450812, 0.2986411993402075, -0.29704748420546023, -0.8488539539289741, -1.3252540106951862, -1.7344429590017836, -1.926987057467896, -1.8644786096256696, -1.6532200152788379, -1.3329770370323235, -0.8640431627196328, -0.29655746471520705, 0.30784549274255135, 0.8497943722943718, 1.311204553122951, 1.6784511077158126, 1.943121339444873, 1.8215324772884984, 1.7147587216704852, 1.3538241660300474, 0.8729518267877949, 0.2888589890501653, -0.3036009905843565, -0.8745206264323881, -1.338426279602753, -1.6881263568013503, -1.82804812834225, -1.8856620830150284, -1.677620815003911, -1.3753475935828907, -0.8611102622867298, -0.2967035058792082, 0.28806773618538223, 0.8694465842028559, 1.3500617519735119, 1.7565819964349414, 1.8108983377790848]}