{"bins": [-1.0, -0.95, -0.9, -0.85, -0.8, -0.75, -0.7, -0.65, -0.6, -0.55, -0.5, -0.45, -0.4, -0.35, -0.3, -0.25, -0.2, -0.15, -0.1, -0.05, 0.0, 0.05, 0.1, 0.15, 0.2, 0.25, 0.3, 0.35, 0.4, 0.45, 0.5, 0.55, 0.6, 0.65, 0.7, 0.75, 0.8, 0.85, 0.9, 0.95, 1.0], "yvals": [-0.008259093999999993, 0.005703114000000008, 0.0020109179999999983, 0.02341378000000003, -0.040866079999999964, -0.041376099999999964, 0.09515388000000012, -0.02251389999999998, 0.12446812000000017, 0.09394405999999991, -0.19334152000000004, -0.08622932000000001, 0.0002125923999999998, -0.11776274000000002, 0.09891028000000002, 0.16145768000000005, -0.12069089999999995, -0.019729090000000005, 0.2018062, 0.16495669999999998, 0.11893086, -0.08414705999999998, -0.05201130000000001, -0.2753159999999999, 0.05933228000000001, -0.13548086000000004, 0.17706684000000003, -0.053374979999999954, 0.07852048000000002, -0.06049462000000001, -0.012408773999999989, -0.00811568400000001, -0.08712493999999991, -0.033220360000000046, 0.006119355999999994, 0.025996859999999976, -0.057476320000000074, 0.06914405999999994, 0.0009454008000000014, 0.006197645999999994]}