{"bins": [-1.0, -0.95, -0.9, -0.85, -0.8, -0.75, -0.7, -0.65, -0.6, -0.55, -0.5, -0.45, -0.4, -0.35, -0.3, -0.25, -0.2, -0.15, -0.1, -0.05, 0.0, 0.05, 0.1, 0.15, 0.2, 0.25, 0.3, 0.35, 0.4, 0.45, 0.5, 0.55, 0.6, 0.65, 0.7, 0.75, 0.8, 0.85, 0.9, 0.95, 1.0], "yvals": [96.66941999999992, 92.22520000000011, 88.30061999999992, 79.88282000000011, 75.01923999999993, 74.05721999999993, 68.55074000000009, 67.12169999999995, 64.61122000000009, 62.11121999999994, 59.35106000000002, 57.440480000000015, 55.66881999999995, 52.640980000000006, 50.14744000000002, 49.061400000000006, 48.84863999999999, 50.234040000000014, 48.68514, 49.11412, 49.41627999999999, 49.569039999999994, 49.01772000000001, 52.28975999999999, 50.57428000000001, 51.11212000000001, 54.25730000000001, 54.14719999999995, 57.02386000000001, 59.498460000000016, 62.282059999999944, 64.2156000000001, 65.70111999999995, 69.7931200000001, 72.16977999999993, 75.89251999999993, 82.4905600000001, 84.78885999999991, 94.20282000000013, 92.64669999999992]}