{"bins": [0.0, 0.1570796, 0.3141593, 0.4712389, 0.6283185, 0.7853982, 0.9424778, 1.099557, 1.256637, 1.413717, 1.570796, 1.727876, 1.884956, 2.042035, 2.199115, 2.356194, 2.513274, 2.670354, 2.827433, 2.984513, 3.141593, 3.298672, 3.455752, 3.612832, 3.769911, 3.926991, 4.08407, 4.24115, 4.39823, 4.555309, 4.712389, 4.869469, 5.026548, 5.183628, 5.340708, 5.497787, 5.654867, 5.811946, 5.969026, 6.126106, 6.283185], "yvals": [0.006930887269893735, 0.020514675034393373, 0.034816023213708205, 0.04665894234515494, 0.058370865235927986, 0.06858331699342245, 0.07541972457206308, 0.08277158135981659, 0.089204800101859, 0.09203107990246934, 0.0886793353705119, 0.08522657244716063, 0.08263077814348208, 0.07657645785586957, 0.06740500003183114, 0.05955819327731088, 0.04613133435192256, 0.0332616645127611, 0.02084833842627959, 0.007283116883116898, -0.006812794835719608, -0.021081741787624127, -0.03453563789152022, -0.04782595381941571, -0.05670347593582884, -0.06899108092106541, -0.07715686274509777, -0.08265794499618047, -0.08786636023911512, -0.08809428316781277, -0.08960956200662103, -0.08654460494400884, -0.0854528265851797, -0.07677501909854824, -0.06838246996734147, -0.056990813598166344, -0.047418572820046107, -0.03449566462948803, -0.02181659027247267, -0.006923656249403187]}